UF;CIDADE;UNIDADE;POLO;TIPO_FRETE;RESTRITA;COLETA;ENTREGA;PRAZO_ENTREGA;PRAZO_ECOMMERCE;QTDE_PEDAGIO;DISTANCIA;TDA;VALOR_SUFRAMA;COLETA_ENTREGA;PRACA_COMERCIAL;OBSERVACAO;ENTREGA_SEG;ENTREGA_TER;ENTREGA_QUA;ENTREGA_QUI;ENTREGA_SEX;ENTREGA_SAB;FERIADO_1_DATA;FERIADO_1_COMEMORA;FERIADO_2_DATA;FERIADO_2_COMEMORA;FERIADO_3_DATA;FERIADO_3_COMEMORA;FERIADO_4_DATA;FERIADO_4_COMEMORA;FERIADO_5_DATA;FERIADO_5_COMEMORA;FERIADO_6_DATA;FERIADO_6_COMEMORA;FERIADO_7_DATA;FERIADO_7_COMEMORA;FERIADO_8_DATA;FERIADO_8_COMEMORA;FERIADO_9_DATA;FERIADO_9_COMEMORA;FERIADO_10_DATA;FERIADO_10_COMEMORA;ALIQUOTA_ISS;TIPO_ALIQUOTA
MG;ABADIA DOS DOURADOS;TRU;I;A;N;N;S;4;4;0;139;0;0;0;PANI;;X;X;X;X;X; ;15/08;FERIADO MUNICIPAL;27/12;FERIADO MUNICIPAL;01/07;FERIADO MUNICIPAL;00/00;;00/00;;00/00;;00/00;;00/00;;00/00;;00/00;;5;N
MG;ABAETE;STJ;P;A;N;S;S;3;3;0;157;0;0;0;RWNI;EXCLUSAO DE TDA , TROCA DE PARCEIRO LEMA P SERTANEJA ;X;X;X;X;X; ;13/06;FESTA DE STO ANT DE TABOCAS;05/11;ANIVERSARIO DA CIDADE;00/00;;00/00;;00/00;;00/00;;00/00;;00/00;;00/00;;00/00;;5;N
MG;ABRE CAMPO;GVR;I;A;N;N;S;7;7;0;317;0;0;0;TAMI;;X;X;X;X;X; ;26/07;DIA DE SANTANA;27/07;ANIVERSARIO DA CIDADE;00/00;;00/00;;00/00;;00/00;;00/00;;00/00;;00/00;;00/00;;5;N
MG;ACAIACA;ROP;I;A;N;N;S;3;3;0;251;130;0;0;TAMI;;X;X;X;X;X; ;01/03;FERIADO MUNICIPAL;00/00;;00/00;;00/00;;00/00;;00/00;;00/00;;00/00;;00/00;;00/00;;5;N
MG;ACUCENA;GVR;I;A;N;N;S;8;13;0;290;0;0;0;GRFI;EXCLUSAO DE TDA TROCA DE PARCEIRO GRIFE PARA GUERRAS;X;X;X;X;X; ;15/09;DIA DE N SRA DA PIEDADE;00/00;;00/00;;00/00;;00/00;;00/00;;00/00;;00/00;;00/00;;00/00;;5;N
MG;AGUA BOA;SSO;P;A;N;S;S;2;2;0;885;325;0;0;PANI;;X;X;X;X;X; ;26/07;FERIADO MUNICIPAL;12/12;FERIADO MUNICIPAL;00/00;;00/00;;00/00;;00/00;;00/00;;00/00;;00/00;;00/00;;5;N
MG;AGUA COMPRIDA;TRU;R;A;N;N;S;4;4;0;148;0;0;0;PANI;;X;X;X;X;X; ;20/01;FERIADO MUNICIPAL;31/01;FERIADO MUNICIPAL;15/08;FERIADO MUNICIPAL;00/00;;00/00;;00/00;;00/00;;00/00;;00/00;;00/00;;5;N
MG;AGUANIL;DCC;I;A;N;S;S;3;3;0;157;104;0;0;RWNI;;X;X;X;X;X; ;00/00;;00/00;;00/00;;00/00;;00/00;;00/00;;00/00;;00/00;;00/00;;00/00;;5;N
MG;AGUAS FORMOSAS;GRF;I;A;N;N;S;7;7;0;608;80;0;0;GRFI;;X;X;X;X;X; ;24/06;DIA DE SAO JOAO BATISTA;15/07;DIA DO PADROEIRO;17/12;ANIVERSARIO DA CIDADE;00/00;;00/00;;00/00;;00/00;;00/00;;00/00;;00/00;;5;N
MG;AGUAS VERMELHAS;GRF;I;A;N;N;S;8;8;0;765;250;0;0;GRFI;;X;X;X;X;X; ;20/01;FERIADO MUNICIPAL;01/03;FERIADO MUNICIPAL;24/06;FERIADO MUNICIPAL;00/00;;00/00;;00/00;;00/00;;00/00;;00/00;;00/00;;5;N
MG;AIMORES;GRF;I;A;N;S;S;6;6;0;601;0;0;0;RWNI;;X;X;X;X;X; ;16/07;DIA DE NOSSA SENHORA DO CARMO;18/09;ANIVERSARIO DA CIDADE;31/10;DIA EVANGELICO;00/00;;00/00;;00/00;;00/00;;00/00;;00/00;;00/00;;5;N
MG;AIURUOCA;TAM;I;A;N;N;S;7;7;0;180;0;0;0;TAMI;;X;X;X;X;X; ;14/08;DIA DA EMANCIPACAO POLITICA;08/12;DIA DA PADROEIRA;00/00;;00/00;;00/00;;00/00;;00/00;;00/00;;00/00;;00/00;;5;N
MG;ALAGOA;DCC;I;A;N;N;S;5;5;0;208;104;0;0;TAMI;;X;X;X;X;X; ;14/06;FERIADO MUNICIPAL;15/09;FERIADO MUNICIPAL;07/10;FERIADO MUNICIPAL;28/12;FERIADO EM ALAGOA;00/00;;00/00;;00/00;;00/00;;00/00;;00/00;;5;N
MG;ALBERTINA;DCC;I;C;N;S;S;3;3;0;96;104;0;0;ALTR;; ; ; ; ;X; ;00/00;;00/00;;00/00;;00/00;;00/00;;00/00;;00/00;;00/00;;00/00;;00/00;;5;N
MG;ALEM PARAIBA;TAM;R;A;N;S;S;5;5;0;135;0;0;0;TAMR;;X;X;X;X;X; ;19/03;DIA DE SAO JOSE;28/09;DIA DA EMANCIPACAO POLITICA;20/11;CONSCIENCIA NEGRA;00/00;;00/00;;00/00;;00/00;;00/00;;00/00;;00/00;;5;N
MG;ALFENAS;DCC;I;A;N;S;S;3;3;0;116;0;0;0;ALTR;; ;X; ; ;X; ;19/03;FERIADO MUNICIPAL;15/10;ANIVERSARIO DA CIDADE;00/00;;00/00;;00/00;;00/00;;00/00;;00/00;;00/00;;00/00;;5;N
MG;ALFREDO VASCONCELOS;TAM;I;A;N;N;S;5;5;0;100;0;0;0;TAMI;;X;X;X;X;X; ;00/00;;00/00;;00/00;;00/00;;00/00;;00/00;;00/00;;00/00;;00/00;;00/00;;5;N
MG;ALMENARA;GRF;I;A;N;S;S;6;6;0;773;0;0;0;GRFI;;X;X;X;X;X; ;24/06;DIA DO PADROEIRO;13/01;FERIADO MUNICIPAL;00/00;;00/00;;00/00;;00/00;;00/00;;00/00;;00/00;;00/00;;5;N
MG;ALPERCATA;GRF;I;A;N;N;S;6;6;0;177;0;0;0;LTOI;;X;X;X;X;X; ;00/00;;00/00;;00/00;;00/00;;00/00;;00/00;;00/00;;00/00;;00/00;;00/00;;5;N
MG;ALPINOPOLIS;DCC;I;A;N;N;S;2;2;0;228;0;0;0;RWNI;;X;X;X;X;X; ;20/01;CULTO AO PADROEIRO DA CIDADE;17/12;ANIVERSARIO DE ALPINOOLIS;28/12;DIA DE SAO BENEDITO;00/00;;00/00;;00/00;;00/00;;00/00;;00/00;;00/00;;5;N
MG;ALTEROSA;DCC;I;A;N;S;S;2;2;0;437;0;0;0;REDI;;X;X;X;X;X; ;26/07;FERIADO MUNICIPAL;17/12;FERIADO EM ALTEROSA;00/00;;00/00;;00/00;;00/00;;00/00;;00/00;;00/00;;00/00;;5;N
MG;ALTO CAPARAO;GRF;I;A;N;N;S;10;10;0;43;100;0;0;LTOP;;X;X;X;X;X; ;21/12;FERIADO MUNICIPAL;00/00;;00/00;;00/00;;00/00;;00/00;;00/00;;00/00;;00/00;;00/00;;5;N
MG;ALTO JEQUITIBA;GVR;I;A;N;N;S;7;7;0;28;0;0;0;LTOI;;X;X;X;X;X; ;21/10;FERIADO MUNICIPAL;08/12;FERIADO MUNICIPAL;00/00;;00/00;;00/00;;00/00;;00/00;;00/00;;00/00;;00/00;;5;N
MG;ALTO RIO DOCE;TAM;I;A;N;N;S;7;7;0;146;0;0;0;TAMI;;X;X;X;X;X; ;19/03;DIA DO PADROEIRO;30/08;EMANCIPACAO DE ALTO RIO DOCE;08/12;DIA N S CONCEICAO;00/00;;00/00;;00/00;;00/00;;00/00;;00/00;;00/00;;5;N
MG;ALVARENGA;GRF;I;A;N;N;S;6;6;0;357;200;0;0;GRFI;;X;X;X;X;X; ;00/00;;00/00;;00/00;;00/00;;00/00;;00/00;;00/00;;00/00;;00/00;;00/00;;5;N
MG;ALVINOPOLIS;ROP;I;A;N;N;S;5;5;0;696;260;0;0;PANI;;X;X;X;X;X; ;05/02;DIA DO MUNICIPIO;07/10;DIA DA PADROEIRA;00/00;;00/00;;00/00;;00/00;;00/00;;00/00;;00/00;;00/00;;5;N
MG;ALVORADA DE MINAS;TCW;R;A;N;N;S;7;7;0;184;0;0;0;TCWI;;X;X;X;X;X; ;00/00;;00/00;;00/00;;00/00;;00/00;;00/00;;00/00;;00/00;;00/00;;00/00;;5;N
MG;AMPARO DA SERRA;ROP;I;A;N;N;S;5;5;0;219;195;0;0;TAMI;;X;X;X;X;X; ;00/00;;00/00;;00/00;;00/00;;00/00;;00/00;;00/00;;00/00;;00/00;;00/00;;5;N
MG;ANDRADAS;DCC;I;A;N;S;S;3;3;0;100;0;0;0;ALTR;; ;X; ; ;X; ;20/01;DIA DE SAO SEBASTIAO;22/02;ANIVERSARIO DA CIDADE;00/00;;00/00;;00/00;;00/00;;00/00;;00/00;;00/00;;00/00;;5;N
MG;ANDRELANDIA;DCC;I;A;N;N;S;5;5;0;148;104;0;0;TAMI;;X;X;X;X;X; ;20/07;ANIVERSARIO DA CIDADE;15/08;DIA DO PADROEIRO;00/00;;00/00;;00/00;;00/00;;00/00;;00/00;;00/00;;00/00;;5;N
MG;ANGELANDIA;GRF;P;A;N;N;S;8;8;0;34;0;0;0;SSOI;;X;X;X;X;X; ;00/00;;00/00;;00/00;;00/00;;00/00;;00/00;;00/00;;00/00;;00/00;;00/00;;5;N
MG;ANTONIO CARLOS;TAM;R;A;N;N;S;7;7;0;108;0;0;0;TAMR;;X;X;X;X;X; ;17/03;FERIADO MUNICIPAL;26/07;FERIADO MUNICIPAL;27/12;FERIADO MUNICIPAL;00/00;;00/00;;00/00;;00/00;;00/00;;00/00;;00/00;;5;N
MG;ANTONIO DIAS;GVR;I;A;N;N;S;5;5;0;703;0;0;0;GRFI;TROCA DE PARCEIRO GRIFE PARA GUERRAS;X;X;X;X;X; ;01/06;FERIADO MUNICIPAL;08/09;FERIADO MUNICIPAL;08/12;FERIADO MUNICIPAL;00/00;;00/00;;00/00;;00/00;;00/00;;00/00;;00/00;;5;N
MG;ANTONIO PRADO DE MINAS;TAM;I;A;N;N;S;5;5;0;198;0;0;0;TAMI;;X;X;X;X;X; ;00/00;;00/00;;00/00;;00/00;;00/00;;00/00;;00/00;;00/00;;00/00;;00/00;;5;N
MG;ARACAI;SET;I;A;N;S;S;3;3;0;55;0;0;0;SETI;;X;X;X;X;X; ;20/01;FERIADO MUNICIPAL;01/03;FERIADO MUNICIPAL;08/12;NOSSA SENHORA DA CONCEICAO;00/00;;00/00;;00/00;;00/00;;00/00;;00/00;;00/00;;5;N
MG;ARACITABA;TAM;R;A;N;N;S;5;5;0;86;0;0;0;TAMR;;X;X;X;X;X; ;00/00;;00/00;;00/00;;00/00;;00/00;;00/00;;00/00;;00/00;;00/00;;00/00;;5;N
MG;ARACUAI;GRF;I;A;N;N;S;6;6;0;585;0;0;0;GRFI;;X;X;X;X;X; ;13/06;DIA DO PADROEIRO;21/09;FERIADO MUNICIPAL;00/00;;00/00;;00/00;;00/00;;00/00;;00/00;;00/00;;00/00;;5;N
MG;ARAGUARI;TRU;P;A;N;S;S;3;3;0;37;0;0;0;PANI;;X;X;X;X;X; ;06/08;DIA DO PADROEIRO;15/08;DIA NOSSA SENHORA ABADIA;28/08;ANIVERSARIO DA CIDADE;00/00;;00/00;;00/00;;00/00;;00/00;;00/00;;00/00;;5;N
MG;ARANTINA;DCC;R;A;N;N;S;5;5;0;122;104;0;0;TAMI;;X;X;X;X;X; ;00/00;;00/00;;00/00;;00/00;;00/00;;00/00;;00/00;;00/00;;00/00;;00/00;;5;N
MG;ARAPONGA;TAM;I;A;N;S;S;7;7;0;210;0;0;0;TAMI;;X;X;X;X;X; ;29/09;FERIADO MUNICIPAL;00/00;;00/00;;00/00;;00/00;;00/00;;00/00;;00/00;;00/00;;00/00;;5;N
MG;ARAPORA;TRU;R;A;N;N;S;4;4;0;126;0;0;0;PANI;;X;X;X;X;X; ;27/04;FERIADO EM ARAPORA;17/09;FERIADO MUNICIPAL;00/00;;00/00;;00/00;;00/00;;00/00;;00/00;;00/00;;00/00;;5;N
MG;ARAPUA;TRU;I;A;N;N;S;6;6;0;287;0;0;0;PANI;;X;X;X;X;X; ;01/03;FERIADO MUNICIPAL;15/08;FERIADO MUNICIPAL;24/06;FERIADO MUNICIPAL;00/00;;00/00;;00/00;;00/00;;00/00;;00/00;;00/00;;5;N
MG;ARAUJOS;DDB;P;A;N;S;S;3;43;0;56;0;0;0;RWNI;;X;X;X;X;X; ;20/01;FERIADO EM ARAUJOS;08/12;FERIADO MUNICIPAL;00/00;;00/00;;00/00;;00/00;;00/00;;00/00;;00/00;;00/00;;5;N
MG;ARAXA;TRU;R;A;N;N;S;5;5;0;177;0;0;0;TRUI;;X;X;X;X;X; ;08/08;DIA DE SAO DOMINGOS;15/08;FESTA DE NOSSA SRA DA ABADIA;19/12;FERIADO MUNICIPAL;00/00;;00/00;;00/00;;00/00;;00/00;;00/00;;00/00;;5;N
MG;ARCEBURGO;DCC;R;A;N;S;S;2;2;0;523;0;0;0;REDI;;X;X;X;X;X; ;06/01;MUNICIPAL;24/06;FERIADO EM ARCEBURGO;00/00;;00/00;;00/00;;00/00;;00/00;;00/00;;00/00;;00/00;;5;N
MG;ARCOS;RWN;P;A;N;S;S;3;3;0;99;0;0;0;RWNI;;X;X;X;X;X; ;16/07;DIA DE NOSSA SENHORA DO CARMO;15/08;FERIADO MUNICIPAL;00/00;;00/00;;00/00;;00/00;;00/00;;00/00;;00/00;;00/00;;5;N
MG;AREADO;DCC;I;A;N;S;S;2;2;0;424;0;0;0;REDI;;X;X;X;X;X; ;20/01;DIA DO PADROEIRO;10/09;ANIVERSARIO DA CIDADE;00/00;;00/00;;00/00;;00/00;;00/00;;00/00;;00/00;;00/00;;5;N
MG;ARGIRITA;TAM;R;A;N;N;S;4;4;0;71;0;0;0;TAMR;;X;X;X;X;X; ;14/09;FERIADO MUNICIPAL;00/00;;00/00;;00/00;;00/00;;00/00;;00/00;;00/00;;00/00;;00/00;;5;N
MG;ARICANDUVA;GRF;I;A;N;N;S;13;13;0;36;0;0;0;REDI;;X;X;X;X;X; ;00/00;;00/00;;00/00;;00/00;;00/00;;00/00;;00/00;;00/00;;00/00;;00/00;;5;N
MG;ARINOS;STJ;P;A;N;N;S;4;4;0;584;0;0;0;PANI;EXCLUSAO DE TDA , TROCA DE PARCEIRO TRANSCAJURU P SERTANEJA;X;X;X;X;X; ;01/03;ANIVERSARIO DA CIDADE;14/05;DIA DO EVANGELICO;08/12;DIA N SRA DA CONCEICAO;00/00;;00/00;;00/00;;00/00;;00/00;;00/00;;00/00;;5;N
MG;ASTOLFO DUTRA;TAM;R;A;N;N;S;4;4;0;111;0;0;0;TAMR;;X;X;X;X;X; ;13/06;DIA DE SANTO ANTONIO;08/12;FERIADO MUNICIPAL ;00/00;;00/00;;00/00;;00/00;;00/00;;00/00;;00/00;;00/00;;5;N
MG;ATALEIA;GRF;I;A;N;N;S;7;7;0;548;0;0;0;GRFI;;X;X;X;X;X; ;24/06;FERIADO MUNICIPAL;06/08;FERIADO MUNICIPAL;31/12;FERIADO MUNICIPAL;00/00;;00/00;;00/00;;00/00;;00/00;;00/00;;00/00;;5;N
MG;AUGUSTO DE LIMA;VEA;I;A;N;N;S;8;8;0;791;0;0;0;RECI;;X;X;X;X;X; ;01/03;FERIADO MUNICIPAL;08/12;FERIADO MUNICIPAL;00/00;;00/00;;00/00;;00/00;;00/00;;00/00;;00/00;;00/00;;5;N
MG;BAEPENDI;DCC;R;A;N;S;S;3;3;0;141;0;0;0;ALTR;; ;X; ; ;X; ;02/05;DIA DA EMANCIPACAO POLITICA;14/06;MORTE DE NHA CHICA;08/09;DIA DA PADROEIRA;08/12;MUNICIPAL;00/00;;00/00;;00/00;;00/00;;00/00;;00/00;;5;N
MG;BALDIM;SET;I;A;N;S;S;2;2;0;44;0;0;0;SETP;;X;X;X;X;X; ;00/00;;00/00;;00/00;;00/00;;00/00;;00/00;;00/00;;00/00;;00/00;;00/00;;5;N
MG;BAMBUI;RWN;P;A;N;S;S;4;4;0;159;0;0;0;RWNI;;X;X;X;X;X; ;10/07;ANIVERSARIO DA CIDADE;26/07;NOSSA SENHORA DE SAN TANA;08/12;DIA IMACULADA CONCEICAO;00/00;;00/00;;00/00;;00/00;;00/00;;00/00;;00/00;;5;N
MG;BANDEIRA;GRF;I;A;N;N;S;7;7;0;828;0;0;0;GRFI;;X;X;X;X;X; ;00/00;;00/00;;00/00;;00/00;;00/00;;00/00;;00/00;;00/00;;00/00;;00/00;;5;N
MG;BANDEIRA DO SUL;DCC;I;A;N;S;S;3;3;0;115;104;0;0;ALTR;; ; ; ; ;X; ;00/00;;00/00;;00/00;;00/00;;00/00;;00/00;;00/00;;00/00;;00/00;;00/00;;5;N
MG;BARAO DE COCAIS;ROP;I;A;N;S;S;3;3;0;52;0;0;0;ROPI;;X;X;X;X;X; ;24/06;DIA DA CIDADE - S J BATISTA;08/12;DIA N SRA CONCEICAO;00/00;;00/00;;00/00;;00/00;;00/00;;00/00;;00/00;;00/00;;5;N
MG;BARAO DE MONTE ALTO;TAM;I;A;N;N;S;7;7;0;162;0;0;0;TAMI;;X;X;X;X;X; ;08/12;FERIADO MUNICIPAL;00/00;;00/00;;00/00;;00/00;;00/00;;00/00;;00/00;;00/00;;00/00;;5;N
MG;BARBACENA;TAM;R;A;N;S;S;4;4;0;95;0;0;0;TAMR;;X;X;X;X;X; ;14/08;ANIVERSARIO DA CIDADE;15/09;DIA DA PADROEIRA DO MUNICIPIO;08/12;DIA N S CONCEICAO;00/00;;00/00;;00/00;;00/00;;00/00;;00/00;;00/00;;5;N
MG;BARRA LONGA;ROP;I;A;N;N;S;5;5;0;245;195;0;0;TAMI;;X;X;X;X;X; ;19/03;FERIADO MUNICIPAL;00/00;;00/00;;00/00;;00/00;;00/00;;00/00;;00/00;;00/00;;00/00;;5;N
MG;BARROSO;TAM;R;A;N;N;S;4;4;0;123;0;0;0;TAMR;;X;X;X;X;X; ;26/07;DIA DA PADROEIRA DA CIDADE;08/12;DIA N S CONCEICAO;00/00;;00/00;;00/00;;00/00;;00/00;;00/00;;00/00;;00/00;;5;N
MG;BELA VISTA DE MINAS;GVR;P;A;N;N;S;3;3;0;50;0;0;0;STFI;;X;X;X;X;X; ;20/01;FERIADO MUNICIPAL;29/04;FERIADO MUNICIPAL;31/10;FERIADO MUNICIPAL;08/12;FERIADO MUNICIPAL;00/00;;00/00;;00/00;;00/00;;00/00;;00/00;;5;N
MG;BELMIRO BRAGA;TAM;R;A;N;N;S;7;7;0;37;0;0;0;TAMR;;X;X;X;X;X; ;00/00;;00/00;;00/00;;00/00;;00/00;;00/00;;00/00;;00/00;;00/00;;00/00;;5;N
MG;BELO HORIZONTE;BHZ;P;A;N;S;S;1;1;0;19;0;0;0;BHZP;;X;X;X;X;X; ;15/08;ASSUNCAO DE NOSSA SENHORA;08/12;ANIVERSARIO DO MUNICIPIO;00/00;;00/00;;00/00;;00/00;;00/00;;00/00;;00/00;;00/00;;5;N
MG;BELO ORIENTE;GVR;P;A;N;S;S;4;4;0;254;0;0;0;RWNI;;X;X;X;X;X; ;01/03;FERIADO MUNICIPAL;15/09;FERIADO MUNICIPAL;00/00;;00/00;;00/00;;00/00;;00/00;;00/00;;00/00;;00/00;;5;N
MG;BELO VALE;ROP;I;A;N;S;S;4;4;0;81;130;0;0;ROPI;;X;X;X;X;X; ;20/01;DIA S.SEBAST E S.GONCALO;26/07;DIA NOSSA SENHORA DE SANTANA;20/10;FERIADO MUNICIPAL;08/12;DIA N SRA DA CONCEICAO;17/12;ANIVERSARIO DA CIDADE;00/00;;00/00;;00/00;;00/00;;00/00;;5;N
MG;BERILO;GRF;P;A;N;S;S;10;10;0;112;104;0;0;SSOI;;X;X;X;X;X; ;01/03;FERIADO MUNICIPAL;31/05;FERIADO MUNICIPAL;20/11;FERIADO MUNICIPAL;08/12;FERIADO MUNICIPAL;00/00;;00/00;;00/00;;00/00;;00/00;;00/00;;5;N
MG;BERIZAL;VEA;I;A;N;S;S;10;10;0;1287;80;0;0;RECI;;X;X;X;X;X; ;00/00;;00/00;;00/00;;00/00;;00/00;;00/00;;00/00;;00/00;;00/00;;00/00;;5;N
MG;BERTOPOLIS;GRF;I;A;N;N;S;7;7;0;653;0;0;0;GRFI;;X;X;X;X;X; ;00/00;;00/00;;00/00;;00/00;;00/00;;00/00;;00/00;;00/00;;00/00;;00/00;;5;N
MG;BETIM;BHZ;P;A;N;S;S;1;1;0;17;0;0;0;BHZP;;X;X;X;X;X; ;16/07;DIA DE NOSSA SENHORA DO CARMO;20/11;CONSCIENCIA NEGRA;00/00;;00/00;;00/00;;00/00;;00/00;;00/00;;00/00;;00/00;;3,8;N
MG;BIAS FORTES;TAM;I;A;N;N;S;7;7;0;78;0;0;0;TAMI;;X;X;X;X;X; ;00/00;;00/00;;00/00;;00/00;;00/00;;00/00;;00/00;;00/00;;00/00;;00/00;;5;N
MG;BICAS;TAM;R;A;N;N;S;4;4;0;39;0;0;0;TAMR;;X;X;X;X;X; ;19/03;DIA DE SAO JOSE;13/06;DIA DE SANTO ANTONIO;15/08;FERIADO MUNICIPAL;00/00;;00/00;;00/00;;00/00;;00/00;;00/00;;00/00;;5;N
MG;BIQUINHAS;STJ;P;A;N;S;S;3;3;0;234;0;0;0;RWNI;EXCLUSAO DE TDA , TROCA DE PARCEIRO LEMA P SERTANEJA;X;X;X;X;X; ;00/00;;00/00;;00/00;;00/00;;00/00;;00/00;;00/00;;00/00;;00/00;;00/00;;5;N
MG;BOA ESPERANCA;DCC;I;A;N;S;S;3;3;1;188;0;0;0;ALTI;; ;X; ; ;X; ;15/09;DIA DE N SRA DAS DORES;15/10;ANIVERSARIO DA CIDADE;00/00;;00/00;;00/00;;00/00;;00/00;;00/00;;00/00;;00/00;;5;N
MG;BOCAINA DE MINAS;DCC;I;A;N;N;S;5;5;0;167;104;0;0;TAMI;;X;X;X;X;X; ;00/00;;00/00;;00/00;;00/00;;00/00;;00/00;;00/00;;00/00;;00/00;;00/00;;5;N
MG;BOCAIUVA;VEA;I;A;N;S;S;8;8;0;47;0;0;0;RMCP;;X;X;X;X;X; ;14/07;DIA DO MUNICIPIO;00/00;;00/00;;00/00;;00/00;;00/00;;00/00;;00/00;;00/00;;00/00;;5;N
MG;BOM DESPACHO;NVS;P;A;N;S;S;3;43;0;147;0;0;0;RWNI;;X;X;X;X;X; ;01/06;ANIVERSARIO DA CIDADE;08/12;DIA DE NSA SRA DA CONCEICAO;00/00;;00/00;;00/00;;00/00;;00/00;;00/00;;00/00;;00/00;;5;N
MG;BOM JARDIM DE MINAS;DCC;I;A;N;N;S;5;5;0;115;104;0;0;TAMR;;X;X;X;X;X; ;15/08;MUNICIPAL;17/12;FERIADO EM BOM JARDIM DE MINAS;00/00;;00/00;;00/00;;00/00;;00/00;;00/00;;00/00;;00/00;;5;N
MG;BOM JESUS DA PENHA;DCC;I;A;S;N;S;2;2;0;422;0;0;0;REDI;;X;X;X;X;X; ;01/03;MUNICIPAL;08/09;MUNICIPAL;00/00;;00/00;;00/00;;00/00;;00/00;;00/00;;00/00;;00/00;;5;N
MG;BOM JESUS DO AMPARO;GVR;R;A;N;N;S;3;3;0;39;0;0;0;PANI;;X;X;X;X;X; ;06/08;FERIADO MUNICIPAL;12/12;FERIADO MUNICIPAL;00/00;;00/00;;00/00;;00/00;;00/00;;00/00;;00/00;;00/00;;5;N
MG;BOM JESUS DO GALHO;GRF;P;A;N;N;S;6;6;0;101;0;0;0;LTOI;;X;X;X;X;X; ;31/12;FERIADO MUNICIPAL;00/00;;00/00;;00/00;;00/00;;00/00;;00/00;;00/00;;00/00;;00/00;;5;N
MG;BOM REPOUSO;DCC;I;A;N;S;S;3;3;0;56;0;0;0;ALTR;; ; ; ; ;X; ;20/01;MUNICIPAL;16/08;MUNICIPAL;08/12;MUNICIPAL;12/12;MUNICIPAL;00/00;;00/00;;00/00;;00/00;;00/00;;00/00;;5;N
MG;BOM SUCESSO;DCC;R;A;N;S;S;3;3;2;231;0;0;0;ALTI;; ; ; ; ;X; ;08/09;DIA DE N SRA DE BOM SUCESSO;08/12;DIA N S CONCEICAO;00/00;;00/00;;00/00;;00/00;;00/00;;00/00;;00/00;;00/00;;5;N
MG;BONFIM;GRF;I;A;N;S;S;13;13;0;141;0;0;0;REDI;;X;X;X;X;X; ;13/06;FERIADO MINICIPAL;15/08;DIA DO PADROEIRO;07/10;ANIVERSARIO DA CIDADE;00/00;;00/00;;00/00;;00/00;;00/00;;00/00;;00/00;;5;N
MG;BONFINOPOLIS DE MINAS;STJ;I;A;N;N;S;7;7;0;524;39;0;0;PANI;CIDADE ATENDIDA 2X NA SEMANA ;X;X;X;X;X; ;01/03;DIA DA EMANCIPACAO POLITICA;06/08;DIA O SENHOR DO BONFIM;31/10;COMEMORACOES EVANGELICAS;00/00;;00/00;;00/00;;00/00;;00/00;;00/00;;00/00;;5;N
MG;BONITO DE MINAS;VEA;I;A;N;S;S;7;7;0;218;40;0;0;RMCR;;X;X;X;X;X; ;00/00;;00/00;;00/00;;00/00;;00/00;;00/00;;00/00;;00/00;;00/00;;00/00;;5;N
MG;BORDA DA MATA;DCC;R;A;N;S;S;3;3;0;28;104;0;0;ALTR;; ;X; ; ;X; ;16/07;ANIVERSARIO DA CIDADE;08/12;DIA N SRA DA CONCEICAO;00/00;;00/00;;00/00;;00/00;;00/00;;00/00;;00/00;;00/00;;5;N
MG;BOTELHOS;DCC;I;A;N;S;S;3;3;0;127;0;0;0;ALTR;; ; ; ; ;X; ;19/03;DIA DE SAO JOSE;30/08;ANIVERSARIO DA CIDADE;08/12;DIA N SRA DA CONCEICAO;00/00;;00/00;;00/00;;00/00;;00/00;;00/00;;00/00;;5;N
MG;BOTUMIRIM;VEA;I;A;N;S;S;7;7;0;532;0;0;0;REDI;;X;X;X;X;X; ;00/00;;00/00;;00/00;;00/00;;00/00;;00/00;;00/00;;00/00;;00/00;;00/00;;5;N
MG;BRAS PIRES;TAM;I;A;N;N;S;7;7;0;167;0;0;0;TAMI;;X;X;X;X;X; ;00/00;;00/00;;00/00;;00/00;;00/00;;00/00;;00/00;;00/00;;00/00;;00/00;;5;N
MG;BRASILANDIA DE MINAS;STJ;P;A;N;S;S;4;4;0;459;50;0;0;PANI;EXCLUSAO DE TDA , TROCA DE PARCEIRO TRANSCAJURU P SERTANEJA;X;X;X;X;X; ;22/05;FERIADO MUNICIPAL;22/12;FERIADO MUNICIPAL;00/00;;00/00;;00/00;;00/00;;00/00;;00/00;;00/00;;00/00;;5;N
MG;BRASILIA DE MINAS;VEA;I;A;N;S;S;7;7;0;106;0;0;0;RMCR;;X;X;X;X;X; ;20/01;DIA DE SAO SEBASTIAO;26/07;DIA DE SANTANA;08/12;DIA N SRA DA CONCEICAO;00/00;;00/00;;00/00;;00/00;;00/00;;00/00;;00/00;;5;N
MG;BRAUNAS;GVR;I;A;N;N;S;8;13;0;270;0;0;0;GRFI;EXCLUSAO DE TDA TROCA DO PARCEIRO GRIFE PARA GUERRAS;X;X;X;X;X; ;00/00;;00/00;;00/00;;00/00;;00/00;;00/00;;00/00;;00/00;;00/00;;00/00;;5;N
MG;BRAZOPOLIS;DCC;I;A;N;S;S;5;5;0;74;104;0;0;ALTR;; ; ; ; ;X; ;07/08;DIA SAO CAETANO - PADROEIRO;16/09;ANIV. DE EMANCIPACAO POLITICA;08/12;DIA N SRA DA CONCEICAO;00/00;;00/00;;00/00;;00/00;;00/00;;00/00;;00/00;;5;N
MG;BRUMADINHO;BHZ;R;A;N;S;S;2;2;0;42;175;0;0;BHZR;;X;X;X;X;X; ;20/01;DIA DE SAO SEBASTIAO;24/09;DIA DA N SRA DAS MERCES;08/12;DIA N S CONCEICAO;00/00;;00/00;;00/00;;00/00;;00/00;;00/00;;00/00;;5;N
MG;BUENO BRANDAO;DCC;I;A;N;S;S;5;5;0;75;0;0;0;ALTR;; ; ; ; ;X; ;13/05;FESTA DE SAO BENEDITO;06/08;FESTA DO SENHOR BOM JESUS;17/12;FERIADO MUNICIPAL;00/00;;00/00;;00/00;;00/00;;00/00;;00/00;;00/00;;5;N
MG;BUENOPOLIS;VEA;I;A;N;N;S;8;8;0;209;0;0;0;REDI;;X;X;X;X;X; ;08/12;PADROEIRA DA CIDADE;17/12;ANIVERSARIO DA CIDADE;00/00;;00/00;;00/00;;00/00;;00/00;;00/00;;00/00;;00/00;;5;N
MG;BUGRE;GRF;I;A;N;N;S;6;6;0;246;0;0;0;LTOI;;X;X;X;X;X; ;00/00;;00/00;;00/00;;00/00;;00/00;;00/00;;00/00;;00/00;;00/00;;00/00;;5;N
MG;BURITIS;STJ;P;A;N;N;S;4;4;0;600;50;0;0;PANI;;X;X;X;X;X; ;01/03;DIA DA EMANCIPACAO POLITICA;08/09;FERIADO MUNICIPAL;30/11;FERIADO MUNICIPAL;00/00;;00/00;;00/00;;00/00;;00/00;;00/00;;00/00;;5;N
MG;BURITIZEIRO;VEA;I;A;N;S;S;5;5;0;176;0;0;0;VEAI;;X;X;X;X;X; ;01/03;FERIADO MUNICIPAL;08/12;FERIADO MUNICIPAL;00/00;;00/00;;00/00;;00/00;;00/00;;00/00;;00/00;;00/00;;5;N
MG;CABECEIRA GRANDE;TRU;I;A;N;N;S;8;8;0;431;195;0;0;TRUI;;X;X;X;X;X; ;00/00;;00/00;;00/00;;00/00;;00/00;;00/00;;00/00;;00/00;;00/00;;00/00;;5;N
MG;CABO VERDE;DCC;I;A;N;S;S;2;2;0;145;104;0;0;ALTR;; ; ; ; ;X; ;15/08;DIA DA PADROEIRA DA CIDADE;30/10;ANIVERSARIO DA CIDADE;08/12;DIA N SRA DA CONCEICAO;00/00;;00/00;;00/00;;00/00;;00/00;;00/00;;00/00;;5;N
MG;CACHOEIRA DA PRATA;SET;P;A;N;N;S;2;3;0;32;150;0;0;SETP;;X;X;X;X;X; ;01/03;FERIADO MUNICIPAL;00/00;;00/00;;00/00;;00/00;;00/00;;00/00;;00/00;;00/00;;00/00;;5;N
MG;CACHOEIRA DE MINAS;DCC;I;C;N;S;S;3;3;0;34;0;0;0;ALTR;; ;X; ; ;X; ;01/06;DIA DA EMANCIPACAO POLITICA;24/06;DIA DE SAO JOAO BATISTA;00/00;;00/00;;00/00;;00/00;;00/00;;00/00;;00/00;;00/00;;5;N
MG;CACHOEIRA DE PAJEU;GRF;I;A;N;N;S;6;6;0;751;150;0;0;GRFI;;X;X;X;X;X; ;24/06;FERIADO MUNICIPAL;30/08;FERIADO MUNICIPAL;00/00;;00/00;;00/00;;00/00;;00/00;;00/00;;00/00;;00/00;;5;N
MG;CACHOEIRA DOURADA;TRU;R;A;N;N;S;6;6;0;182;195;0;0;PANI;;X;X;X;X;X; ;24/06;FERIADO MUNICIPAL;31/08;FERIADO MUNICIPAL;00/00;;00/00;;00/00;;00/00;;00/00;;00/00;;00/00;;00/00;;5;N
MG;CAETANOPOLIS;SET;P;A;N;S;S;1;1;0;92;0;0;0;SETP;;X;X;X;X;X; ;13/06;FERIADO MUNICIPAL;08/12;NOSSA SENHORA DA CONCEICAO;00/00;;00/00;;00/00;;00/00;;00/00;;00/00;;00/00;;00/00;;5;N
MG;CAETE;GRF;R;A;N;S;S;6;6;0;82;0;0;0;STFR;;X;X;X;X;X; ;14/02;FERIADAO EM CAETE;15/08;ASSUNCAO DE NOSSA SENHORA;08/12;DIA N SRA DA CONCEICAO;00/00;;00/00;;00/00;;00/00;;00/00;;00/00;;00/00;;5;N
MG;CAIANA;GRF;I;A;N;N;S;10;10;0;266;0;0;0;TAMI;;X;X;X;X;X; ;24/06;FERIADO MUNICIPAL;00/00;;00/00;;00/00;;00/00;;00/00;;00/00;;00/00;;00/00;;00/00;;5;N
MG;CAJURI;TAM;R;A;N;N;S;5;5;0;356;0;0;0;TAMR;;X;X;X;X;X; ;00/00;;00/00;;00/00;;00/00;;00/00;;00/00;;00/00;;00/00;;00/00;;00/00;;5;N
MG;CALDAS;DCC;I;C;N;S;S;5;5;0;88;0;0;0;ALTR;; ; ; ; ;X; ;27/03;ANIVERSARIO CIDADE;15/08;DIA DA PADROEIRA DO MUNICIPIO;00/00;;00/00;;00/00;;00/00;;00/00;;00/00;;00/00;;00/00;;5;N
MG;CAMACHO;DCC;R;A;N;N;S;3;3;0;251;0;0;0;REDI;;X;X;X;X;X; ;01/03;FERIADO MUNICIPAL;15/09;FERIADO MUNICIPAL;00/00;;00/00;;00/00;;00/00;;00/00;;00/00;;00/00;;00/00;;5;N
MG;CAMANDUCAIA;DCC;R;A;N;S;S;3;3;1;69;104;0;0;ALTR;; ;X; ; ;X; ;20/07;ANIVERSARIO;08/12;DIA DA PADROEIRA;00/00;;00/00;;00/00;;00/00;;00/00;;00/00;;00/00;;00/00;;5;N
MG;CAMBUI;DCC;I;A;N;S;S;3;3;1;49;104;0;0;ALTR;; ;X;X; ;X; ;24/05;ANIVERSARIO;16/07;DIA DE NOSSA SENHORA DO CARMO;00/00;;00/00;;00/00;;00/00;;00/00;;00/00;;00/00;;00/00;;5;N
MG;CAMBUQUIRA;DCC;R;A;N;S;S;3;3;1;109;0;0;0;ALTR;; ;X; ; ;X; ;20/01;DIA DE SAO SEBASTIAO;12/05;DIA DA CIDADE;08/12;IMACULADA CONCEICAO;00/00;;00/00;;00/00;;00/00;;00/00;;00/00;;00/00;;5;N
MG;CAMPANARIO;GRF;I;A;N;N;S;7;7;0;407;0;0;0;GRFI;;X;X;X;X;X; ;31/08;FERIADO MUNICIPAL;26/09;FERIADO MUNICIPAL;13/12;FERIADO MUNICIPAL;00/00;;00/00;;00/00;;00/00;;00/00;;00/00;;00/00;;5;N
MG;CAMPANHA;DCC;R;C;N;S;S;3;3;1;92;0;0;0;ALTR;; ;X; ; ;X; ;12/04;FERIADO MUNICIPAL;02/10;FERIADO MUNICIPAL;00/00;;00/00;;00/00;;00/00;;00/00;;00/00;;00/00;;00/00;;5;N
MG;CAMPESTRE;DCC;I;A;N;S;S;3;3;0;128;0;0;0;ALTR;; ; ; ; ;X; ;16/07;NOSSA SENHORA DO CARMO;30/08;ANIVERSARIO DA CIDADE;00/00;;00/00;;00/00;;00/00;;00/00;;00/00;;00/00;;00/00;;5;N
MG;CAMPINA VERDE;TRU;R;A;N;N;S;6;6;0;154;0;0;0;PANI;;X;X;X;X;X; ;27/11;FERIADO MUNICIPAL;17/12;ANIVERSARIO DE CAMPINA VERDE;00/00;;00/00;;00/00;;00/00;;00/00;;00/00;;00/00;;00/00;;5;N
MG;CAMPO AZUL;VEA;I;A;N;S;S;8;8;0;169;250;0;0;RMCR;;X;X;X;X;X; ;00/00;;00/00;;00/00;;00/00;;00/00;;00/00;;00/00;;00/00;;00/00;;00/00;;5;N
MG;CAMPO BELO;DCC;R;A;N;S;S;3;3;0;187;0;0;0;RWNI;;X;X;X;X;X; ;06/08;FERIADO MUNICIPAL;28/09;ANIVERSARIO DA CIDADE;00/00;;00/00;;00/00;;00/00;;00/00;;00/00;;00/00;;00/00;;5;N
MG;CAMPO DO MEIO;DCC;I;A;N;S;S;3;3;1;170;0;0;0;ALTI;; ; ; ; ;X; ;15/08;MUNICIPAL;27/12;FERIADO EM CAMPO DO MEIO;00/00;;00/00;;00/00;;00/00;;00/00;;00/00;;00/00;;00/00;;5;N
MG;CAMPO FLORIDO;TRU;R;A;N;N;S;4;4;0;158;195;0;0;PANI;;X;X;X;X;X; ;06/01;FERIADO MUNICIPAL;15/09;FERIADO MUNICIPAL;17/12;FERIADO MUNICIPAL;00/00;;00/00;;00/00;;00/00;;00/00;;00/00;;00/00;;5;N
MG;CAMPOS ALTOS;TRU;I;A;N;N;S;6;6;0;269;0;0;0;PANI;;X;X;X;X;X; ;23/09;DIA DA COMUNIDADE;00/00;;00/00;;00/00;;00/00;;00/00;;00/00;;00/00;;00/00;;00/00;;5;N
MG;CAMPOS GERAIS;DCC;R;A;N;S;S;3;3;1;152;0;0;0;ALTI;; ; ; ; ;X; ;16/07;DIA DE NOSSA SENHORA DO CARMO;16/09;ANIVERSARIO DA CIDADE;08/12;DIA N SRA DA CONCEICAO;00/00;;00/00;;00/00;;00/00;;00/00;;00/00;;00/00;;5;N
MG;CANA VERDE;DCC;I;C;N;S;S;5;5;0;196;0;0;0;ALTI;; ; ; ; ;X; ;15/08;FERIADO MUNICIPAL;01/09;FERIADO EM CANA VERDE;00/00;;00/00;;00/00;;00/00;;00/00;;00/00;;00/00;;00/00;;5;N
MG;CANAA;TAM;I;A;N;N;S;7;7;0;199;0;0;0;TAMI;;X;X;X;X;X; ;00/00;;00/00;;00/00;;00/00;;00/00;;00/00;;00/00;;00/00;;00/00;;00/00;;5;N
MG;CANAPOLIS;TRU;R;A;N;N;S;4;4;0;121;0;0;0;PANI;;X;X;X;X;X; ;20/01;DIA DE SAO SEBASTIAO;14/02;FERIADO MUNICIPAL;13/05;DIA NOSSA SRA DE FATIMA;14/07;ANIVERSARIO DA CIDADE;15/08;FERIADO MUNICIPAL;00/00;;00/00;;00/00;;00/00;;00/00;;5;N
MG;CANDEIAS;DCC;R;A;N;S;S;3;3;0;205;0;0;0;RWNI;;X;X;X;X;X; ;17/12;ANIVER FUNDACAO DO MUNICIPIO;00/00;;00/00;;00/00;;00/00;;00/00;;00/00;;00/00;;00/00;;00/00;;5;N
MG;CANTAGALO;GRF;I;A;N;N;S;15;15;0;151;0;0;0;GRFI;;X;X;X;X;X; ;00/00;;00/00;;00/00;;00/00;;00/00;;00/00;;00/00;;00/00;;00/00;;00/00;;5;N
MG;CAPARAO;GRF;I;A;N;N;S;8;8;0;863;100;0;0;PANI;;X;X;X;X;X; ;01/03;FERIADO MUNICIPAL;13/06;FERIADO MUNICIPAL;27/09;FERIADO MUNICIPAL;13/12;FERIADO MUNICIPAL;00/00;;00/00;;00/00;;00/00;;00/00;;00/00;;5;N
MG;CAPELA NOVA;TAM;I;A;N;N;S;6;6;0;153;0;0;0;TAMI;;X;X;X;X;X; ;15/09;FERIADO MUNICIPAL;08/12;FERIADO MUNICIPAL;00/00;;00/00;;00/00;;00/00;;00/00;;00/00;;00/00;;00/00;;5;N
MG;CAPELINHA;SSO;P;A;N;N;S;2;2;0;1;0;0;0;SSOI;;X;X;X;X;X; ;24/02;FERIADO MUNICIPAL;15/08;DIA DE NOSSA SENHORA DA GRACA;08/12;IMACULADA CONCEICAO;00/00;;00/00;;00/00;;00/00;;00/00;;00/00;;00/00;;5;N
MG;CAPETINGA;DCC;R;A;N;S;S;2;2;0;458;104;0;0;REDI;;X;X;X;X;X; ;19/03;FERIADO MUNICIPAL;08/12;PADROEIRA DA CIDADE;00/00;;00/00;;00/00;;00/00;;00/00;;00/00;;00/00;;00/00;;5;N
MG;CAPIM BRANCO;SET;P;A;N;S;S;1;1;0;21;0;0;0;SETP;;X;X;X;X;X; ;00/00;;00/00;;00/00;;00/00;;00/00;;00/00;;00/00;;00/00;;00/00;;00/00;;5;N
MG;CAPINOPOLIS;TRU;R;A;N;S;S;5;5;0;163;0;0;0;TRUI;;X;X;X;X;X; ;15/06;ANIVERSARIO DA CIDADE;29/06;DIA DE SAO PEDRO;27/11;FERIADO MUNICIPAL;00/00;;00/00;;00/00;;00/00;;00/00;;00/00;;00/00;;5;N
MG;CAPITAO ANDRADE;GRF;I;A;N;N;S;13;13;0;210;100;0;0;LTOI;;X;X;X;X;X; ;00/00;;00/00;;00/00;;00/00;;00/00;;00/00;;00/00;;00/00;;00/00;;00/00;;5;N
MG;CAPITAO ENEAS;VEA;I;A;N;S;S;8;8;0;63;0;0;0;RMCR;;X;X;X;X;X; ;20/01;FERIADO MUNICIPAL;08/12;FERIADO MUNICIPAL;00/00;;00/00;;00/00;;00/00;;00/00;;00/00;;00/00;;00/00;;5;N
MG;CAPITOLIO;RWN;P;A;S;N;S;3;3;0;329;224,9;0;0;RWNP;;X;X;X;X;X; ;20/01;MUNICIPAL;08/12;MUNICIPAL;27/12;FERIADO EM CAPITOLIO;00/00;;00/00;;00/00;;00/00;;00/00;;00/00;;00/00;;5;N
MG;CAPUTIRA;GRF;I;A;N;N;S;8;8;0;37;100;0;0;LTOI;;X;X;X;X;X; ;18/08;FERIADO MUNICIPAL;00/00;;00/00;;00/00;;00/00;;00/00;;00/00;;00/00;;00/00;;00/00;;5;N
MG;CARAI;GRF;I;A;N;N;S;9;9;0;558;0;0;0;GRFI;;X;X;X;X;X; ;19/03;FERIADO MUNICIPAL;00/00;;00/00;;00/00;;00/00;;00/00;;00/00;;00/00;;00/00;;00/00;;5;N
MG;CARANAIBA;ROP;I;A;N;S;S;5;5;0;137;260;0;0;ROPI;;X;X;X;X;X; ;00/00;;00/00;;00/00;;00/00;;00/00;;00/00;;00/00;;00/00;;00/00;;00/00;;5;N
MG;CARANDAI;TAM;I;A;N;N;S;6;6;0;126;0;0;0;TAMI;;X;X;X;X;X; ;26/07;FESTA DE SANTANA;08/12;DIA N S CONCEICAO;00/00;;00/00;;00/00;;00/00;;00/00;;00/00;;00/00;;00/00;;5;N
MG;CARANGOLA;GRF;I;A;N;S;S;8;8;0;243;0;0;0;TAMI;;X;X;X;X;X; ;07/01;ANIVERSARIO DA CIDADE;13/12;DIA DE STA LUZIA;00/00;;00/00;;00/00;;00/00;;00/00;;00/00;;00/00;;00/00;;5;N
MG;CARATINGA;GVR;P;A;N;S;S;4;4;0;296;0;0;0;RWNI;;X;X;X;X;X; ;24/06;ANIVERSARIO DA CIDADE;08/12;DIA N SRA DA CONCEICAO;00/00;;00/00;;00/00;;00/00;;00/00;;00/00;;00/00;;00/00;;5;N
MG;CARBONITA;SSO;P;A;N;N;S;2;2;0;101;0;0;0;SSOI;;X;X;X;X;X; ;29/06;FERIADO MUNICIPAL;15/08;FERIADO MUNICIPAL;00/00;;00/00;;00/00;;00/00;;00/00;;00/00;;00/00;;00/00;;5;N
MG;CAREACU;DCC;R;A;N;S;S;3;3;0;41;0;0;0;ALTR;; ;X; ; ;X; ;08/12;PADROEIRA DA CIDADE;00/00;;00/00;;00/00;;00/00;;00/00;;00/00;;00/00;;00/00;;00/00;;5;N
MG;CARLOS CHAGAS;GRF;I;A;S;N;S;9;9;0;567;250;0;0;BHZI;;X;X;X;X;X; ;20/01;DIA DE SAO SEBASTIAO;17/12;ANIVER DO MUNICIPIO;00/00;;00/00;;00/00;;00/00;;00/00;;00/00;;00/00;;00/00;;5;N
MG;CARMESIA;GRF;I;A;N;N;S;6;6;0;229;0;0;0;GRFI;;X;X;X;X;X; ;00/00;;00/00;;00/00;;00/00;;00/00;;00/00;;00/00;;00/00;;00/00;;00/00;;5;N
MG;CARMO DA CACHOEIRA;DCC;R;C;N;S;S;3;3;2;138;0;0;0;ALTI;; ;X; ; ;X; ;16/07;MUNICIPAL;17/12;MUNICIPAL;00/00;;00/00;;00/00;;00/00;;00/00;;00/00;;00/00;;00/00;;5;N
MG;CARMO DA MATA;DDB;P;A;N;S;S;3;43;0;159;0;0;0;RWNI;;X;X;X;X;X; ;16/07;FERIADO MUNICIPAL;17/12;EMANCIPACAO POLITICA;00/00;;00/00;;00/00;;00/00;;00/00;;00/00;;00/00;;00/00;;5;N
MG;CARMO DE MINAS;DCC;R;C;N;S;S;3;3;0;120;0;0;0;ALTR;; ;X; ; ;X; ;16/07;DIA DE NOSSA SENHORA DO CARMO;16/09;ANIVERSARIO CARMO DE MINAS;00/00;;00/00;;00/00;;00/00;;00/00;;00/00;;00/00;;00/00;;5;N
MG;CARMO DO CAJURU;DDB;P;A;N;S;S;3;3;0;103;0;0;0;RWNI;;X;X;X;X;X; ;16/07;DIA DE NOSSA SENHORA DO CARMO;14/09;JUBILEU BOM JESUS;27/12;EMANCIPACAO DE CARMO DE CAJURU;00/00;;00/00;;00/00;;00/00;;00/00;;00/00;;00/00;;5;N
MG;CARMO DO PARANAIBA;TRU;I;A;N;N;S;5;5;0;264;0;0;0;PANI;;X;X;X;X;X; ;20/01;DIA DE SAO SEBASTIAO;16/07;DIA DE NOSSA SENHORA DO CARMO;04/10;ANIVERSARIO DA CIDADE;00/00;;00/00;;00/00;;00/00;;00/00;;00/00;;00/00;;5;N
MG;CARMO DO RIO CLARO;DCC;I;A;N;N;S;2;2;0;343;104;0;0;EXSP;;X;X;X;X;X; ;16/07;FERIADO MUNICIPAL;06/08;DIA SENHOR B JESUS DOS AFLITOS;05/11;FERIADO MUNICIPAL;00/00;;00/00;;00/00;;00/00;;00/00;;00/00;;00/00;;5;N
MG;CARMOPOLIS DE MINAS;RWN;P;A;S;N;S;4;4;0;107;55,51;0;0;RWNI;;X;X;X;X;X; ;16/07;NOSSA SENHORA DO CARMO;27/12;ANIVERSARIO DE CARMOPOLIS DE M;00/00;;00/00;;00/00;;00/00;;00/00;;00/00;;00/00;;00/00;;5;N
MG;CARNEIRINHO;TRU;I;A;N;N;S;9;9;0;297;195;0;0;PANI;;X;X;X;X;X; ;28/04;FERIADO MUNICIPAL;00/00;;00/00;;00/00;;00/00;;00/00;;00/00;;00/00;;00/00;;00/00;;5;N
MG;CARRANCAS;DCC;R;A;N;N;S;5;5;0;230;104;0;0;TAMI;;X;X;X;X;X; ;09/04;FERIADO MUNICIPAL;15/08;FERIADO MUNICIPAL;08/12;PADROEIRA DA CIDADE;00/00;;00/00;;00/00;;00/00;;00/00;;00/00;;00/00;;5;N
MG;CARVALHOPOLIS;DCC;I;A;N;S;S;3;3;0;90;0;0;0;ALTR;; ;X; ; ; ; ;20/01;MUNICIPAL;08/12;MUNICIPAL;00/00;;00/00;;00/00;;00/00;;00/00;;00/00;;00/00;;00/00;;5;N
MG;CARVALHOS;DCC;I;A;N;N;S;3;3;0;159;0;0;0;TAMI;;X;X;X;X;X; ;09/06;FERIADO MUNICIPAL;13/06;FERIADO MUNICIPAL;02/08;FERIADO MUNICIPAL;13/10;FERIADO MUNICIPAL;00/00;;00/00;;00/00;;00/00;;00/00;;00/00;;5;N
MG;CASA GRANDE;ROP;I;A;N;S;S;4;4;0;136;260;0;0;ROPI;;X;X;X;X;X; ;20/01;FERIADO MUNICIPAL;00/00;;00/00;;00/00;;00/00;;00/00;;00/00;;00/00;;00/00;;00/00;;5;N
MG;CASCALHO RICO;TRU;I;A;N;N;S;5;5;0;79;195;0;0;PANI;;X;X;X;X;X; ;23/06;FERIADO MUNICIPAL;24/06;FERIADO MUNICIPAL;15/08;FERIADO MUNICIPAL;00/00;;00/00;;00/00;;00/00;;00/00;;00/00;;00/00;;5;N
MG;CASSIA;DCC;I;A;N;N;S;2;2;0;311;0;0;0;PANI;;X;X;X;X;X; ;22/05;DIA DE SANTA RITA DE CASSIA;08/12;ASSUNCAO DE N SRA;00/00;;00/00;;00/00;;00/00;;00/00;;00/00;;00/00;;00/00;;5;N
MG;CATAGUASES;TAM;R;A;N;N;S;5;5;0;118;0;0;0;TAMR;;X;X;X;X;X; ;22/05;DIA DA PADROEIRA DA CIDADE;00/00;;00/00;;00/00;;00/00;;00/00;;00/00;;00/00;;00/00;;00/00;;5;N
MG;CATAS ALTAS;ROP;I;A;N;S;S;3;3;0;186;0;0;0;REDI;;X;X;X;X;X; ;08/12;FERIADO MUNICIPAL;00/00;;00/00;;00/00;;00/00;;00/00;;00/00;;00/00;;00/00;;00/00;;5;N
MG;CATAS ALTAS DA NORUEGA;ROP;I;A;S;N;S;5;5;0;203;260;0;0;REDI;;X;X;X;X;X; ;00/00;;00/00;;00/00;;00/00;;00/00;;00/00;;00/00;;00/00;;00/00;;00/00;;5;N
MG;CATUJI;GRF;I;A;N;N;S;9;9;0;530;0;0;0;GRFI;;X;X;X;X;X; ;27/04;FERIADO MUNICIPAL;29/09;FERIADO MUNICIPAL;00/00;;00/00;;00/00;;00/00;;00/00;;00/00;;00/00;;00/00;;5;N
MG;CATUTI;VEA;I;A;N;S;S;7;7;0;225;40;0;0;RMCR;;X;X;X;X;X; ;00/00;;00/00;;00/00;;00/00;;00/00;;00/00;;00/00;;00/00;;00/00;;00/00;;5;N
MG;CAXAMBU;DCC;R;A;N;S;S;3;3;0;134;0;0;0;ALTR;; ;X; ; ;X; ;15/08;FERIADO MUNICIPAL;16/09;EMANCIPACAO POLITICA;00/00;;00/00;;00/00;;00/00;;00/00;;00/00;;00/00;;00/00;;5;N
MG;CEDRO DO ABAETE;GRF;I;A;N;S;S;13;13;0;200;0;0;0;REDI;;X;X;X;X;X; ;00/00;;00/00;;00/00;;00/00;;00/00;;00/00;;00/00;;00/00;;00/00;;00/00;;5;N
MG;CENTRAL DE MINAS;GRF;P;A;N;N;S;5;5;0;419;0;0;0;GRFP;;X;X;X;X;X; ;01/03;FERIADO MUNICIPAL;27/03;FERIADO MUNICIPAL;16/10;FERIADO MUNICIPAL ;00/00;;00/00;;00/00;;00/00;;00/00;;00/00;;00/00;;5;N
MG;CENTRALINA;TRU;R;A;N;N;S;4;4;0;127;0;0;0;PANI;;X;X;X;X;X; ;09/01;FERIADO EM CENTRALINA;16/07;NIHIL;15/08;NIHIL;00/00;;00/00;;00/00;;00/00;;00/00;;00/00;;00/00;;5;N
MG;CHACARA;TAM;R;A;N;N;S;7;7;0;27;0;0;0;TAMR;;X;X;X;X;X; ;00/00;;00/00;;00/00;;00/00;;00/00;;00/00;;00/00;;00/00;;00/00;;00/00;;5;N
MG;CHALE;GRF;I;A;N;N;S;8;8;0;76;100;0;0;LTOI;;X;X;X;X;X; ;01/03;FERIADO MUNICIPAL;30/04;FERIADO MUNICIPAL;16/08;FERIADO MUNICIPAL;00/00;;00/00;;00/00;;00/00;;00/00;;00/00;;00/00;;5;N
MG;CHAPADA DO NORTE;GRF;P;A;N;N;S;14;14;0;89;0;0;0;SSOI;;X;X;X;X;X; ;01/03;FERIADO MUNICIPAL;09/10;FERIADO MUNICIPAL;20/11;FERIADO MUNICIPAL;00/00;;00/00;;00/00;;00/00;;00/00;;00/00;;00/00;;5;N
MG;CHAPADA GAUCHA;STJ;I;A;N;N;S;8;8;0;708;50;0;0;PANI;CIDADE ATENDIDA 1X NA SEMANA ;X;X;X;X;X; ;06/01;FERIADO MUNICIPAL;20/05;FERIADO MUNICIPAL;13/06;FERIADO MUNICIPAL;25/07;FERIADO MUNICIPAL;28/08;FERIADO MUNICIPAL;00/00;;00/00;;00/00;;00/00;;00/00;;5;N
MG;CHIADOR;TAM;I;A;N;N;S;7;7;0;80;0;0;0;TAMI;;X;X;X;X;X; ;00/00;;00/00;;00/00;;00/00;;00/00;;00/00;;00/00;;00/00;;00/00;;00/00;;5;N
MG;CIPOTANEA;TAM;I;A;N;N;S;7;7;0;164;0;0;0;TAMI;;X;X;X;X;X; ;00/00;;00/00;;00/00;;00/00;;00/00;;00/00;;00/00;;00/00;;00/00;;00/00;;5;N
MG;CLARAVAL;DCC;I;A;S;N;N;3;3;0;499;0;0;0;REDI;;X;X;X;X;X; ;20/01;FERIADO MUNICIPAL;20/08;FERIADO MUNICIPAL;12/12;FERIADO MUNICIPAL;00/00;;00/00;;00/00;;00/00;;00/00;;00/00;;00/00;;5;N
MG;CLARO DOS POCOES;VEA;I;A;N;S;S;7;7;0;86;0;0;0;RMCR;;X;X;X;X;X; ;00/00;;00/00;;00/00;;00/00;;00/00;;00/00;;00/00;;00/00;;00/00;;00/00;;5;N
MG;CLAUDIO;DDB;P;A;N;S;S;3;43;0;127;0;0;0;RWNI;;X;X;X;X;X; ;30/08;ANIVERSARIO DE CLAUDIO;08/12;DIA N SRA DA CONCEICAO;00/00;;00/00;;00/00;;00/00;;00/00;;00/00;;00/00;;00/00;;5;N
MG;COIMBRA;TAM;R;A;N;N;S;5;5;0;155;0;0;0;TAMR;;X;X;X;X;X; ;20/01;FERIADO MUNICIPAL;08/12;FERIADO MUNICIPAL;27/12;FERIADO MUNICIPAL;00/00;;00/00;;00/00;;00/00;;00/00;;00/00;;00/00;;5;N
MG;COLUNA;GRF;I;A;N;N;S;15;15;0;103;0;0;0;GRFI;;X;X;X;X;X; ;13/06;FERIADO MUNICIPAL;20/11;FERIADO MUNICIPAL;00/00;;00/00;;00/00;;00/00;;00/00;;00/00;;00/00;;00/00;;5;N
MG;COMENDADOR GOMES;TRU;I;A;N;N;S;6;6;0;150;195;0;0;PANI;;X;X;X;X;X; ;20/01;FERIADO MUNICIPAL;08/12;FERIADO MUNICIPAL;00/00;;00/00;;00/00;;00/00;;00/00;;00/00;;00/00;;00/00;;5;N
MG;COMERCINHO;GRF;I;A;N;N;S;7;7;0;746;0;0;0;GRFI;;X;X;X;X;X; ;13/10;FERIADO MUNICIPAL;08/12;FERIADO MUNICIPAL;00/00;;00/00;;00/00;;00/00;;00/00;;00/00;;00/00;;00/00;;5;N
MG;CONCEICAO DA APARECIDA;DCC;I;A;N;N;S;2;2;0;424;104;0;0;REDI;;X;X;X;X;X; ;15/08;MUNICIPAL;04/09;FERIADO MUNICIPAL;08/12;MUNCIPAL;00/00;;00/00;;00/00;;00/00;;00/00;;00/00;;00/00;;5;N
MG;CONCEICAO DA BARRA DE MINAS;TAM;I;A;N;N;S;7;7;0;194;0;0;0;TAMI;;X;X;X;X;X; ;01/03;FERIADO MUNICIPAL;00/00;;00/00;;00/00;;00/00;;00/00;;00/00;;00/00;;00/00;;00/00;;5;N
MG;CONCEICAO DAS ALAGOAS;TRU;R;A;N;N;S;4;4;0;166;0;0;0;PANI;;X;X;X;X;X; ;15/08;FERIADO MUNICIPAL;08/12;DIA N SRA DA CONCEICAO;00/00;;00/00;;00/00;;00/00;;00/00;;00/00;;00/00;;00/00;;5;N
MG;CONCEICAO DAS PEDRAS;DCC;I;C;N;S;S;3;3;0;83;0;0;0;ALTR;; ;X; ; ; ; ;19/04;MUNICIPAL;08/12;MUNICIPAL;00/00;;00/00;;00/00;;00/00;;00/00;;00/00;;00/00;;00/00;;5;N
MG;CONCEICAO DE IPANEMA;GRF;I;A;N;N;S;8;8;0;83;150;0;0;LTOI;;X;X;X;X;X; ;00/00;;00/00;;00/00;;00/00;;00/00;;00/00;;00/00;;00/00;;00/00;;00/00;;5;N
MG;CONCEICAO DO MATO DENTRO;SES;P;A;N;N;S;2;2;0;168;0;0;0;SETP;;X;X;X;X;X; ;20/01;FERIADO MUNICIPAL;24/06;FERIADO MUNICIPAL;08/12;DIA DA PADROEIRA;00/00;;00/00;;00/00;;00/00;;00/00;;00/00;;00/00;;5;N
MG;CONCEICAO DO PARA;RWN;P;A;S;N;S;4;0;0;99;130;0;0;RWNI;;X;X;X;X;X; ;01/03;FERIADO MUNICIPAL;08/12;FERIADO MUNICIPAL;00/00;;00/00;;00/00;;00/00;;00/00;;00/00;;00/00;;00/00;;5;N
MG;CONCEICAO DO RIO VERDE;DCC;I;C;N;S;S;3;3;0;119;0;0;0;ALTR;; ;X; ; ;X; ;20/01;DIA DE SAO SEBASTIAO;30/08;ANIVERSARIO CONCEICAO DO RIO;08/12;DIA N SRA DA CONCEICAO;00/00;;00/00;;00/00;;00/00;;00/00;;00/00;;00/00;;5;N
MG;CONCEICAO DOS OUROS;DCC;R;A;N;S;S;5;5;0;42;104;0;0;ALTR;; ;X; ; ;X; ;06/08;MUNICIPAL;08/12;NOSSA SENHORA DA CONCEICAO;00/00;;00/00;;00/00;;00/00;;00/00;;00/00;;00/00;;00/00;;5;N
MG;CONEGO MARINHO;VEA;I;A;N;S;S;7;7;0;202;40;0;0;RMCR;;X;X;X;X;X; ;00/00;;00/00;;00/00;;00/00;;00/00;;00/00;;00/00;;00/00;;00/00;;00/00;;5;N
MG;CONFINS;BHZ;P;A;N;S;S;1;1;0;54;0;0;0;BHZP;;X;X;X;X;X; ;19/03;FERIADO MUNICIPAL;18/10;FERIADO MUNICIPAL;21/12;FERIADO MUNICIPAL;00/00;;00/00;;00/00;;00/00;;00/00;;00/00;;00/00;;5;N
MG;CONGONHAL;DCC;I;A;N;S;S;3;3;0;24;0;0;0;ALTR;; ;X; ; ;X; ;19/03;MUNICIPAL;22/06;FERIADO MUNICIPAL;12/12;MUNICIPAL;00/00;;00/00;;00/00;;00/00;;00/00;;00/00;;00/00;;5;N
MG;CONGONHAS;ROP;P;A;N;N;S;3;3;0;604;0;0;0;PANI;;X;X;X;X;X; ;15/08;ASSUNCAO DE NOSSA SENHORA;08/12;FERIADO MUNICIPAL;00/00;;00/00;;00/00;;00/00;;00/00;;00/00;;00/00;;00/00;;5;N
MG;CONGONHAS DO NORTE;SES;P;A;N;S;S;2;3;0;600;325;0;0;LPKP;;X;X;X;X;X; ;08/12;FERIADO MUNICIPAL;00/00;;00/00;;00/00;;00/00;;00/00;;00/00;;00/00;;00/00;;00/00;;5;N
MG;CONQUISTA;TRU;R;A;N;N;S;4;4;0;168;0;0;0;PANI;;X;X;X;X;X; ;11/02;FESTA DE NOSSA SRA DE LOURDES;06/08;FERIADO MUNICIPAL;30/08;DIA DO MUNICIPIO;00/00;;00/00;;00/00;;00/00;;00/00;;00/00;;00/00;;5;N
MG;CONSELHEIRO LAFAIETE;ROP;P;A;N;S;S;3;3;0;624;0;0;0;PANI;;X;X;X;X;X; ;08/12;DIA N S CONCEICAO;00/00;;00/00;;00/00;;00/00;;00/00;;00/00;;00/00;;00/00;;00/00;;5;N
MG;CONSELHEIRO PENA;GRF;I;A;N;N;S;6;6;0;255;0;0;0;LTOI;;X;X;X;X;X; ;19/03;DIA DE SAO JOSE;31/10;FERIADO MUNICIPAL;31/12;FERIADO MUNICIPAL;00/00;;00/00;;00/00;;00/00;;00/00;;00/00;;00/00;;5;N
MG;CONSOLACAO;DCC;I;C;N;S;S;3;3;0;63;104;0;0;ALTR;; ;X; ; ; ; ;00/00;;00/00;;00/00;;00/00;;00/00;;00/00;;00/00;;00/00;;00/00;;00/00;;5;N
MG;CONTAGEM;BHZ;P;A;N;S;S;1;1;0;1;0;0;0;BHZP;;X;X;X;X;X; ;20/11;FERIADO MUNICIPAL;08/12;DIA DE NSA SRA DA CONCEICAO;26/03;FERIADO MUNICIPAL;00/00;;00/00;;00/00;;00/00;;00/00;;00/00;;00/00;;4;N
MG;COQUEIRAL;DCC;I;A;N;S;S;3;3;1;185;104;0;0;ALTI;; ;X; ; ; ; ;02/04;FERIADO MUNICIPAL;08/12;FERIADO MUNICIPAL;00/00;;00/00;;00/00;;00/00;;00/00;;00/00;;00/00;;00/00;;5;N
MG;CORACAO DE JESUS;VEA;I;A;N;S;S;7;7;0;80;0;0;0;RMCI;;X;X;X;X;X; ;20/01;FERIADO MUNICIPAL;01/06;FERIADO MUNICIPAL;00/00;;00/00;;00/00;;00/00;;00/00;;00/00;;00/00;;00/00;;5;N
MG;CORDISBURGO;SET;P;A;N;N;S;2;3;0;52;150;0;0;SETP;;X;X;X;X;X; ;08/12;FERIADO MUNICIPAL;17/12;FERIADO MUNICIPAL;00/00;;00/00;;00/00;;00/00;;00/00;;00/00;;00/00;;00/00;;5;N
MG;CORDISLANDIA;DCC;I;C;N;S;S;3;3;0;89;104;0;0;ALTR;; ; ; ; ;X; ;00/00;;00/00;;00/00;;00/00;;00/00;;00/00;;00/00;;00/00;;00/00;;00/00;;5;N
MG;CORINTO;TCW;P;A;N;S;S;7;7;0;47;0;0;0;TCWI;; ;X; ;X; ; ;20/07;ANIVERSARIO DA CIDADE;08/12;DIA N SRA DA CONCEICAO;00/00;;00/00;;00/00;;00/00;;00/00;;00/00;;00/00;;00/00;;5;N
MG;COROACI;GRF;I;A;N;N;S;10;10;0;390;0;0;0;GRFI;;X;X;X;X;X; ;26/07;FERIADO MUNICIPAL;00/00;;00/00;;00/00;;00/00;;00/00;;00/00;;00/00;;00/00;;00/00;;5;N
MG;COROMANDEL;TRU;I;A;N;N;S;4;4;0;162;0;0;0;PANI;;X;X;X;X;X; ;26/07;DIA NOSSA SENHORA DE SANTANA;15/08;DIA DE NOSSA SENHORA ABADIA;00/00;;00/00;;00/00;;00/00;;00/00;;00/00;;00/00;;00/00;;5;N
MG;CORONEL FABRICIANO;GVR;P;A;N;N;S;4;4;0;198;0;0;0;RWNI;;X;X;X;X;X; ;20/01;CORONEL FABRICIANO;15/08;ASSUNCAO DE NOSSA SENHORA;00/00;;00/00;;00/00;;00/00;;00/00;;00/00;;00/00;;00/00;;5;N
MG;CORONEL MURTA;GRF;I;A;N;S;S;10;10;0;576;0;0;0;GRFI;;X;X;X;X;X; ;24/05;FERIADO MUNICIPAL;12/12;FERIADO MUNICIPAL;00/00;;00/00;;00/00;;00/00;;00/00;;00/00;;00/00;;00/00;;5;N
MG;CORONEL PACHECO;TAM;R;A;N;N;S;4;4;0;30;0;0;0;TAMR;;X;X;X;X;X; ;27/09;FERIADO MUNICIPAL;00/00;;00/00;;00/00;;00/00;;00/00;;00/00;;00/00;;00/00;;00/00;;5;N
MG;CORONEL XAVIER CHAVES;TAM;I;A;N;N;S;7;7;0;168;0;0;0;TAMI;; ; ; ; ;X; ;00/00;;00/00;;00/00;;00/00;;00/00;;00/00;;00/00;;00/00;;00/00;;00/00;;5;N
MG;CORREGO DANTA;RWN;P;A;N;S;S;4;4;0;159;65;0;0;RWNI;;X;X;X;X;X; ;19/03;FERIADO MUNICIPAL;28/10;FERIADO MUNICIPAL ;08/12;FERIADO MUNICIPAL;00/00;;00/00;;00/00;;00/00;;00/00;;00/00;;00/00;;5;N
MG;CORREGO DO BOM JESUS;DCC;I;C;N;S;S;3;3;0;53;0;0;0;ALTR;; ; ; ; ;X; ;06/08;MUNICIPAL;12/12;FERIADO MUNICIPAL;00/00;;00/00;;00/00;;00/00;;00/00;;00/00;;00/00;;00/00;;5;N
MG;CORREGO FUNDO;RWN;P;A;N;S;S;3;3;0;94;0;0;0;RWNI;;X;X;X;X;X; ;23/10;FERIADO EM CORREGO FUNDO;08/12;FERIADO MUNICIPAL;00/00;;00/00;;00/00;;00/00;;00/00;;00/00;;00/00;;00/00;;5;N
MG;CORREGO NOVO;GRF;I;A;N;N;S;13;13;0;287;100;0;0;GRFI;;X;X;X;X;X; ;00/00;;00/00;;00/00;;00/00;;00/00;;00/00;;00/00;;00/00;;00/00;;00/00;;5;N
MG;COUTO DE MAGALHAES DE MINAS;TCW;R;A;N;N;S;7;7;0;686;0;0;0;TCWI;; ; ; ; ;X; ;01/03;FERIADO MUNICIPAL;06/08;FERIADO MUNICIPAL;08/12;FERIADO MUNICIPAL;00/00;;00/00;;00/00;;00/00;;00/00;;00/00;;00/00;;5;N
MG;CRISOLITA;GRF;I;A;N;N;S;7;7;0;589;150;0;0;GRFI;;X;X;X;X;X; ;00/00;;00/00;;00/00;;00/00;;00/00;;00/00;;00/00;;00/00;;00/00;;00/00;;5;N
MG;CRISTAIS;DCC;I;A;N;S;S;3;3;0;171;104;0;0;RWNI;'TROCADO DE MGI PARA RWN EXCLUSAO DE TDA 70,00';X;X;X;X;X; ;24/05;FERIADO MUNICIPAL;27/12;FERIADO EM CRISTAIS;00/00;;00/00;;00/00;;00/00;;00/00;;00/00;;00/00;;00/00;;5;N
MG;CRISTALIA;VEA;I;A;N;S;S;8;8;0;515;0;0;0;REDI;;X;X;X;X;X; ;00/00;;00/00;;00/00;;00/00;;00/00;;00/00;;00/00;;00/00;;00/00;;00/00;;5;N
MG;CRISTIANO OTONI;ROP;I;A;N;S;S;5;5;0;125;195;0;0;ROPI;;X;X;X;X;X; ;01/03;FERIADO MUNICIPAL;13/06;FERIADO MUNICIPAL;08/12;FERIADO MUNICIPAL;00/00;;00/00;;00/00;;00/00;;00/00;;00/00;;00/00;;5;N
MG;CRISTINA;DCC;I;A;S;S;S;3;3;0;106;0;0;0;ALTR;; ;X; ; ; ; ;13/05;ANIVERSARIO DA CIDADE;00/00;;00/00;;00/00;;00/00;;00/00;;00/00;;00/00;;00/00;;00/00;;5;N
MG;CRUCILANDIA;GRF;I;A;N;S;S;7;7;0;155;100;0;0;REDI;;X;X;X;X;X; ;03/03;FERIADO MUNICIPAL;03/05;FERIADO MUNICIPAL;08/12;FERIADO MUNICIPAL;27/12;FERIADO MUNICIPAL;00/00;;00/00;;00/00;;00/00;;00/00;;00/00;;5;N
MG;CRUZEIRO DA FORTALEZA;TRU;I;A;N;N;S;5;5;0;196;0;0;0;PANI;;X;X;X;X;X; ;01/03;FERIADO MUNICIPAL;13/05;FERIADO MUNICIPAL;15/08;FERIADO MUNICIPAL;00/00;;00/00;;00/00;;00/00;;00/00;;00/00;;00/00;;5;N
MG;CRUZILIA;DCC;R;A;N;N;S;3;3;0;160;0;0;0;TAMI;;X;X;X;X;X; ;20/01;DIA DO PADROEIRO;14/09;FERIADO MUNICIPAL;27/12;ANIVERSARIO DA CIDADE;00/00;;00/00;;00/00;;00/00;;00/00;;00/00;;00/00;;5;N
MG;CUPARAQUE;GRF;I;A;N;S;S;7;7;0;476;0;0;0;GRFI;;X;X;X;X;X; ;00/00;;00/00;;00/00;;00/00;;00/00;;00/00;;00/00;;00/00;;00/00;;00/00;;5;N
MG;CURRAL DE DENTRO;VEA;I;A;N;S;S;8;8;0;702;0;0;0;GRFP;;X;X;X;X;X; ;00/00;;00/00;;00/00;;00/00;;00/00;;00/00;;00/00;;00/00;;00/00;;00/00;;5;N
MG;CURVELO;SET;P;A;N;S;S;2;2;0;524;0;0;0;TCWI;;X;X;X;X;X; ;13/06;DIA DE SANTO ANTONIO;08/12;DIA N SRA DA CONCEICAO;00/00;;00/00;;00/00;;00/00;;00/00;;00/00;;00/00;;00/00;;5;N
MG;DATAS;TCW;P;A;N;N;S;7;7;0;106;0;0;0;TCWI;;X;X;X;X;X; ;08/12;FERIADO MUNICIPAL;00/00;;00/00;;00/00;;00/00;;00/00;;00/00;;00/00;;00/00;;00/00;;5;N
MG;DELFIM MOREIRA;DCC;I;A;N;S;S;3;3;0;95;0;0;0;ALTR;; ;X; ; ; ; ;15/09;FERIADO MUNICIPAL;17/12;FERIADO MUNICIPAL;00/00;;00/00;;00/00;;00/00;;00/00;;00/00;;00/00;;00/00;;5;N
MG;DELFINOPOLIS;DCC;I;A;N;S;S;2;2;0;451;325;0;0;REDI;;X;X;X;X;X; ;17/12;PADROEIRO DA CIDADE;00/00;;00/00;;00/00;;00/00;;00/00;;00/00;;00/00;;00/00;;00/00;;5;N
MG;DELTA;TRU;R;A;N;N;S;4;4;0;141;0;0;0;PANI;;X;X;X;X;X; ;00/00;;00/00;;00/00;;00/00;;00/00;;00/00;;00/00;;00/00;;00/00;;00/00;;5;N
MG;DESCOBERTO;TAM;R;A;N;N;S;5;5;0;75;0;0;0;TAMR;;X;X;X;X;X; ;12/12;FERIADO MUNICIPAL;00/00;;00/00;;00/00;;00/00;;00/00;;00/00;;00/00;;00/00;;00/00;;5;N
MG;DESTERRO DE ENTRE RIOS;ROP;I;A;N;N;S;5;5;0;218;260;0;0;REDI;;X;X;X;X;X; ;20/01;FERIADO MUNICIPAL;15/09;FERIADO MUNICIPAL;12/12;FERIADO MUNICIPAL;00/00;;00/00;;00/00;;00/00;;00/00;;00/00;;00/00;;5;N
MG;DESTERRO DO MELO;TAM;I;A;N;N;S;7;7;0;124;0;0;0;TAMI;;X;X;X;X;X; ;08/12;FERIADO MUNICIPAL;00/00;;00/00;;00/00;;00/00;;00/00;;00/00;;00/00;;00/00;;00/00;;5;N
MG;DIAMANTINA;TCW;P;A;N;N;S;4;4;0;129;0;0;0;TCWI;;X;X;X;X;X; ;13/06;PADROEIRO DO MUNICIPIO;08/12;FERIADO MUNICIPAL;00/00;;00/00;;00/00;;00/00;;00/00;;00/00;;00/00;;00/00;;5;N
MG;DIOGO DE VASCONCELOS;ROP;I;A;N;N;S;5;5;0;239;195;0;0;TAMI;;X;X;X;X;X; ;00/00;;00/00;;00/00;;00/00;;00/00;;00/00;;00/00;;00/00;;00/00;;00/00;;5;N
MG;DIONISIO;GRF;I;A;N;N;S;15;15;0;237;300;0;0;REDI;;X;X;X;X;X; ;20/01;FERIADO MUNICIPAL;27/12;FERIADO MUNICIPAL;00/00;;00/00;;00/00;;00/00;;00/00;;00/00;;00/00;;00/00;;5;N
MG;DIVINESIA;TAM;I;A;N;N;S;7;7;0;127;0;0;0;TAMI;;X;X;X;X;X; ;00/00;;00/00;;00/00;;00/00;;00/00;;00/00;;00/00;;00/00;;00/00;;00/00;;5;N
MG;DIVINO;GVR;I;A;N;N;S;5;5;0;237;200;0;0;TAMI;;X;X;X;X;X; ;29/06;DIA DE SAO PEDRO;28/10;FERIADO MUNICIPAL;08/12;DIA DE NSA SRA DA CONCEICAO;17/12;ANIVERSARIO DE DININO;00/00;;00/00;;00/00;;00/00;;00/00;;00/00;;5;N
MG;DIVINO DAS LARANJEIRAS;GRF;P;A;N;N;S;5;5;0;396;0;0;0;GRFP;;X;X;X;X;X; ;01/03;FERIADO MUNICIPAL;00/00;;00/00;;00/00;;00/00;;00/00;;00/00;;00/00;;00/00;;00/00;;5;N
MG;DIVINOLANDIA DE MINAS;GRF;I;A;N;N;S;10;10;0;203;0;0;0;GRFI;;X; ; ; ; ; ;01/03;FERIADO MUNICIPAL;08/12;FERIADO MUNICIPAL;00/00;;00/00;;00/00;;00/00;;00/00;;00/00;;00/00;;00/00;;5;N
MG;DIVINOPOLIS;DDB;P;A;N;S;S;2;4;0;106;0;0;0;RWNI;;X;X;X;X;X; ;01/06;ANIVERSARIO DA CIDADE;08/12;DIA DE NSA SRA DA CONCEICAO;00/00;;00/00;;00/00;;00/00;;00/00;;00/00;;00/00;;00/00;;5;N
MG;DIVISA ALEGRE;GRF;I;A;N;N;S;7;7;0;774;250;0;0;GRFP;;X;X;X;X;X; ;00/00;;00/00;;00/00;;00/00;;00/00;;00/00;;00/00;;00/00;;00/00;;00/00;;5;N
MG;DIVISA NOVA;DCC;I;C;N;S;S;3;3;0;145;0;0;0;ALTR;; ; ; ; ;X; ;29/06;FERIADO MUNICIPAL;08/12;FERIADO MUNICIPAL;00/00;;00/00;;00/00;;00/00;;00/00;;00/00;;00/00;;00/00;;5;N
MG;DIVISOPOLIS;GRF;I;A;N;N;S;7;7;0;812;0;0;0;GRFI;;X;X;X;X;X; ;24/06;FERIADO MUNICIPAL;04/09;FERIADO MUNICIPAL;00/00;;00/00;;00/00;;00/00;;00/00;;00/00;;00/00;;00/00;;5;N
MG;DOM BOSCO;DCC;I;A;N;N;S;3;3;0;486;0;0;0;TRUI;;X;X;X;X;X; ;00/00;;00/00;;00/00;;00/00;;00/00;;00/00;;00/00;;00/00;;00/00;;00/00;;5;N
MG;DOM CAVATI;GVR;P;A;N;N;S;4;4;0;269;0;0;0;RWNI;;X;X;X;X;X; ;01/03;FERIADO MUNICIPAL;00/00;;00/00;;00/00;;00/00;;00/00;;00/00;;00/00;;00/00;;00/00;;5;N
MG;DOM JOAQUIM;SES;P;A;N;N;S;2;3;0;218;304;0;0;TCWP;;X;X;X;X;X; ;00/00;;00/00;;00/00;;00/00;;00/00;;00/00;;00/00;;00/00;;00/00;;00/00;;5;N
MG;DOM SILVERIO;ROP;I;A;N;N;S;5;5;0;257;195;0;0;TAMI;;X;X;X;X;X; ;14/08;FERIADO MUNICIPAL;15/08;FERIADO MUNICIPAL;08/12;FERIADO MUNICIPAL;00/00;;00/00;;00/00;;00/00;;00/00;;00/00;;00/00;;5;N
MG;DOM VICOSO;DCC;I;C;N;S;S;3;3;0;138;0;0;0;ALTR;; ; ; ; ;X; ;00/00;;00/00;;00/00;;00/00;;00/00;;00/00;;00/00;;00/00;;00/00;;00/00;;5;N
MG;DONA EUZEBIA;TAM;R;A;N;S;S;5;5;0;128;0;0;0;TAMR;;X;X;X;X;X; ;15/09;FERIADO MUNICIPAL;08/12;FERIADO MUNICIPAL;30/12;FERIADO MUNICIPAL;00/00;;00/00;;00/00;;00/00;;00/00;;00/00;;00/00;;5;N
MG;DORES DE CAMPOS;TAM;R;A;N;N;S;7;7;0;132;0;0;0;TAMR;;X;X;X;X;X; ;15/09;FERIADO MUNICIPAL;08/12;FERIADO MUNICIPAL;17/12;FERIADO MUNICIPAL;00/00;;00/00;;00/00;;00/00;;00/00;;00/00;;00/00;;5;N
MG;DORES DE GUANHAES;GRF;I;A;N;N;S;13;13;0;230;0;0;0;GRFI;;X;X;X;X;X; ;00/00;;00/00;;00/00;;00/00;;00/00;;00/00;;00/00;;00/00;;00/00;;00/00;;5;N
MG;DORES DO INDAIA;RWN;P;A;N;S;S;3;3;0;166;100;0;0;RWNI;;X;X;X;X;X; ;15/09;FERIADO MUNICIPAL;08/10;FERIADO MUNICIPAL;00/00;;00/00;;00/00;;00/00;;00/00;;00/00;;00/00;;00/00;;5;N
MG;DORES DO TURVO;TAM;I;A;N;N;S;7;7;0;117;0;0;0;TAMI;;X;X;X;X;X; ;00/00;;00/00;;00/00;;00/00;;00/00;;00/00;;00/00;;00/00;;00/00;;00/00;;5;N
MG;DORESOPOLIS;GRF;I;A;S;N;N;15;15;0;325;75;0;0;REDI;SUBS GRIFE COM TDA DE 300,00 PARA MGI TDA DE 75,00;X;X;X;X;X; ;03/03;FERIADO MUNICIPAL;15/09;FERIADO MUNICIPAL;00/00;;00/00;;00/00;;00/00;;00/00;;00/00;;00/00;;00/00;;5;N
MG;DOURADOQUARA;TRU;I;A;N;N;S;5;5;0;156;0;0;0;PANI;;X;X;X;X;X; ;00/00;;00/00;;00/00;;00/00;;00/00;;00/00;;00/00;;00/00;;00/00;;00/00;;5;N
MG;DURANDE;GRF;I;A;N;N;S;8;8;0;34;100;0;0;LTOI;;X;X;X;X;X; ;00/00;;00/00;;00/00;;00/00;;00/00;;00/00;;00/00;;00/00;;00/00;;00/00;;5;N
MG;ELOI MENDES;DCC;R;A;N;S;S;3;3;4;130;0;0;0;ALTR;; ;X; ; ;X; ;30/08;DIA DA EMANCIPACAO POLICITA;08/12;DIA N SRA DA CONCEICAO;00/00;;00/00;;00/00;;00/00;;00/00;;00/00;;00/00;;00/00;;5;N
MG;ENGENHEIRO CALDAS;GRF;I;A;N;N;S;6;6;0;149;0;0;0;LTOI;;X;X;X;X;X; ;04/12;FERIADO MUNICIPAL;00/00;;00/00;;00/00;;00/00;;00/00;;00/00;;00/00;;00/00;;00/00;;5;N
MG;ENGENHEIRO NAVARRO;VEA;I;A;N;S;S;7;7;0;74;100;0;0;GRFI;;X;X;X;X;X; ;06/01;FERIADO MUNICIPAL;01/03;FERIADO MUNICIPAL;00/00;;00/00;;00/00;;00/00;;00/00;;00/00;;00/00;;00/00;;5;N
MG;ENTRE FOLHAS;GRF;I;A;N;N;S;13;13;0;105;100;0;0;LTOI;;X;X;X;X;X; ;27/04;FERIADO MUNICIPAL;07/10;FERIADO MUNICIPAL ;08/12;FERIADO MUNICIPAL;00/00;;00/00;;00/00;;00/00;;00/00;;00/00;;00/00;;5;N
MG;ENTRE RIOS DE MINAS;ROP;I;A;N;S;S;4;4;0;134;260;0;0;TLSI;;X;X;X;X;X; ;15/08;DIA DA PADROEIRA;08/12;DIA N S CONCEICAO;00/00;;00/00;;00/00;;00/00;;00/00;;00/00;;00/00;;00/00;;5;N
MG;ERVALIA;TAM;R;A;N;N;S;5;5;0;172;0;0;0;TAMR;;X;X;X;X;X; ;20/01;DIA DE SAO SEBASTIAO;17/06;DIA DA EMANCIPACAO POLITICA;00/00;;00/00;;00/00;;00/00;;00/00;;00/00;;00/00;;00/00;;5;N
MG;ESMERALDAS;BHZ;R;A;N;S;S;2;2;0;35;175;0;0;BHZR;;X;X;X;X;X; ;22/05;FERIADO MUNICIPAL;16/09;FERIADO EM ESMERALDAS;00/00;;00/00;;00/00;;00/00;;00/00;;00/00;;00/00;;00/00;;5;N
MG;ESPERA FELIZ;GRF;I;A;N;N;S;8;8;0;263;0;0;0;TAMI;;X;X;X;X;X; ;20/01;DIA DE SAO SEBASTIAO;00/00;;00/00;;00/00;;00/00;;00/00;;00/00;;00/00;;00/00;;00/00;;5;N
MG;ESPINOSA;VEA;I;A;N;S;S;7;7;0;276;0;0;0;VEAI;;X;X;X;X;X; ;20/01;DIA DE SAO SEBASTIAO;09/03;ANIVERARIO DA CIDADE;24/06;FFESTEJOS DE SAO JOAO;08/12;DIA N SRA DA CONCEICAO;00/00;;00/00;;00/00;;00/00;;00/00;;00/00;;5;N
MG;ESPIRITO SANTO DO DOURADO;DCC;I;C;N;S;S;5;5;0;45;104;0;0;ALTR;; ;X; ; ; ; ;00/00;;00/00;;00/00;;00/00;;00/00;;00/00;;00/00;;00/00;;00/00;;00/00;;5;N
MG;ESTIVA;DCC;I;A;N;S;S;3;3;0;31;0;0;0;ALTR;; ;X; ; ;X; ;08/12;FERIADO MUNICIPAL;27/12;FERIADO EM ESTIVA;00/00;;00/00;;00/00;;00/00;;00/00;;00/00;;00/00;;00/00;;5;N
MG;ESTRELA DALVA;TAM;I;A;N;N;S;7;7;0;158;0;0;0;TAMI;;X;X;X;X;X; ;01/11;FERIADO MUNICIPAL;08/12;FERIADO MUNICIPAL;00/00;;00/00;;00/00;;00/00;;00/00;;00/00;;00/00;;00/00;;5;N
MG;ESTRELA DO INDAIA;RWN;P;A;N;S;S;3;3;0;176;135,2;0;0;RWNI;;X;X;X;X;X; ;20/01;FERIADO MUNICIPAL;27/12;FERIADO MUNICIPAL;00/00;;00/00;;00/00;;00/00;;00/00;;00/00;;00/00;;00/00;;5;N
MG;ESTRELA DO SUL;TRU;I;A;N;N;S;5;5;0;100;0;0;0;PANI;;X;X;X;X;X; ;31/05;FERIADO MUNICIPAL;15/08;FERIADO MUNICIPAL;19/09;FERIADO MUNICIPAL;08/12;FERIADO MUNICIPAL;00/00;;00/00;;00/00;;00/00;;00/00;;00/00;;5;N
MG;EUGENOPOLIS;TAM;I;A;N;N;S;5;5;0;185;0;0;0;TAMI;;X;X;X;X;X; ;20/01;DIA DO PADROEIRO DA CIDADE;03/05;ANIVERSARIO DA CIDADE;00/00;;00/00;;00/00;;00/00;;00/00;;00/00;;00/00;;00/00;;5;N
MG;EWBANK DA CAMARA;TAM;R;A;N;N;S;4;4;0;34;0;0;0;TAMR;;X;X;X;X;X; ;00/00;;00/00;;00/00;;00/00;;00/00;;00/00;;00/00;;00/00;;00/00;;00/00;;5;N
MG;EXTREMA;DCC;R;A;N;S;S;3;3;1;93;0;0;0;ALTR;; ;X;X; ;X; ;22/05;PADROEIRA;16/09;ANIVERSARIO DA CIDADE;00/00;;00/00;;00/00;;00/00;;00/00;;00/00;;00/00;;00/00;;5;N
MG;FAMA;DCC;I;C;N;S;S;3;3;0;120;104;0;0;ALTR;; ; ; ; ;X; ;19/03;MUNICIPAL;15/08;MUNICIPAL;08/12;PADROEIRA DA CIDADE;00/00;;00/00;;00/00;;00/00;;00/00;;00/00;;00/00;;5;N
MG;FARIA LEMOS;GRF;I;A;N;N;S;9;9;0;237;0;0;0;TAMI;;X;X;X;X;X; ;00/00;;00/00;;00/00;;00/00;;00/00;;00/00;;00/00;;00/00;;00/00;;00/00;;5;N
MG;FELICIO DOS SANTOS;TCW;R;A;N;N;S;7;7;0;202;0;0;0;TCWI;;X;X;X;X;X; ;00/00;;00/00;;00/00;;00/00;;00/00;;00/00;;00/00;;00/00;;00/00;;00/00;;5;N
MG;FELISBURGO;GRF;I;A;N;N;S;7;7;0;787;0;0;0;GRFI;;X;X;X;X;X; ;20/01;FERIADO MUNICIPAL;00/00;;00/00;;00/00;;00/00;;00/00;;00/00;;00/00;;00/00;;00/00;;5;N
MG;FELIXLANDIA;STJ;P;A;N;S;S;4;4;0;53;0;0;0;TCWI;;X;X;X;X;X; ;20/03;FERIADO MUNICIPAL;15/08;FERIADO MUNICIPAL;08/12;FERIADO MUNICIPAL;00/00;;00/00;;00/00;;00/00;;00/00;;00/00;;00/00;;5;N
MG;FERNANDES TOURINHO;GRF;I;A;N;N;S;6;6;0;157;0;0;0;LTOI;;X;X;X;X;X; ;00/00;;00/00;;00/00;;00/00;;00/00;;00/00;;00/00;;00/00;;00/00;;00/00;;5;N
MG;FERROS;GRF;I;A;N;N;S;13;13;0;249;100;0;0;REDI;;X;X;X;X;X; ;26/07;DIA NOSSA SENHORA DE SANTANA;23/09;EMANCIPACAO POLITICA DO MUNICI;08/12;FERIADO MUNICIPAL;00/00;;00/00;;00/00;;00/00;;00/00;;00/00;;00/00;;5;N
MG;FERVEDOURO;GRF;I;A;N;N;S;10;10;10;211;0;0;0;TAMI;;X;X;X;X;X; ;00/00;;00/00;;00/00;;00/00;;00/00;;00/00;;00/00;;00/00;;00/00;;00/00;;5;N
MG;FLORESTAL;BHZ;R;A;N;S;S;2;2;0;50;0;0;0;BHZR;;X;X;X;X;X; ;20/01;FERIADO MUNICIPAL;01/03;FERIADO MUNICIPAL;08/12;FERIADO MUNICIPAL;00/00;;00/00;;00/00;;00/00;;00/00;;00/00;;00/00;;5;N
MG;FORMIGA;DDB;P;A;N;S;S;3;43;0;185;0;0;0;RWNI;;X;X;X;X;X; ;06/06;DIA DA EMANCIPACAO POLITICA;15/08;ASSUNCAO DE NOSSA SENHORA;00/00;;00/00;;00/00;;00/00;;00/00;;00/00;;00/00;;00/00;;5;N
MG;FORMOSO;TRU;I;A;N;S;S;9;9;0;649;195;0;0;PANI;;X;X;X;X;X; ;00/00;;00/00;;00/00;;00/00;;00/00;;00/00;;00/00;;00/00;;00/00;;00/00;;5;N
MG;FORTALEZA DE MINAS;DCC;I;A;S;N;N;2;2;0;418;104;0;0;REDI;;X;X;X;X;X; ;01/03;FERIADO MUNICIPAL;07/10;FORTALEZA DE MINAS;08/12;PADROEIRA DA CIDADE;00/00;;00/00;;00/00;;00/00;;00/00;;00/00;;00/00;;5;N
MG;FORTUNA DE MINAS;SET;I;A;N;S;S;2;3;0;36;150;0;0;SETI;;X;X;X;X;X; ;01/03;FERIADO MUNICIPAL;13/06;FERIADO MUNICIPAL;08/12;FERIADO MUNICIPAL;00/00;;00/00;;00/00;;00/00;;00/00;;00/00;;00/00;;5;N
MG;FRANCISCO BADARO;GRF;I;A;N;N;S;7;7;0;557;0;0;0;GRFI;;X;X;X;X;X; ;01/03;FERIADO MUNICIPAL;08/12;FERIADO MUNICIPAL;00/00;;00/00;;00/00;;00/00;;00/00;;00/00;;00/00;;00/00;;5;N
MG;FRANCISCO DUMONT;VEA;I;A;N;S;S;10;10;0;369;0;0;0;EXSI;;X;X;X;X;X; ;08/12;FERIADO MUNICIPAL;00/00;;00/00;;00/00;;00/00;;00/00;;00/00;;00/00;;00/00;;00/00;;5;N
MG;FRANCISCO SA;VEA;I;A;N;S;S;8;8;0;1;0;0;0;VEAP;;X;X;X;X;X; ;10/01;DIA DE SAO GONCALO;08/09;ANIVERSARIO DA CIDADE;20/11;FERIADO MUNICIPAL;00/00;;00/00;;00/00;;00/00;;00/00;;00/00;;00/00;;5;N
MG;FRANCISCOPOLIS;GRF;I;A;N;N;S;7;7;0;467;0;0;0;GRFI;;X;X;X;X;X; ;00/00;;00/00;;00/00;;00/00;;00/00;;00/00;;00/00;;00/00;;00/00;;00/00;;5;N
MG;FREI GASPAR;GRF;I;A;N;N;S;7;7;0;471;0;0;0;GRFI;;X;X;X;X;X; ;00/00;;00/00;;00/00;;00/00;;00/00;;00/00;;00/00;;00/00;;00/00;;00/00;;5;N
MG;FREI INOCENCIO;GRF;P;A;N;N;S;5;5;0;233;0;0;0;LTOI;;X;X;X;X;X; ;00/00;;00/00;;00/00;;00/00;;00/00;;00/00;;00/00;;00/00;;00/00;;00/00;;5;N
MG;FREI LAGONEGRO;GRF;I;A;N;N;S;13;13;0;110;0;0;0;GRFI;;X;X;X;X;X; ;00/00;;00/00;;00/00;;00/00;;00/00;;00/00;;00/00;;00/00;;00/00;;00/00;;5;N
MG;FRONTEIRA;TRU;I;A;N;N;S;9;9;0;219;195;0;0;PANI;;X;X;X;X;X; ;13/05;FERIADO MUNICIPAL;18/07;FERIADO MUNICIPAL;00/00;;00/00;;00/00;;00/00;;00/00;;00/00;;00/00;;00/00;;5;N
MG;FRONTEIRA DOS VALES;GRF;I;A;N;N;S;7;7;0;637;0;0;0;GRFI;;X;X;X;X;X; ;00/00;;00/00;;00/00;;00/00;;00/00;;00/00;;00/00;;00/00;;00/00;;00/00;;5;N
MG;FRUTA DE LEITE;VEA;I;A;N;S;S;8;8;0;539;250;0;0;REDI;;X;X;X;X;X; ;00/00;;00/00;;00/00;;00/00;;00/00;;00/00;;00/00;;00/00;;00/00;;00/00;;5;N
MG;FRUTAL;TRU;R;A;N;N;S;8;8;0;182;0;0;0;PANI;;X;X;X;X;X; ;16/07;DIA DE NOSSA SENHORA DO CARMO;04/10;ANIVERSARIO A CIDADE;00/00;;00/00;;00/00;;00/00;;00/00;;00/00;;00/00;;00/00;;5;N
MG;FUNILANDIA;SET;I;A;N;S;S;2;2;0;28;250;0;0;SETI;;X;X;X;X;X; ;07/10;FERIADO MUNICIPAL ;08/12;FERIADO MUNICIPAL;30/12;FERIADO MUNICIPAL;00/00;;00/00;;00/00;;00/00;;00/00;;00/00;;00/00;;5;N
MG;GALILEIA;GRF;I;A;N;S;S;7;7;0;378;0;0;0;LTOI;;X;X;X;X;X; ;24/06;DIA PADROEIRO - SAO JOAO;25/07;DIA DO TRABALHADOR RURAL;31/10;DIA DO EVANGELICO GALILEENSE;27/12;ANIVERSARIO DA CIDADE;00/00;;00/00;;00/00;;00/00;;00/00;;00/00;;5;N
MG;GAMELEIRAS;VEA;I;A;N;S;S;7;7;0;603;0;0;0;REDI;;X;X;X;X;X; ;00/00;;00/00;;00/00;;00/00;;00/00;;00/00;;00/00;;00/00;;00/00;;00/00;;5;N
MG;GLAUCILANDIA;VEA;I;A;N;N;S;7;7;0;29;0;0;0;REDI;;X;X;X;X;X; ;00/00;;00/00;;00/00;;00/00;;00/00;;00/00;;00/00;;00/00;;00/00;;00/00;;5;N
MG;GOIABEIRA;GRF;I;A;N;N;S;8;8;0;258;150;0;0;LTOI;;X;X;X;X;X; ;00/00;;00/00;;00/00;;00/00;;00/00;;00/00;;00/00;;00/00;;00/00;;00/00;;5;N
MG;GOIANA;TAM;R;A;N;N;S;5;5;0;40;0;0;0;TAMR;;X;X;X;X;X; ;13/06;FERIADO MUNICIPAL;15/08;FERIADO MUNICIPAL;00/00;;00/00;;00/00;;00/00;;00/00;;00/00;;00/00;;00/00;;5;N
MG;GONCALVES;DCC;I;A;N;S;S;5;5;0;78;0;0;0;ALTR;; ; ;X; ; ; ;01/03;FERIADO MUNICIPAL;15/09;FERIADO MUNICIPAL;00/00;;00/00;;00/00;;00/00;;00/00;;00/00;;00/00;;00/00;;5;N
MG;GONZAGA;GRF;I;A;N;N;S;10;10;0;224;0;0;0;GRFI;;X; ; ; ; ; ;00/00;;00/00;;00/00;;00/00;;00/00;;00/00;;00/00;;00/00;;00/00;;00/00;;5;N
MG;GOUVEIA;TCW;P;A;N;N;S;4;4;0;93;0;0;0;TCWI;;X;X;X;X;X; ;13/06;PADROEIRO DO MUNICIPIO;08/12;FERIADO MUNICIPAL;00/00;;00/00;;00/00;;00/00;;00/00;;00/00;;00/00;;00/00;;5;N
MG;GOVERNADOR VALADARES;GVR;P;A;N;S;S;4;4;0;313;0;0;0;RWNI;;X;X;X;X;X; ;30/01;ANIVERSARIO DA CIDADE;13/06;DIA DO PADROEIRO;00/00;;00/00;;00/00;;00/00;;00/00;;00/00;;00/00;;00/00;;5;N
MG;GRAO MOGOL;VEA;I;A;N;S;S;7;7;0;501;0;0;0;REDI;;X;X;X;X;X; ;14/05;ANIVERSARIO DA CIDADE;13/06;DIA DE SANTO ANTONIO;31/10;DIA N SRA DO ROSARIO;00/00;;00/00;;00/00;;00/00;;00/00;;00/00;;00/00;;5;N
MG;GRUPIARA;TRU;I;A;N;N;S;6;6;0;137;195;0;0;PANI;;X;X;X;X;X; ;20/01;FERIADO MUNICIPAL;01/03;FERIADO MUNICIPAL;15/08;FERIADO MUNICIPAL;28/10;FERIADO MUNICIPAL;00/00;;00/00;;00/00;;00/00;;00/00;;00/00;;5;N
MG;GUANHAES;SSO;P;A;N;S;S;2;2;0;781;0;0;0;SSOP;;X;X;X;X;X; ;29/09;DIA DO PADROEIRO;25/10;DIA DO MUNICIPIO;00/00;;00/00;;00/00;;00/00;;00/00;;00/00;;00/00;;00/00;;5;N
MG;GUAPE;DCC;I;A;N;S;S;5;5;5;253;104;0;0;ALTI;; ;X; ; ; ; ;03/02;ANIVERSARIO DA CIDADE;15/08;ASSUNCAO DE NOSSA SENHORA;04/10;FERIADO MUNICIPAL;08/12;DIA N SRA DA CONCEICAO;00/00;;00/00;;00/00;;00/00;;00/00;;00/00;;5;N
MG;GUARACIABA;ROP;I;A;N;N;S;5;5;0;219;195;0;0;TAMI;;X;X;X;X;X; ;01/07;FERIADO MUNICIPAL;26/07;FERIADO MUNICIPAL;27/07;FERIADO MUNICIPAL;08/12;FERIADO MUNICIPAL;00/00;;00/00;;00/00;;00/00;;00/00;;00/00;;5;N
MG;GUARACIAMA;VEA;I;A;N;S;S;7;7;0;70;0;0;0;RMCR;;X;X;X;X;X; ;00/00;;00/00;;00/00;;00/00;;00/00;;00/00;;00/00;;00/00;;00/00;;00/00;;5;N
MG;GUARANESIA;DCC;I;A;N;N;S;2;2;0;501;104;0;0;REDI;;X;X;X;X;X; ;16/09;ANIVERSARIO DA CIDADE;04/12;DIA DA PADROEIRA;00/00;;00/00;;00/00;;00/00;;00/00;;00/00;;00/00;;00/00;;5;N
MG;GUARANI;TAM;R;A;N;N;S;5;5;0;71;0;0;0;TAMR;;X;X;X;X;X; ;25/03;ANIVERSARIO EMANCIPACAO POLITI;20/11;DIA DA CONCIENCIA NEGRA;00/00;;00/00;;00/00;;00/00;;00/00;;00/00;;00/00;;00/00;;5;N
MG;GUARARA;TAM;R;A;N;S;S;4;4;0;41;0;0;0;TAMR;;X;X;X;X;X; ;00/00;;00/00;;00/00;;00/00;;00/00;;00/00;;00/00;;00/00;;00/00;;00/00;;5;N
MG;GUARDA-MOR;STJ;I;A;N;N;S;5;5;0;261;0;0;0;PANI;;X;X;X;X;X; ;01/03;FERIADO MUNICIPAL;22/05;FERIADO MUNICIPAL;31/10;FERIADO MUNICIPAL;00/00;;00/00;;00/00;;00/00;;00/00;;00/00;;00/00;;5;N
MG;GUAXUPE;DCC;I;A;N;S;S;2;2;0;468;0;0;0;REDI;;X;X;X;X;X; ;01/06;ANIVERSARIO DA CIDADE;15/09;DIA DE N SRA DAS DORES;00/00;;00/00;;00/00;;00/00;;00/00;;00/00;;00/00;;00/00;;5;N
MG;GUIDOVAL;TAM;R;A;N;N;S;5;5;0;140;0;0;0;TAMR;;X;X;X;X;X; ;29/06;FERIADO MUNICIPAL;26/07;FERIADO MUNICIPAL;00/00;;00/00;;00/00;;00/00;;00/00;;00/00;;00/00;;00/00;;5;N
MG;GUIMARANIA;TRU;I;A;N;N;S;5;5;0;174;0;0;0;PANI;;X;X;X;X;X; ;20/01;FERIADO MUNICIPAL;01/03;FERIADO EM GUIMARANIA;15/08;FERIADO MUNICIPAL;00/00;;00/00;;00/00;;00/00;;00/00;;00/00;;00/00;;5;N
MG;GUIRICEMA;TAM;R;A;N;N;S;5;5;0;142;0;0;0;TAMR;;X;X;X;X;X; ;20/01;FERIADO MUNICIPAL;12/02;FERIADO MUNICIPAL;15/08;FERIADO MUNICIPAL;00/00;;00/00;;00/00;;00/00;;00/00;;00/00;;00/00;;5;N
MG;GURINHATA;TRU;R;A;N;N;S;6;6;0;204;195;0;0;PANI;;X;X;X;X;X; ;15/08;FERIADO MUNICIPAL;30/09;FERIADO MUNICIPAL;01/11;FERIADO MUNICIPAL;08/12;FERIADO MUNICIPAL;00/00;;00/00;;00/00;;00/00;;00/00;;00/00;;5;N
MG;HELIODORA;DCC;I;C;N;S;S;3;3;0;57;0;0;0;ALTR;; ;X; ; ;X; ;04/07;MUNICIPAL;26/12;FERIADO EM HELIODORA;00/00;;00/00;;00/00;;00/00;;00/00;;00/00;;00/00;;00/00;;5;N
MG;IAPU;GVR;P;A;N;N;S;4;4;0;251;0;0;0;RWNI;;X;X;X;X;X; ;26/12;FERIADO MUNICIPAL ;00/00;;00/00;;00/00;;00/00;;00/00;;00/00;;00/00;;00/00;;00/00;;5;N
MG;IBERTIOGA;TAM;I;A;N;N;S;7;7;0;135;0;0;0;TAMI;;X;X;X;X;X; ;01/03;FERIADO MUNICIPAL;13/06;FERIADO MUNICIPAL;08/12;FERIADO MUNICIPAL;00/00;;00/00;;00/00;;00/00;;00/00;;00/00;;00/00;;5;N
MG;IBIA;TRU;I;A;N;N;S;6;6;0;243;0;0;0;PANI;;X;X;X;X;X; ;15/08;DIA DE NOSSA SRA DA ABADIA;19/10;DIA DE SAO PEDRO DE ALCANTARA;00/00;;00/00;;00/00;;00/00;;00/00;;00/00;;00/00;;00/00;;5;N
MG;IBIAI;VEA;I;A;N;S;S;7;7;0;178;0;0;0;RMCR;;X;X;X;X;X; ;01/03;FERIADO MUNICIPAL;20/11;FERIADO EM IBIAI;08/12;FERIADO MUNICIPAL;00/00;;00/00;;00/00;;00/00;;00/00;;00/00;;00/00;;5;N
MG;IBIRACATU;VEA;I;A;N;S;S;8;8;0;541;0;0;0;REDI;;X;X;X;X;X; ;00/00;;00/00;;00/00;;00/00;;00/00;;00/00;;00/00;;00/00;;00/00;;00/00;;5;N
MG;IBIRACI;DCC;I;A;N;S;S;2;2;0;474;104;0;0;REDI;;X;X;X;X;X; ;06/04;ANIVERSARIO DA CIDADE;13/05;FERIADO MUNICIPAL;15/09;DIA DE N SRA DAS DORES;00/00;;00/00;;00/00;;00/00;;00/00;;00/00;;00/00;;5;N
MG;IBIRITE;BHZ;P;A;N;S;S;1;2;0;16;0;0;0;BHZP;;X;X;X;X;X; ;01/03;ANIVERSARIO DA CIDADE;27/11;DIA N S GRACAS;00/00;;00/00;;00/00;;00/00;;00/00;;00/00;;00/00;;00/00;;5;N
MG;IBITIURA DE MINAS;DCC;I;C;N;S;S;5;5;0;83;104;0;0;ALTR;; ;X; ; ;X; ;00/00;;00/00;;00/00;;00/00;;00/00;;00/00;;00/00;;00/00;;00/00;;00/00;;5;N
MG;IBITURUNA;DCC;I;A;N;N;S;5;5;0;222;104;0;0;TAMI;;X;X;X;X;X; ;28/01;PADROEIRO DA CIDADE;00/00;;00/00;;00/00;;00/00;;00/00;;00/00;;00/00;;00/00;;00/00;;5;N
MG;ICARAI DE MINAS;VEA;I;A;N;S;S;8;8;0;169;0;40;0;RMCP;;X;X;X;X;X; ;27/04;FERIADO MUNICIPAL;00/00;;00/00;;00/00;;00/00;;00/00;;00/00;;00/00;;00/00;;00/00;;5;N
MG;IGARAPE;BHZ;R;A;N;S;S;2;2;0;32;0;0;0;BHZR;;X;X;X;X;X; ;01/03;ANIVERSARIO DA CIDADE;13/06;DIA DO PADROEIRO;20/11;FERIADO MUNICIPAL;00/00;;00/00;;00/00;;00/00;;00/00;;00/00;;00/00;;5;N
MG;IGARATINGA;BHZ;P;A;S;N;S;2;2;0;42;150;0;0;RWNI;;X;X;X;X;X; ;01/03;FERIADO MUNICIPAL;13/06;FERIADO MUNICIPAL;00/00;;00/00;;00/00;;00/00;;00/00;;00/00;;00/00;;00/00;;5;N
MG;IGUATAMA;RWN;P;A;N;S;S;4;4;0;202;0;0;0;RWNI;;X;X;X;X;X; ;15/08;DIA DE NOSSA SRA DA ABADIA;04/10;FERIADO MUNICIPAL;08/12;FERIADO MUNICIPAL;00/00;;00/00;;00/00;;00/00;;00/00;;00/00;;00/00;;5;N
MG;IJACI;DCC;I;C;N;S;S;5;5;2;200;104;0;0;ALTI;; ; ; ; ;X; ;20/01;FERIADO MUNICIPAL;01/03;FERIADO MUNICIPAL;08/12;FERIADO MUNICIPAL;00/00;;00/00;;00/00;;00/00;;00/00;;00/00;;00/00;;5;N
MG;ILICINEA;DCC;I;C;N;S;S;3;3;0;226;104;0;0;ALTI;; ;X; ; ; ; ;13/08;MUNICIPAL;08/12;PADROEIRA DA CIDADE;12/12;MUNICIPAL;00/00;;00/00;;00/00;;00/00;;00/00;;00/00;;00/00;;5;N
MG;IMBE DE MINAS;GRF;P;A;N;N;S;7;7;0;119;0;0;0;LTOI;;X;X;X;X;X; ;00/00;;00/00;;00/00;;00/00;;00/00;;00/00;;00/00;;00/00;;00/00;;00/00;;5;N
MG;INCONFIDENTES;DCC;I;A;N;S;S;3;3;0;48;0;0;0;ALTR;; ;X; ; ;X; ;01/03;FERIADO MUNICIPAL;16/10;FERIADO MUNICIPAL;00/00;;00/00;;00/00;;00/00;;00/00;;00/00;;00/00;;00/00;;5;N
MG;INDAIABIRA;VEA;I;A;N;N;S;8;8;0;657;0;0;0;REDI;;X;X;X;X;X; ;00/00;;00/00;;00/00;;00/00;;00/00;;00/00;;00/00;;00/00;;00/00;;00/00;;5;N
MG;INDIANOPOLIS;TRU;I;A;N;S;S;5;5;0;62;0;0;0;PANI;;X;X;X;X;X; ;30/05;FERIADO MUNICIPAL;26/07;FERIADO MUNICIPAL;17/12;FERIADO EM INDIANOPOLIS;00/00;;00/00;;00/00;;00/00;;00/00;;00/00;;00/00;;5;N
MG;INGAI;DCC;I;C;N;S;S;3;3;2;182;0;0;0;ALTI;; ;X; ; ; ; ;00/00;;00/00;;00/00;;00/00;;00/00;;00/00;;00/00;;00/00;;00/00;;00/00;;5;N
MG;INHAPIM;GVR;P;A;N;N;S;4;4;0;275;0;0;0;RWNI;;X;X;X;X;X; ;20/01;DIA DO PADROEIRO;17/12;EMANCIPACAO POLITICA DO MUNICI;00/00;;00/00;;00/00;;00/00;;00/00;;00/00;;00/00;;00/00;;5;N
MG;INHAUMA;SET;P;A;N;N;S;2;1;0;24;150;0;0;SETP;;X;X;X;X;X; ;20/01;FERIADO MUNICIPAL;08/12;FERIADO MUNICIPAL;27/12;FERIADO MUNICIPAL;00/00;;00/00;;00/00;;00/00;;00/00;;00/00;;00/00;;5;N
MG;INIMUTABA;TCW;P;A;N;N;S;2;2;0;9;0;0;0;TCWI;;X;X;X;X;X; ;08/12;FERIADO MUNICIPAL;00/00;;00/00;;00/00;;00/00;;00/00;;00/00;;00/00;;00/00;;00/00;;5;N
MG;IPABA;GRF;I;A;N;N;S;4;4;0;156;0;0;0;LTOI;;X;X;X;X;X; ;27/04;FERIADO MUNICIPAL;15/08;FERIADO MUNICIPAL;01/09;FERIADO MUNICIPAL;00/00;;00/00;;00/00;;00/00;;00/00;;00/00;;00/00;;5;N
MG;IPANEMA;GRF;I;A;N;N;S;8;8;0;82;100;0;0;LTOI;;X;X;X;X;X; ;13/06;DIA DO PADROEIRO;08/12;DIA IMACULADA CONCEICAO;00/00;;00/00;;00/00;;00/00;;00/00;;00/00;;00/00;;00/00;;5;N
MG;IPATINGA;GVR;P;A;N;S;S;4;4;0;211;0;0;0;RWNI;;X;X;X;X;X; ;29/04;DIA DA EMANCIPACAO POLITICA;15/08;ASS NOSSA SENHORA;00/00;;00/00;;00/00;;00/00;;00/00;;00/00;;00/00;;00/00;;5;N
MG;IPIACU;TRU;R;A;N;N;S;6;6;0;203;195;0;0;PANI;;X;X;X;X;X; ;31/05;FERIADO MUNICIPAL;01/09;FERIADO MUNICIPAL;00/00;;00/00;;00/00;;00/00;;00/00;;00/00;;00/00;;00/00;;5;N
MG;IPUIUNA;DCC;I;A;N;S;S;5;5;0;47;0;0;0;ALTR;; ;X; ; ;X; ;13/05;FERIADO MUNICIPAL;22/05;MUNICIPAL;24/06;SAO JOAO;12/12;FERIADO MUNICIPAL;00/00;;00/00;;00/00;;00/00;;00/00;;00/00;;5;N
MG;IRAI DE MINAS;TRU;I;A;N;N;S;5;5;0;97;0;0;0;PANI;;X;X;X;X;X; ;08/12;FERIADO MUNICIPAL;00/00;;00/00;;00/00;;00/00;;00/00;;00/00;;00/00;;00/00;;00/00;;5;N
MG;ITABIRA;GVR;P;A;N;N;S;3;3;0;251;0;0;0;RWNI;;X;X;X;X;X; ;09/10;FERIADO MUNICIPAL;08/12;FERIADO MUNICIPAL;00/00;;00/00;;00/00;;00/00;;00/00;;00/00;;00/00;;00/00;;5;N
MG;ITABIRINHA;GRF;I;A;N;N;S;6;6;0;436;200;0;0;GRFP;;X;X;X;X;X; ;14/09;FERIADO MUNICIPAL;08/12;FERIADO MUNICIPAL;00/00;;00/00;;00/00;;00/00;;00/00;;00/00;;00/00;;00/00;;5;N
MG;ITABIRITO;BHZ;R;A;N;S;S;4;4;0;68;0;0;0;BHZR;;X;X;X;X;X; ;15/08;DIA DA PADROEIRA;08/12;DIA N SRA DA CONCEICAO;00/00;;00/00;;00/00;;00/00;;00/00;;00/00;;00/00;;00/00;;5;N
MG;ITACAMBIRA;VEA;I;A;N;S;S;8;8;0;390;0;0;0;REDI;;X;X;X;X;X; ;00/00;;00/00;;00/00;;00/00;;00/00;;00/00;;00/00;;00/00;;00/00;;00/00;;5;N
MG;ITACARAMBI;VEA;I;A;N;S;S;7;7;0;232;0;0;0;RMCP;;X;X;X;X;X; ;02/03;FERIADO MUNICIPAL;24/06;SAO JOAO;08/12;FERIADO MUNICIPAL;00/00;;00/00;;00/00;;00/00;;00/00;;00/00;;00/00;;5;N
MG;ITAGUARA;RWN;P;A;N;S;S;3;3;0;107;135,2;0;0;RWNI;;X;X;X;X;X; ;15/09;FERIADO EM ITAGUARA;31/12;EMANCIPACAO POLITICA;00/00;;00/00;;00/00;;00/00;;00/00;;00/00;;00/00;;00/00;;5;N
MG;ITAIPE;GRF;I;A;N;N;S;7;7;0;591;0;0;0;REDI;;X;X;X;X;X; ;08/12;FERIADO MUNICIPAL;30/12;FERIADO MUNICIPAL;00/00;;00/00;;00/00;;00/00;;00/00;;00/00;;00/00;;00/00;;5;N
MG;ITAJUBA;DCC;I;A;N;S;S;3;3;0;69;0;0;0;ALTR;; ;X;X; ;X; ;19/03;ANIVERSARIO DA CIDADE;15/08;ASSUNCAO DE NOSSA SENHORA;00/00;;00/00;;00/00;;00/00;;00/00;;00/00;;00/00;;00/00;;5;N
MG;ITAMARANDIBA;SSO;P;A;N;N;S;2;2;0;823;0;0;0;PANI;;X;X;X;X;X; ;24/06;ANIVERSARIO DA CIDADE;20/11;FERIADO MUNICIPAL;08/12;FERIADO MUNICIPAL;00/00;;00/00;;00/00;;00/00;;00/00;;00/00;;00/00;;5;N
MG;ITAMARATI DE MINAS;TAM;R;A;N;N;S;7;7;0;127;0;0;0;TAMR;;X;X;X;X;X; ;01/03;FERIADO MUNICIPAL;14/09;FERIADO MUNICIPAL;00/00;;00/00;;00/00;;00/00;;00/00;;00/00;;00/00;;00/00;;5;N
MG;ITAMBACURI;GRF;I;A;S;N;S;6;6;0;303;0;0;0;LTOP;;X;X;X;X;X; ;13/04;DIA DA EMANCIPACAO POLITICA;02/08;DIA DE NOSSA SENHORA DOS ANJOS;04/10;DIA DE SAO FRANCISCO DE ASSIS;00/00;;00/00;;00/00;;00/00;;00/00;;00/00;;00/00;;5;N
MG;ITAMBE DO MATO DENTRO;EJM;P;A;N;N;S;5;5;0;116;450;0;0;STFP;;X;X;X;X;X; ;00/00;;00/00;;00/00;;00/00;;00/00;;00/00;;00/00;;00/00;;00/00;;00/00;;5;N
MG;ITAMOGI;DCC;I;A;N;S;S;2;2;0;412;104;0;0;EXSI;;X;X;X;X;X; ;06/01;MUNICIPAL;24/06;DIA DE SAO JOAO BATISTA;13/12;DIA DE SANTA LUIZA;00/00;;00/00;;00/00;;00/00;;00/00;;00/00;;00/00;;5;N
MG;ITAMONTE;DCC;R;A;N;S;S;3;3;0;170;0;0;0;ALTI;; ; ; ; ;X; ;19/03;DIA DO PADROEIRO;17/12;EMANCIPACAO POLITICA;00/00;;00/00;;00/00;;00/00;;00/00;;00/00;;00/00;;00/00;;5;N
MG;ITANHANDU;DCC;R;A;N;S;S;3;3;0;167;0;0;0;ALTI;; ; ; ; ;X; ;08/12;DIA DA PADROEIRA;00/00;;00/00;;00/00;;00/00;;00/00;;00/00;;00/00;;00/00;;00/00;;5;N
MG;ITANHOMI;GRF;I;A;N;N;S;6;6;0;171;0;0;0;LTOP;;X;X;X;X;X; ;14/09;FERIADO MUNICIPAL;00/00;;00/00;;00/00;;00/00;;00/00;;00/00;;00/00;;00/00;;00/00;;5;N
MG;ITAOBIM;GRF;I;A;N;N;S;6;6;0;492;0;0;0;LTOI;;X;X;X;X;X; ;24/06;FERIADO MUNICIPAL;16/08;FERIADO MUNICIPAL;30/12;FERIADO MUNICIPAL;00/00;;00/00;;00/00;;00/00;;00/00;;00/00;;00/00;;5;N
MG;ITAPAGIPE;TRU;I;A;N;N;S;8;8;0;221;0;0;0;PANI;;X;X;X;X;X; ;13/06;DIA DO PADROEIRO;27/12;ANIVERSARIO DA CIDADE;00/00;;00/00;;00/00;;00/00;;00/00;;00/00;;00/00;;00/00;;5;N
MG;ITAPECERICA;RWN;P;A;N;S;S;3;3;0;70;0;0;0;RWNI;;X;X;X;X;X; ;11/07;DIA DE SAO BENTO;20/11;ANIVERSARIO DA CIDADE;00/00;;00/00;;00/00;;00/00;;00/00;;00/00;;00/00;;00/00;;5;N
MG;ITAPEVA;DCC;I;A;N;S;S;4;4;1;87;0;0;0;ALTR;; ;X; ; ;X; ;20/01;MUNICIPAL;01/03;FERIADO MUNICIPAL;00/00;;00/00;;00/00;;00/00;;00/00;;00/00;;00/00;;00/00;;5;N
MG;ITATIAIUCU;RWN;P;A;N;S;S;3;3;0;46;114,4;0;0;RWNP;;X;X;X;X;X; ;20/01;FERIADO MUNICIPAL;01/03;FERIADO MUNICIPAL;15/08;FERIADO MUNICIPAL;00/00;;00/00;;00/00;;00/00;;00/00;;00/00;;00/00;;5;N
MG;ITAU DE MINAS;DCC;I;A;N;N;S;2;2;0;250;0;0;0;RWNI;;X;X;X;X;X; ;11/09;FERIADO EM ITAU DE MINAS;00/00;;00/00;;00/00;;00/00;;00/00;;00/00;;00/00;;00/00;;00/00;;5;N
MG;ITAUNA;BHZ;P;A;N;S;S;2;2;0;49;0;0;0;RWNI;;X;X;X;X;X; ;26/07;DIA DE NOSSA SRA DE SANTANA;15/08;FERIADO MUNICIPAL;16/09;ANIVERSARIO DA CIDADE;00/00;;00/00;;00/00;;00/00;;00/00;;00/00;;00/00;;5;N
MG;ITAVERAVA;ROP;I;A;N;S;S;5;5;0;132;195;0;0;TLSI;;X;X;X;X;X; ;00/00;;00/00;;00/00;;00/00;;00/00;;00/00;;00/00;;00/00;;00/00;;00/00;;5;N
MG;ITINGA;GRF;I;A;N;N;S;6;6;0;630;0;0;0;GRFP;;X;X;X;X;X; ;13/06;FERIADO MUNICIPAL;08/09;FERIADO MUNICIPAL;31/12;FERIADO MUNICIPAL;00/00;;00/00;;00/00;;00/00;;00/00;;00/00;;00/00;;5;N
MG;ITUETA;GRF;I;A;N;N;S;6;6;0;193;0;0;0;LTOI;;X;X;X;X;X; ;19/03;FERIADO MUNICIPAL;24/06;FERIADO MUNICIPAL;31/10;FERIADO MUNICIPAL;08/12;FERIADO MUNICIPAL;27/12;FERIADO MUNICIPAL;00/00;;00/00;;00/00;;00/00;;00/00;;5;N
MG;ITUIUTABA;TRU;R;A;N;S;S;4;4;0;136;0;0;0;PANI;;X;X;X;X;X; ;15/08;DIA DE NOSSA SRA DA ABADIA;16/09;ANIVERSARIO DA CIDADE;00/00;;00/00;;00/00;;00/00;;00/00;;00/00;;00/00;;00/00;;5;N
MG;ITUMIRIM;DCC;I;C;N;S;S;4;4;0;210;0;0;0;ALTI;; ;X; ; ; ; ;19/03;DIA DE SAO JOSE;01/11;DIA DE TODOS OS SANTOS;00/00;;00/00;;00/00;;00/00;;00/00;;00/00;;00/00;;00/00;;5;N
MG;ITURAMA;TRU;I;A;N;N;S;9;9;0;243;195;0;0;PANI;;X;X;X;X;X; ;22/05;SANTA RITA DE CASSIA;23/08;ANIVERSARIO DE ITURAMA;00/00;;00/00;;00/00;;00/00;;00/00;;00/00;;00/00;;00/00;;5;N
MG;ITUTINGA;DCC;I;A;N;N;S;4;4;0;206;104;0;0;TAMI;;X;X;X;X;X; ;13/06;FERIADO MUNICIPAL;27/11;FERIADO MUNICIPAL;08/12;FERIADO MUNICIPAL;00/00;;00/00;;00/00;;00/00;;00/00;;00/00;;00/00;;5;N
MG;JABOTICATUBAS;BHZ;P;A;N;S;S;4;5;0;80;175;0;0;BHZP;;X;X;X;X;X; ;08/12;DIA N SRA DA CONCEICAO;17/12;ANIVERSARIO DA CIDADE;00/00;;00/00;;00/00;;00/00;;00/00;;00/00;;00/00;;00/00;;5;N
MG;JACINTO;GRF;I;A;N;N;S;10;10;0;767;0;0;0;REDI;;X;X;X;X;X; ;13/06;DIA DE SANTO ANTONIO;10/12;FERIADO MUNICIPAL;31/12;ANIVERSARIO DA CIDADE;00/00;;00/00;;00/00;;00/00;;00/00;;00/00;;00/00;;5;N
MG;JACUI;DCC;I;A;N;S;S;2;2;0;449;0;0;0;REDI;;X;X;X;X;X; ;19/07;DIA DE EMANCIPACAO POLITICA;08/12;FERIADO MUNICIPAL;00/00;;00/00;;00/00;;00/00;;00/00;;00/00;;00/00;;00/00;;5;N
MG;JACUTINGA;DCC;I;A;N;S;S;4;4;0;83;0;0;0;ALTR;; ;X; ; ;X; ;13/06;DIA DE SANTO ANTONIO;16/09;ANIVERSARIO DA CIDADE;00/00;;00/00;;00/00;;00/00;;00/00;;00/00;;00/00;;00/00;;5;N
MG;JAGUARACU;GVR;I;A;N;N;S;5;5;0;184;0;0;0;LTOI;;X;X;X;X;X; ;00/00;;00/00;;00/00;;00/00;;00/00;;00/00;;00/00;;00/00;;00/00;;00/00;;5;N
MG;JAIBA;VEA;I;A;N;S;S;7;7;0;208;0;0;0;VEAI;;X;X;X;X;X; ;27/04;FERIADO MUNICIPAL;15/08;FERIADO MUNICIPAL;20/11;FERIADO MUNICIPAL;00/00;;00/00;;00/00;;00/00;;00/00;;00/00;;00/00;;5;N
MG;JAMPRUCA;GRF;I;A;N;N;S;8;8;0;252;0;0;0;LTOI;;X;X;X;X;X; ;28/04;FERIADO MUNICIPAL;00/00;;00/00;;00/00;;00/00;;00/00;;00/00;;00/00;;00/00;;00/00;;5;N
MG;JANAUBA;VEA;I;A;N;S;S;5;5;0;134;0;0;0;VEAI;;X;X;X;X;X; ;24/06;DIA DE SAO JOAO;00/00;;00/00;;00/00;;00/00;;00/00;;00/00;;00/00;;00/00;;00/00;;5;N
MG;JANUARIA;VEA;I;A;N;S;S;7;7;0;170;0;0;0;VEAI;;X;X;X;X;X; ;24/06;DIA DE SAO JOAO;15/09;FERIADO EM JANUARIA;07/10;EMANCIPACAO POLITICA MUNICIPIO;00/00;;00/00;;00/00;;00/00;;00/00;;00/00;;00/00;;5;N
MG;JAPARAIBA;RWN;P;A;N;S;S;3;3;0;186;0;0;0;RWNI;;X;X;X;X;X; ;00/00;;00/00;;00/00;;00/00;;00/00;;00/00;;00/00;;00/00;;00/00;;00/00;;5;N
MG;JAPONVAR;VEA;I;A;N;S;S;7;7;0;103;0;0;0;RMCR;;X;X;X;X;X; ;00/00;;00/00;;00/00;;00/00;;00/00;;00/00;;00/00;;00/00;;00/00;;00/00;;5;N
MG;JECEABA;ROP;I;A;N;S;S;4;4;0;120;195;0;0;ROPI;;X;X;X;X;X; ;15/08;ASSUNCAO DE NOSSA SENHORA;08/12;NOSSA SENHORA DA CONCEICAO;12/12;ANIVERSASRIO DA CIDADE;00/00;;00/00;;00/00;;00/00;;00/00;;00/00;;00/00;;5;N
MG;JENIPAPO DE MINAS;GRF;I;A;N;N;S;10;10;0;507;0;0;0;REDI;;X; ; ; ; ; ;00/00;;00/00;;00/00;;00/00;;00/00;;00/00;;00/00;;00/00;;00/00;;00/00;;5;N
MG;JEQUERI;ROP;I;A;N;N;S;5;5;0;256;260;0;0;TAMI;; ; ;X; ; ; ;26/07;DIA NOSSA SENHORA DE SANTANA;28/07;FERIADO MUNICIPAL;14/09;JUBILEU DO GROTA;08/12;DIA N SRA DA CONCEICAO;00/00;;00/00;;00/00;;00/00;;00/00;;00/00;;5;N
MG;JEQUITAI;VEA;I;A;N;S;S;7;7;0;102;0;0;0;RMCR;;X;X;X;X;X; ;08/12;FERIADO MUNICIPAL;27/12;FERIADO MUNICIPAL;00/00;;00/00;;00/00;;00/00;;00/00;;00/00;;00/00;;00/00;;5;N
MG;JEQUITIBA;SET;I;A;N;S;S;2;2;0;37;250;0;0;SETI;;X;X;X;X;X; ;00/00;;00/00;;00/00;;00/00;;00/00;;00/00;;00/00;;00/00;;00/00;;00/00;;5;N
MG;JEQUITINHONHA;GRF;I;A;N;N;S;6;6;0;723;0;0;0;GRFP;;X;X;X;X;X; ;29/09;DIA DE SAO MIGUEL ;00/00;;00/00;;00/00;;00/00;;00/00;;00/00;;00/00;;00/00;;00/00;;5;N
MG;JESUANIA;DCC;I;C;N;S;S;3;3;0;89;0;0;0;ALTR;; ;X; ; ;X; ;20/01;MUNICIPAL;06/08;MUNICIPAL;08/12;PADROEIRA DA CIDADE;27/12;FERIADO EM JESUANIA;00/00;;00/00;;00/00;;00/00;;00/00;;00/00;;5;N
MG;JOAIMA;GRF;I;A;N;N;S;7;7;0;693;0;0;0;REDI;;X;X;X;X;X; ;24/06;FERIADO MUNICIPAL;06/08;FERIADO MUNICIPAL;27/12;FERIADO MUNICIPAL;00/00;;00/00;;00/00;;00/00;;00/00;;00/00;;00/00;;5;N
MG;JOANESIA;GVR;I;A;N;N;S;7;7;0;283;0;0;0;GRFI;EXCLUSAO TDA TROCA DE PARCEIRO GRIFE PARA GUERRAS ;X;X;X;X;X; ;20/01;SAO SEBASTIAO;12/12;ANIVERSARIO DE JOANESIA;00/00;;00/00;;00/00;;00/00;;00/00;;00/00;;00/00;;00/00;;5;N
MG;JOAO MONLEVADE;EJM;P;A;N;S;S;3;3;0;260;0;0;0;RWNI;;X;X;X;X;X; ;29/04;ANIVERSARIO DA CIDADE;08/12;DIA N SRA DA CONCEICAO;00/00;;00/00;;00/00;;00/00;;00/00;;00/00;;00/00;;00/00;;5;N
MG;JOAO PINHEIRO;STJ;P;A;N;N;S;3;3;0;366;0;0;0;PANI;;X;X;X;X;X; ;26/07;DIA NOSSA SENHORA DE SANTANA;10/09;ANIVERSARIO DA CIDADE;31/10;FERIADO MUNICIPAL;00/00;;00/00;;00/00;;00/00;;00/00;;00/00;;00/00;;5;N
MG;JOAQUIM FELICIO;VEA;I;A;N;S;S;8;8;0;127;0;0;0;GRFI;;X;X;X;X;X; ;31/08;FERIADO MUNICIPAL;15/09;FERIADO MUNICIPAL;01/11;FERIADO MUNICIPAL;08/12;FERIADO MUNICIPAL;00/00;;00/00;;00/00;;00/00;;00/00;;00/00;;5;N
MG;JORDANIA;GRF;I;A;N;N;S;15;15;0;847;0;0;0;GRFI;CIDADE ATENDIDA DE 15 EM 15 DIAS ; ;X; ; ; ; ;00/00;;00/00;;00/00;;00/00;;00/00;;00/00;;00/00;;00/00;;00/00;;00/00;;5;N
MG;JOSE GONCALVES DE MINAS;SSO;P;A;N;S;S;7;7;0;149;573,6;0;0;SSOI;;X;X;X;X;X; ;00/00;;00/00;;00/00;;00/00;;00/00;;00/00;;00/00;;00/00;;00/00;;00/00;;5;N
MG;JOSE RAYDAN;GRF;I;A;N;N;S;15;15;0;88;0;0;0;GRFI;;X;X;X;X;X; ;00/00;;00/00;;00/00;;00/00;;00/00;;00/00;;00/00;;00/00;;00/00;;00/00;;5;N
MG;JOSENOPOLIS;VEA;I;A;N;S;S;8;8;0;204;0;0;0;RMCR;;X;X;X;X;X; ;00/00;;00/00;;00/00;;00/00;;00/00;;00/00;;00/00;;00/00;;00/00;;00/00;;5;N
MG;JUATUBA;BHZ;R;A;N;S;S;2;2;0;36;0;0;0;BHZR;;X;X;X;X;X; ;20/01;FERIADO MUNICIPAL;27/04;FERIADO MUNICIPAL;00/00;;00/00;;00/00;;00/00;;00/00;;00/00;;00/00;;00/00;;5;N
MG;JUIZ DE FORA;TAM;P;A;N;S;S;2;2;0;1;0;0;0;TAMI;;X;X;X;X;X; ;13/06;DIA DE SANTO ANTONIO;00/00;;00/00;;00/00;;00/00;;00/00;;00/00;;00/00;;00/00;;00/00;;5;N
MG;JURAMENTO;VEA;I;A;N;S;S;7;7;0;38;40;0;0;RMCR;;X;X;X;X;X; ;00/00;;00/00;;00/00;;00/00;;00/00;;00/00;;00/00;;00/00;;00/00;;00/00;;5;N
MG;JURUAIA;DCC;I;A;N;S;S;2;2;0;457;0;0;0;REDI;;X;X;X;X;X; ;20/01;FERIADO MUNICIPAL;27/12;FERIADO EM JURUAIA;00/00;;00/00;;00/00;;00/00;;00/00;;00/00;;00/00;;00/00;;5;N
MG;JUVENILIA;VEA;I;A;N;S;S;7;7;0;369;40;0;0;RMCR;;X;X;X;X;X; ;00/00;;00/00;;00/00;;00/00;;00/00;;00/00;;00/00;;00/00;;00/00;;00/00;;5;N
MG;LADAINHA;GRF;I;A;N;N;S;8;8;0;527;0;0;0;GRFP;;X;X;X;X;X; ;20/01;FERIADO MUNICIPAL;00/00;;00/00;;00/00;;00/00;;00/00;;00/00;;00/00;;00/00;;00/00;;5;N
MG;LAGAMAR;TRU;I;A;N;N;S;5;5;0;225;0;0;0;PANI;;X;X;X;X;X; ;03/03;FERIADO MUNICIPAL;22/11;FERIADO MUNICIPAL;00/00;;00/00;;00/00;;00/00;;00/00;;00/00;;00/00;;00/00;;5;N
MG;LAGOA DA PRATA;DDB;P;A;N;S;S;3;43;0;189;0;0;0;RWNI;;X;X;X;X;X; ;04/11;DIA DO PADROEIRO;27/12;ANIVERSARIO DA CIDADE;00/00;;00/00;;00/00;;00/00;;00/00;;00/00;;00/00;;00/00;;5;N
MG;LAGOA DOS PATOS;VEA;I;A;N;S;S;7;7;0;106;0;0;0;RMCR;;X;X;X;X;X; ;00/00;;00/00;;00/00;;00/00;;00/00;;00/00;;00/00;;00/00;;00/00;;00/00;;5;N
MG;LAGOA DOURADA;TAM;I;A;N;N;S;7;7;0;162;0;0;0;TAMI;;X;X;X;X;X; ;06/06;FERIADO MUNICIPAL;13/06;FERIADO MUNICIPAL;00/00;;00/00;;00/00;;00/00;;00/00;;00/00;;00/00;;00/00;;5;N
MG;LAGOA FORMOSA;TRU;I;A;N;N;S;6;6;0;232;0;0;0;PANI;;X;X;X;X;X; ;01/03;FERIADO EM LAGOA FORMOSA;15/08;FERIADO MUNICIPAL;08/09;FERIADO MUNICIPAL;00/00;;00/00;;00/00;;00/00;;00/00;;00/00;;00/00;;5;N
MG;LAGOA GRANDE;STJ;I;A;N;N;S;7;7;0;320;85;0;0;PANI;;X;X;X;X;X; ;20/01;FERIADO MUNICIPAL;27/04;FERIADO MUNICIPAL;15/08;FERIADO MUNICIPAL;30/11;FERIADO MUNICIPAL;00/00;;00/00;;00/00;;00/00;;00/00;;00/00;;5;N
MG;LAGOA SANTA;BHZ;P;A;N;S;S;1;1;0;53;0;0;0;BHZP;;X;X;X;X;X; ;15/08;FESTA DA PADROEIRA;08/12;NOSSA SENHORA CONCEICAO;17/12;ANIVERSARIO DA CIDADE;00/00;;00/00;;00/00;;00/00;;00/00;;00/00;;00/00;;5;N
MG;LAJINHA;GRF;I;A;N;N;S;8;8;0;55;200;0;0;LTOI;;X;X;X;X;X; ;22/06;FERIADO EM LAJINHA;21/08;FERIADO MUNICIPAL;21/10;FERIADO MUNICIPAL;00/00;;00/00;;00/00;;00/00;;00/00;;00/00;;00/00;;5;N
MG;LAMBARI;DCC;R;A;N;S;S;3;3;0;80;0;0;0;ALTR;; ;X; ; ;X; ;15/08;DIA DA PADROEIRA DA CIDADE;16/09;DIA DA CIDADE;00/00;;00/00;;00/00;;00/00;;00/00;;00/00;;00/00;;00/00;;5;N
MG;LAMIM;ROP;I;A;N;S;S;5;5;0;161;260;0;0;TLSI;;X;X;X;X;X; ;00/00;;00/00;;00/00;;00/00;;00/00;;00/00;;00/00;;00/00;;00/00;;00/00;;5;N
MG;LARANJAL;TAM;R;A;N;N;S;7;7;0;126;0;0;0;TAMR;;X;X;X;X;X; ;08/12;FERIADO MUNICIPAL;17/12;FERIADO MUNICIPAL;00/00;;00/00;;00/00;;00/00;;00/00;;00/00;;00/00;;00/00;;5;N
MG;LASSANCE;VEA;I;A;N;S;S;7;7;0;78;0;0;0;VEAP;;X;X;X;X;X; ;29/06;FERIADO MUNICIPAL;16/07;FERIADO MUNICIPAL;08/12;FERIADO MUNICIPAL;12/12;FERIADO MUNICIPAL;00/00;;00/00;;00/00;;00/00;;00/00;;00/00;;5;N
MG;LAVRAS;DCC;R;A;N;S;S;3;3;2;185;0;0;0;ALTI;; ;X; ; ;X; ;26/07;DIA DE N. SRA DE SANTANA-PADRO;13/10;DIA DE SANTO EDUARDO;00/00;;00/00;;00/00;;00/00;;00/00;;00/00;;00/00;;00/00;;5;N
MG;LEANDRO FERREIRA;GRF;P;A;S;N;N;13;13;0;174;250;0;0;REDI;;X;X;X;X;X; ;20/01;FERIADO MUNICIPAL;01/03;FERIADO MUNICIPAL;30/06;FERIADO MUNICIPAL;22/12;FERIADO MUNICIPAL;00/00;;00/00;;00/00;;00/00;;00/00;;00/00;;5;N
MG;LEME DO PRADO;GRF;P;A;N;S;S;15;15;0;123;0;0;0;SSOI;;X;X;X;X;X; ;00/00;;00/00;;00/00;;00/00;;00/00;;00/00;;00/00;;00/00;;00/00;;00/00;;5;N
MG;LEOPOLDINA;TAM;R;A;N;S;S;4;4;0;96;0;0;0;TAMR;;X;X;X;X;X; ;20/01;DIA DO PADROEIRO;27/04;ANIVERSARIO DA CIDADE;00/00;;00/00;;00/00;;00/00;;00/00;;00/00;;00/00;;00/00;;5;N
MG;LIBERDADE;DCC;I;A;N;N;S;4;4;0;143;104;0;0;TAMI;;X;X;X;X;X; ;14/09;FERIADO MUNICIPAL;17/12;FERIADO MUNICIPAL;00/00;;00/00;;00/00;;00/00;;00/00;;00/00;;00/00;;00/00;;5;N
MG;LIMA DUARTE;TAM;R;A;N;N;S;5;5;0;63;0;0;0;TAMR;;X;X;X;X;X; ;15/09;DIA DA PADROEIRA;02/10;FERIADO MUNICIPAL;03/10;ANIVERSARIO DA CIDADE;00/00;;00/00;;00/00;;00/00;;00/00;;00/00;;00/00;;5;N
MG;LIMEIRA DO OESTE;TRU;I;A;N;N;S;9;9;0;295;195;0;0;PANI;;X;X;X;X;X; ;29/06;FERIADO MUNICIPAL;00/00;;00/00;;00/00;;00/00;;00/00;;00/00;;00/00;;00/00;;00/00;;5;N
MG;LONTRA;VEA;I;A;N;S;S;7;7;0;115;0;0;0;RMCR;;X;X;X;X;X; ;00/00;;00/00;;00/00;;00/00;;00/00;;00/00;;00/00;;00/00;;00/00;;00/00;;5;N
MG;LUISBURGO;GRF;I;A;N;N;S;8;8;0;28;100;0;0;LTOI;;X;X;X;X;X; ;21/06;FERIADO MUNICIPAL;26/09;FERIADO MUNICIPAL;21/12;FERIADO MUNICIPAL;00/00;;00/00;;00/00;;00/00;;00/00;;00/00;;00/00;;5;N
MG;LUISLANDIA;VEA;I;A;N;S;S;7;7;0;654;45;0;0;TRUI;;X;X;X;X;X; ;00/00;;00/00;;00/00;;00/00;;00/00;;00/00;;00/00;;00/00;;00/00;;00/00;;5;N
MG;LUMINARIAS;DCC;I;C;N;S;S;4;4;2;165;104;0;0;ALTI;; ;X; ; ; ; ;15/07;FERIADO MUNICIPAL;16/07;FERIADO MUNICIPAL;17/07;FERIADO MUNICIPAL;00/00;;00/00;;00/00;;00/00;;00/00;;00/00;;00/00;;5;N
MG;LUZ;RWN;P;A;N;S;S;3;3;0;169;100;0;0;RWNI;;X;X;X;X;X; ;02/02;FESTA DE NOSSA SENHORA DA LUZ;08/12;DIA N SRA DA CONCEICAO;00/00;;00/00;;00/00;;00/00;;00/00;;00/00;;00/00;;00/00;;5;N
MG;MACHACALIS;GRF;I;A;N;S;S;10;10;0;702;0;0;0;REDI;;X;X;X;X;X; ;20/01;FERIADO MUNICIPAL;24/06;FERIADO MUNICIPAL;00/00;;00/00;;00/00;;00/00;;00/00;;00/00;;00/00;;00/00;;5;N
MG;MACHADO;DCC;R;A;N;S;S;3;3;0;83;0;0;0;ALTR;; ;X; ; ;X; ;13/09;ANIVERSARIO DA CIDADE;00/00;;00/00;;00/00;;00/00;;00/00;;00/00;;00/00;;00/00;;00/00;;5;N
MG;MADRE DE DEUS DE MINAS;TAM;I;A;N;N;S;7;7;0;198;0;0;0;TAMI;;X;X;X;X;X; ;12/12;FERIADO MUNICIPAL;00/00;;00/00;;00/00;;00/00;;00/00;;00/00;;00/00;;00/00;;00/00;;5;N
MG;MALACACHETA;GRF;I;A;N;N;S;10;10;0;434;0;0;0;REDI;;X;X;X;X;X; ;22/05;DIA DE SANTA RITA DE CASSIA;14/09;ANIVERSARIO DA CIDADE;00/00;;00/00;;00/00;;00/00;;00/00;;00/00;;00/00;;00/00;;5;N
MG;MAMONAS;VEA;I;A;N;N;S;8;8;0;615;0;0;0;REDI;;X;X;X;X;X; ;00/00;;00/00;;00/00;;00/00;;00/00;;00/00;;00/00;;00/00;;00/00;;00/00;;5;N
MG;MANGA;VEA;I;A;N;S;S;7;7;0;279;250;0;0;RMCR;;X;X;X;X;X; ;00/00;;00/00;;00/00;;00/00;;00/00;;00/00;;00/00;;00/00;;00/00;;00/00;;5;N
MG;MANHUACU;GVR;P;A;N;N;S;6;6;0;427;0;0;0;RWNI;;X;X;X;X;X; ;10/08;DIA DE SAO LOURENCO;05/11;ANIVERSARIO DA CIDADE;00/00;;00/00;;00/00;;00/00;;00/00;;00/00;;00/00;;00/00;;5;N
MG;MANHUMIRIM;GVR;P;A;N;S;S;7;6;0;464;0;0;0;RWNI;;X;X;X;X;X; ;16/03;DIA DO MUNICIPIO;13/05;DIA SACRAMENTINO;14/09;BOM JESUS DE MANHUMIRIM;00/00;;00/00;;00/00;;00/00;;00/00;;00/00;;00/00;;5;N
MG;MANTENA;GRF;I;A;N;N;S;5;5;0;465;0;0;0;GRFP;;X;X;X;X;X; ;13/06;ANIVERSARIO DA CIDADE;08/12;ASSUNCAO DE N SENHORA;00/00;;00/00;;00/00;;00/00;;00/00;;00/00;;00/00;;00/00;;5;N
MG;MAR DE ESPANHA;TAM;R;A;N;N;S;5;5;0;59;0;0;0;TAMR;;X;X;X;X;X; ;24/09;ANIV DA CIDADE/N SRA MERCES;00/00;;00/00;;00/00;;00/00;;00/00;;00/00;;00/00;;00/00;;00/00;;5;N
MG;MARAVILHAS;SET;I;A;N;N;S;2;2;0;67;300;0;0;SETI;;X;X;X;X;X; ;13/06;FERIADO MUNICIPAL;12/12;FERIADO MUNICIPAL;13/12;FERIADO MUNICIPAL;00/00;;00/00;;00/00;;00/00;;00/00;;00/00;;00/00;;5;N
MG;MARIA DA FE;DCC;I;A;N;S;S;5;5;0;95;104;0;0;ALTR;; ; ; ; ;X; ;11/02;MUNICIPAL;01/06;FERIADO MUNICIPAL;00/00;;00/00;;00/00;;00/00;;00/00;;00/00;;00/00;;00/00;;5;N
MG;MARIANA;ROP;P;A;N;S;S;1;1;0;641;0;0;0;PANI;;X;X;X;X;X; ;16/07;DIA DE NOSSA SENHORA DO CARMO;08/12;DIA N SRA DA CONCEICAO;00/00;;00/00;;00/00;;00/00;;00/00;;00/00;;00/00;;00/00;;5;N
MG;MARILAC;GRF;I;A;N;N;S;10;10;0;447;0;0;0;REDI;;X;X;X;X;X; ;00/00;;00/00;;00/00;;00/00;;00/00;;00/00;;00/00;;00/00;;00/00;;00/00;;5;N
MG;MARIO CAMPOS;BHZ;R;A;N;S;S;2;2;0;28;175;0;0;BHZR;;X;X;X;X;X; ;20/01;FERIADO MUNICIPAL;28/10;FERIADO MUNICIPAL;08/12;FERIADO MUNICIPAL;21/12;FERIADO MUNICIPAL;00/00;;00/00;;00/00;;00/00;;00/00;;00/00;;5;N
MG;MARIPA DE MINAS;TAM;R;A;N;N;S;4;4;0;51;0;0;0;TAMR;;X;X;X;X;X; ;13/12;FERIADO MUNICIPAL;00/00;;00/00;;00/00;;00/00;;00/00;;00/00;;00/00;;00/00;;00/00;;5;N
MG;MARLIERIA;GVR;I;A;N;N;S;8;13;0;258;0;0;0;REDI;EXCLUSAO DE TDA TROCA DE PARCEIRO GRIFE PARA GUERRAS;X;X;X;X;X; ;15/09;FERIADO MUNICIPAL;00/00;;00/00;;00/00;;00/00;;00/00;;00/00;;00/00;;00/00;;00/00;;5;N
MG;MARMELOPOLIS;DCC;I;C;N;S;S;5;5;0;118;0;0;0;ALTR;; ;X; ; ; ; ;01/03;MUNICIPAL;00/00;;00/00;;00/00;;00/00;;00/00;;00/00;;00/00;;00/00;;00/00;;5;N
MG;MARTINHO CAMPOS;STJ;P;A;N;S;S;4;4;0;128;0;0;0;RWNI;EXCLUSAO DE TDA , TROCA DE PARCEIRO LEMA P SERTANEJA;X;X;X;X;X; ;15/08;DIA DE N. SRA DA ABADIA;08/12;DIA N SRA DA CONCEICAO;17/12;EMANCIPACAO DE MARTINHO CAMPOS;00/00;;00/00;;00/00;;00/00;;00/00;;00/00;;00/00;;5;N
MG;MARTINS SOARES;GRF;I;A;N;N;S;8;8;0;20;100;0;0;LTOI;;X;X;X;X;X; ;00/00;;00/00;;00/00;;00/00;;00/00;;00/00;;00/00;;00/00;;00/00;;00/00;;5;N
MG;MATA VERDE;GRF;I;A;N;N;S;7;7;0;801;0;0;0;REDI;;X;X;X;X;X; ;27/04;FERIADO MUNICIPAL;13/05;FERIADO MUNICIPAL;00/00;;00/00;;00/00;;00/00;;00/00;;00/00;;00/00;;00/00;;5;N
MG;MATERLANDIA;GRF;I;A;N;N;S;15;15;0;157;0;0;0;GRFI;;X;X;X;X;X; ;00/00;;00/00;;00/00;;00/00;;00/00;;00/00;;00/00;;00/00;;00/00;;00/00;;5;N
MG;MATEUS LEME;BHZ;R;A;N;S;S;2;2;0;49;0;0;0;BHZR;;X;X;X;X;X; ;13/06;DIA DE SANTO ANTONIO;08/12;DIA N S CONCEICAO;00/00;;00/00;;00/00;;00/00;;00/00;;00/00;;00/00;;00/00;;5;N
MG;MATHIAS LOBATO;GRF;I;A;N;N;S;10;10;0;231;0;0;0;LTOI;;X;X;X;X;X; ;01/03;FERIADO MUNICIPAL;13/12;FERIADO MUNICIPAL;00/00;;00/00;;00/00;;00/00;;00/00;;00/00;;00/00;;00/00;;5;N
MG;MATIAS BARBOSA;TAM;R;A;N;S;S;4;4;0;19;0;0;0;TAMR;;X;X;X;X;X; ;08/12;DIA N SRA DA CONCEICAO;00/00;;00/00;;00/00;;00/00;;00/00;;00/00;;00/00;;00/00;;00/00;;5;N
MG;MATIAS CARDOSO;VEA;I;A;N;S;S;7;7;0;266;40;0;0;RMCR;;X;X;X;X;X; ;00/00;;00/00;;00/00;;00/00;;00/00;;00/00;;00/00;;00/00;;00/00;;00/00;;5;N
MG;MATIPO;GRF;I;A;N;N;S;8;8;0;42;100;0;0;LTOI;;X;X;X;X;X; ;24/06;FERIADO MUNICIPAL;14/09;FERIADO MUNICIPAL;17/12;FERIADO MUNICIPAL;00/00;;00/00;;00/00;;00/00;;00/00;;00/00;;00/00;;5;N
MG;MATO VERDE;VEA;I;A;N;S;S;7;7;0;215;0;0;0;VEAI;;X;X;X;X;X; ;13/06;FERIADO MUNICIPAL;24/06;SAO JOAO;20/11;FERIADO MUNICIPAL;12/12;FERIADO MUNICIPAL;00/00;;00/00;;00/00;;00/00;;00/00;;00/00;;5;N
MG;MATOZINHOS;SET;P;A;N;S;S;1;1;0;63;0;0;0;SETP;;X;X;X;X;X; ;23/08;ANIVERSARIO DA CIDADE;14/09;DIA DO SENHOR BOM JESUS;00/00;;00/00;;00/00;;00/00;;00/00;;00/00;;00/00;;00/00;;5;N
MG;MATUTINA;TRU;I;A;N;N;S;8;8;0;284;0;0;0;PANI;;X;X;X;X;X; ;10/01;FERIADO EM MATUTINA;15/08;FERIADO MUNICIPAL;00/00;;00/00;;00/00;;00/00;;00/00;;00/00;;00/00;;00/00;;5;N
MG;MEDEIROS;RWN;P;A;N;S;S;4;4;0;213;100;0;0;RWNI;;X;X;X;X;X; ;01/03;FERIADO MUNICIPAL;19/03;FERIADO MUNICIPAL;19/04;FERIADO MUNICIPAL;00/00;;00/00;;00/00;;00/00;;00/00;;00/00;;00/00;;5;N
MG;MEDINA;GRF;I;A;N;N;S;6;6;0;703;0;0;0;GRFP;;X;X;X;X;X; ;22/05;ANIVERSARIO DA CIDADE;00/00;;00/00;;00/00;;00/00;;00/00;;00/00;;00/00;;00/00;;00/00;;5;N
MG;MENDES PIMENTEL;GRF;P;A;N;N;S;5;5;0;407;0;0;0;GRFP;;X;X;X;X;X; ;06/08;FERIADO MUNICIPAL;23/08;FERIADO MUNICIPAL;00/00;;00/00;;00/00;;00/00;;00/00;;00/00;;00/00;;00/00;;5;N
MG;MERCES;TAM;R;A;N;N;S;5;5;0;98;0;0;0;TAMR;;X;X;X;X;X; ;01/06;DIA DA EMANCIPACAO POLITICA;15/08;ASSUNCAO DE NOSSA SENHORA;24/09;DIA DA PADROEIRA N SRA MERCES;08/12;ELEVACAO DA PAROQUIA A SANTUA;00/00;;00/00;;00/00;;00/00;;00/00;;00/00;;5;N
MG;MESQUITA;GVR;I;A;N;N;S;13;13;0;293;0;0;0;REDI;EXCLUSAO DE TDA TROCA DO PARCEIRO GRIFE PARA GUERRAS;X;X;X;X;X; ;13/06;FESTA DO PADROEIRO;15/08;ASSUNCAO DE NOSSA SENHORA;13/12;FERIADO MUNICIPAL;00/00;;00/00;;00/00;;00/00;;00/00;;00/00;;00/00;;5;N
MG;MINAS NOVAS;SSO;P;A;N;N;S;2;2;0;864;0;0;0;PANI;;X;X;X;X;X; ;24/06;FESTA DE N SRA DO ROSARIO;25/06;FESTA DE N SRA DO ROSARIO;02/10;ANIVERSARIO DA CIDADE;00/00;;00/00;;00/00;;00/00;;00/00;;00/00;;00/00;;5;N
MG;MINDURI;DCC;I;A;N;N;S;3;3;0;189;0;0;0;TAMI;;X;X;X;X;X; ;12/12;MUNICIPAL;00/00;;00/00;;00/00;;00/00;;00/00;;00/00;;00/00;;00/00;;00/00;;5;N
MG;MIRABELA;VEA;I;A;N;S;S;7;7;0;68;0;0;0;RMCP;;X;X;X;X;X; ;20/01;FERIADO MUNICIPAL;03/03;FERIADO MUNICIPAL;08/12;FERIADO MUNICIPAL;00/00;;00/00;;00/00;;00/00;;00/00;;00/00;;00/00;;5;N
MG;MIRADOURO;TAM;I;A;N;N;S;5;5;0;188;0;0;0;TAMI;;X;X;X;X;X; ;22/05;DIA DA PADROEIRA DA CIDADE;17/12;FERIADO MUNICIPAL;00/00;;00/00;;00/00;;00/00;;00/00;;00/00;;00/00;;00/00;;5;N
MG;MIRAI;TAM;I;A;N;N;S;7;7;0;147;0;0;0;TAMI;;X;X;X;X;X; ;13/06;FERIADO EM MIRAI;12/09;ANIV. DE AFONSO ALVES PEREIRA;00/00;;00/00;;00/00;;00/00;;00/00;;00/00;;00/00;;00/00;;5;N
MG;MIRAVANIA;VEA;I;A;N;S;S;7;7;0;271;150;0;0;RMCP;;X;X;X;X;X; ;00/00;;00/00;;00/00;;00/00;;00/00;;00/00;;00/00;;00/00;;00/00;;00/00;;5;N
MG;MOEDA;ROP;I;A;N;S;S;4;4;0;67;130;0;0;ROPI;;X;X;X;X;X; ;26/07;FERIADO MUNICIPAL;08/12;FERIADO MUNICIPAL;12/12;FERIADO MUNICIPAL;00/00;;00/00;;00/00;;00/00;;00/00;;00/00;;00/00;;5;N
MG;MOEMA;RWN;P;A;N;S;S;3;3;0;144;0;0;0;RWNI;;X;X;X;X;X; ;29/06;FERIADO MUNICIPAL;08/12;FERIADO MUNICIPAL;12/12;FERIADO MUNICIPAL;00/00;;00/00;;00/00;;00/00;;00/00;;00/00;;00/00;;5;N
MG;MONJOLOS;TCW;R;A;N;N;S;4;4;0;88;0;0;0;TCWI;;X;X;X;X;X; ;08/12;FERIADO MUNICIPAL;00/00;;00/00;;00/00;;00/00;;00/00;;00/00;;00/00;;00/00;;00/00;;5;N
MG;MONSENHOR PAULO;DCC;R;A;N;S;S;3;3;1;99;0;0;0;ALTR;; ; ; ; ;X; ;08/12;PADROEIRA DA CIDADE;00/00;;00/00;;00/00;;00/00;;00/00;;00/00;;00/00;;00/00;;00/00;;5;N
MG;MONTALVANIA;VEA;I;A;N;N;S;7;7;0;344;150;0;0;RMCP;;X;X;X;X;X; ;22/04;ANIVERSARIO DA CIDADE;13/06;FERIADO MUNICIPAL;20/11;FERIADO MUNICIPAL;30/11;FERIADO MUNICIPAL;00/00;;00/00;;00/00;;00/00;;00/00;;00/00;;5;N
MG;MONTE ALEGRE DE MINAS;TRU;R;A;N;N;S;4;4;0;68;0;0;0;PANI;;X;X;X;X;X; ;13/05;DIA NOSSA SRA DO ROSARIO;15/08;DIA DE N.SRA DA ABADIA;16/09;ANIVERSARIO DE MONTE ALEGRE;04/10;DIA SAO FRANCISCO DAS CHAGAS;00/00;;00/00;;00/00;;00/00;;00/00;;00/00;;5;N
MG;MONTE AZUL;VEA;I;A;N;S;S;7;7;0;708;0;0;0;RWNI;;X;X;X;X;X; ;24/06;FERIADO MUNICIPAL;15/08;DIA DE N. SRA DAS GRACAS;04/10;ANIVERSARIO DA CIDADE;00/00;;00/00;;00/00;;00/00;;00/00;;00/00;;00/00;;5;N
MG;MONTE BELO;DCC;I;A;N;S;S;2;2;0;449;0;0;0;REDI;;X;X;X;X;X; ;08/12;DIA DA PADROEIRA;17/12;EMANCIPACAO;00/00;;00/00;;00/00;;00/00;;00/00;;00/00;;00/00;;00/00;;5;N
MG;MONTE CARMELO;TRU;R;A;N;N;S;3;3;0;108;0;0;0;PANI;;X;X;X;X;X; ;16/07;DIA DA PADROEIRA-NS DO CARMO;15/08;FERIADO MUNICIPAL;06/10;ANIV DA CIDADE/ REFORMA PROTES;00/00;;00/00;;00/00;;00/00;;00/00;;00/00;;00/00;;5;N
MG;MONTE FORMOSO;GRF;I;A;N;S;S;7;7;0;643;0;0;0;GRFI;;X;X;X;X;X; ;00/00;;00/00;;00/00;;00/00;;00/00;;00/00;;00/00;;00/00;;00/00;;00/00;;5;N
MG;MONTE SANTO DE MINAS;DCC;I;A;N;S;S;2;2;0;421;104;0;0;EXSI;;X;X;X;X;X; ;06/01;FESTA POPULAR DE SANTOS REIS;00/00;;00/00;;00/00;;00/00;;00/00;;00/00;;00/00;;00/00;;00/00;;5;N
MG;MONTE SIAO;DCC;I;A;N;S;S;5;5;0;80;0;0;0;ALTR;; ;X; ; ;X; ;29/03;ANIVERSARIO DA CIDADE;27/11;FERIADO EM MONTE SIAO;00/00;;00/00;;00/00;;00/00;;00/00;;00/00;;00/00;;00/00;;5;N
MG;MONTES CLAROS;VEA;I;A;N;S;S;2;2;0;1;0;0;0;VEAI;;X;X;X;X;X; ;03/07;ANIVERSARIO DE MONTES CLAROS;20/11;DIA DA CONCIENCIA NEGRA;00/00;;00/00;;00/00;;00/00;;00/00;;00/00;;00/00;;00/00;;5;N
MG;MONTEZUMA;VEA;I;A;N;S;S;12;12;0;637;0;0;0;REDI;;X;X;X;X;X; ;00/00;;00/00;;00/00;;00/00;;00/00;;00/00;;00/00;;00/00;;00/00;;00/00;;5;N
MG;MORADA NOVA DE MINAS;STJ;P;A;N;S;S;5;5;0;216;0;0;0;REDI;;X;X;X;X;X; ;17/09;ANIVERSARIO DA CIDADE;10/12;NOSSA SENHORA DO LORETO;00/00;;00/00;;00/00;;00/00;;00/00;;00/00;;00/00;;00/00;;5;N
MG;MORRO DA GARCA;TCW;P;A;N;S;S;7;13;0;38;100;0;0;GRFI;;X;X;X;X;X; ;00/00;;00/00;;00/00;;00/00;;00/00;;00/00;;00/00;;00/00;;00/00;;00/00;;5;N
MG;MORRO DO PILAR;SES;P;A;N;N;S;2;3;0;150;100;0;0;REDI;;X;X;X;X;X; ;00/00;;00/00;;00/00;;00/00;;00/00;;00/00;;00/00;;00/00;;00/00;;00/00;;5;N
MG;MUNHOZ;DCC;I;C;N;S;S;3;3;1;90;104;0;0;ALTR;; ; ; ; ;X; ;03/05;FERIADO MUNICIPAL;01/11;MUNICIPAL;12/12;MUNICIPAL;00/00;;00/00;;00/00;;00/00;;00/00;;00/00;;00/00;;5;N
MG;MURIAE;TAM;R;A;N;N;S;4;4;0;158;0;0;0;TAMR;;X;X;X;X;X; ;29/06;FERIADO EM MURIAE;06/09;DIA DO MUIAEENSE;00/00;;00/00;;00/00;;00/00;;00/00;;00/00;;00/00;;00/00;;5;N
MG;MUTUM;GRF;I;A;N;N;S;8;8;0;102;200;0;0;LTOI;;X;X;X;X;X; ;17/06;DIA DE SAO MANOEL DE MUTUM;05/09;DIA DA EMANCIPACAO POLITICA;08/12;DIA N SRA DA CONCEICAO;00/00;;00/00;;00/00;;00/00;;00/00;;00/00;;00/00;;5;N
MG;MUZAMBINHO;DCC;I;A;N;S;S;2;2;0;469;104;0;0;GRFP;;X;X;X;X;X; ;30/11;ANIVERSARIO DE MUZAMBINHO;00/00;;00/00;;00/00;;00/00;;00/00;;00/00;;00/00;;00/00;;00/00;;5;N
MG;NACIP RAYDAN;GRF;I;A;N;N;S;10;10;0;374;0;0;0;REDI;;X;X;X;X;X; ;00/00;;00/00;;00/00;;00/00;;00/00;;00/00;;00/00;;00/00;;00/00;;00/00;;5;N
MG;NANUQUE;GRF;I;A;N;S;S;7;7;0;619;0;0;0;GRFI;;X;X;X;X;X; ;08/12;DIA N SRA DA CONCEICAO;00/00;;00/00;;00/00;;00/00;;00/00;;00/00;;00/00;;00/00;;00/00;;5;N
MG;NAQUE;GVR;P;A;N;N;S;4;4;0;250;0;0;0;RWNI;;X;X;X;X;X; ;13/06;FERIADO MUNICIPAL;21/12;FERIADO MUNICIPAL;00/00;;00/00;;00/00;;00/00;;00/00;;00/00;;00/00;;00/00;;5;N
MG;NATALANDIA;TRU;I;A;N;N;S;8;8;0;475;195;0;0;TRUI;;X;X;X;X;X; ;00/00;;00/00;;00/00;;00/00;;00/00;;00/00;;00/00;;00/00;;00/00;;00/00;;5;N
MG;NATERCIA;DCC;I;C;N;S;S;3;3;0;72;0;0;0;ALTR;; ;X; ; ;X; ;13/05;ABOLICAO DA ESCRAVATURA;25/11;FESTA DE SANTA CATARINA;00/00;;00/00;;00/00;;00/00;;00/00;;00/00;;00/00;;00/00;;5;N
MG;NAZARENO;DCC;I;A;N;N;S;3;3;0;201;104;0;0;TAMI;;X;X;X;X;X; ;08/09;FERIADO MUNICIPAL;08/10;FERIADO MUNICIPAL;12/12;FERIADO MUNICIPAL;00/00;;00/00;;00/00;;00/00;;00/00;;00/00;;00/00;;5;N
MG;NEPOMUCENO;DCC;R;A;N;S;S;3;3;0;178;0;0;0;ALTI;; ;X; ; ;X; ;16/05;DIA DO PADROEIRO DA CIDADE;30/08;ANIVERSARIO DA CIDADE;08/12;ASSUNCAO DE N SENHORA;00/00;;00/00;;00/00;;00/00;;00/00;;00/00;;00/00;;5;N
MG;NINHEIRA;VEA;I;A;N;S;S;8;8;0;364;150;0;0;RMCP;;X;X;X;X;X; ;00/00;;00/00;;00/00;;00/00;;00/00;;00/00;;00/00;;00/00;;00/00;;00/00;;5;N
MG;NOVA BELEM;GRF;I;A;N;N;S;10;10;0;536;220;0;0;REDI;;X;X;X;X;X; ;00/00;;00/00;;00/00;;00/00;;00/00;;00/00;;00/00;;00/00;;00/00;;00/00;;5;N
MG;NOVA ERA;GVR;I;A;N;N;S;5;5;0;284;130;0;0;RWNI;;X;X;X;X;X; ;19/03;DIA DE SAO JOSE;15/08;ASSUNCAO DE N. SENHORA;00/00;;00/00;;00/00;;00/00;;00/00;;00/00;;00/00;;00/00;;5;N
MG;NOVA LIMA;BHZ;P;A;N;S;S;2;2;0;38;0;0;0;BHZP;;X;X;X;X;X; ;15/08;ASSUNCAO DE NOSSA SENHORA;08/12;DIA N S CONCEICAO;00/00;;00/00;;00/00;;00/00;;00/00;;00/00;;00/00;;00/00;;5;N
MG;NOVA MODICA;GRF;I;A;N;N;S;10;10;0;509;0;0;0;REDI;;X;X;X;X;X; ;23/04;FERIADO MUNICIPAL;00/00;;00/00;;00/00;;00/00;;00/00;;00/00;;00/00;;00/00;;00/00;;5;N
MG;NOVA PONTE;TRU;R;A;N;N;S;5;5;0;84;0;0;0;PANI;;X;X;X;X;X; ;15/08;DIA DE N.SRA DA ABADIA;29/09;DIA DE SAO MIGUEL;17/12;ANIVERSARIO DA CIDADE;00/00;;00/00;;00/00;;00/00;;00/00;;00/00;;00/00;;5;N
MG;NOVA PORTEIRINHA;VEA;I;A;N;S;S;8;8;0;134;0;0;0;RMCP;;X;X;X;X;X; ;00/00;;00/00;;00/00;;00/00;;00/00;;00/00;;00/00;;00/00;;00/00;;00/00;;5;N
MG;NOVA RESENDE;DCC;I;A;N;N;S;2;2;0;442;0;0;0;REDI;;X;X;X;X;X; ;22/05;DIA DE SANTA RITA;10/09;EMANCIPACAO;00/00;;00/00;;00/00;;00/00;;00/00;;00/00;;00/00;;00/00;;5;N
MG;NOVA SERRANA;NVS;P;A;N;S;S;2;2;0;53;0;0;0;RWNI;;X;X;X;X;X; ;20/01;DIA DE SAO SEBASTIAO;00/00;;00/00;;00/00;;00/00;;00/00;;00/00;;00/00;;00/00;;00/00;;5;N
MG;NOVA UNIAO;GRF;R;A;N;S;S;6;6;0;596;0;0;0;PANI;;X;X;X;X;X; ;20/01;FERIADO MUNICIPAL;16/07;FERIADO MUNICIPAL;00/00;;00/00;;00/00;;00/00;;00/00;;00/00;;00/00;;00/00;;5;N
MG;NOVO CRUZEIRO;GRF;I;A;N;N;S;7;7;0;616;0;0;0;GRFI;;X;X;X;X;X; ;11/07;FERIADO MUNICIPAL;00/00;;00/00;;00/00;;00/00;;00/00;;00/00;;00/00;;00/00;;00/00;;5;N
MG;NOVO ORIENTE DE MINAS;GRF;I;A;N;N;S;10;10;0;597;0;0;0;REDI;;X;X;X;X;X; ;27/05;FERIADO MUNICIPAL;29/05;FERIADO MUNICIPAL;23/06;FERIADO MUNICIPAL;21/12;FERIADO MUNICIPAL;00/00;;00/00;;00/00;;00/00;;00/00;;00/00;;5;N
MG;NOVORIZONTE;VEA;I;A;N;S;S;8;8;0;559;0;0;0;REDI;;X;X;X;X;X; ;00/00;;00/00;;00/00;;00/00;;00/00;;00/00;;00/00;;00/00;;00/00;;00/00;;5;N
MG;OLARIA;TAM;R;A;N;N;S;6;6;0;85;0;0;0;TAMR;;X;X;X;X;X; ;01/03;FERIADO MUNICIPAL;13/06;FERIADO MUNICIPAL;00/00;;00/00;;00/00;;00/00;;00/00;;00/00;;00/00;;00/00;;5;N
MG;OLHOS D AGUA;VEA;I;A;N;S;S;8;8;0;672;250;0;0;GRFI;;X;X;X;X;X; ;00/00;;00/00;;00/00;;00/00;;00/00;;00/00;;00/00;;00/00;;00/00;;00/00;;5;N
MG;OLIMPIO NORONHA;DCC;I;C;N;S;S;3;3;0;103;0;0;0;ALTR;; ; ; ; ;X; ;01/03;MUNICIPAL;00/00;;00/00;;00/00;;00/00;;00/00;;00/00;;00/00;;00/00;;00/00;;5;N
MG;OLIVEIRA;DDB;P;A;N;S;S;3;43;0;147;0;0;0;RWNI;;X;X;X;X;X; ;15/08;DIA DA PADROEIRA;19/09;ANIVERSARIO DA CIDADE;08/12;ASSUNCAO DE N SRA;00/00;;00/00;;00/00;;00/00;;00/00;;00/00;;00/00;;5;N
MG;OLIVEIRA FORTES;TAM;I;A;N;N;S;6;6;0;95;0;0;0;TAMI;;X;X;X;X;X; ;00/00;;00/00;;00/00;;00/00;;00/00;;00/00;;00/00;;00/00;;00/00;;00/00;;5;N
MG;ONCA DE PITANGUI;DDB;I;A;N;N;S;13;13;0;131;300;0;0;REDI;;X;X;X;X;X; ;01/03;FERIADO MUNICIPAL;26/07;FERIADO MUNICIPAL;08/12;FERIADO MUNICIPAL;00/00;;00/00;;00/00;;00/00;;00/00;;00/00;;00/00;;5;N
MG;ORATORIOS;ROP;I;A;N;N;S;4;4;0;232;195;0;0;TAMI;;X;X;X;X;X; ;00/00;;00/00;;00/00;;00/00;;00/00;;00/00;;00/00;;00/00;;00/00;;00/00;;5;N
MG;ORIZANIA;GRF;I;A;N;N;S;7;7;0;241;200;0;0;TAMI;; ;X; ;X; ; ;25/09;FERIADO MUNICIPAL;13/10;FERIADO MUNICIPAL;21/12;FERIADO MUNICIPAL;00/00;;00/00;;00/00;;00/00;;00/00;;00/00;;00/00;;5;N
MG;OURO BRANCO;ROP;P;A;N;S;S;3;3;0;1953;0;0;0;PANI;;X;X;X;X;X; ;13/06;PADROEIRO DO MUNICIPIO;12/12;FERIADO EM OURO BRANCO;00/00;;00/00;;00/00;;00/00;;00/00;;00/00;;00/00;;00/00;;5;N
MG;OURO FINO;DCC;I;A;N;S;S;4;4;0;56;0;0;0;ALTR;; ;X; ; ;X; ;16/03;ANIVERSARIO DA CIDADE;13/05;PADROEIRO;00/00;;00/00;;00/00;;00/00;;00/00;;00/00;;00/00;;00/00;;5;N
MG;OURO PRETO;ROP;P;A;N;S;S;2;2;0;622;0;0;0;PANI;;X;X;X;X;X; ;08/07;ANIVERSARIO DA CIDADE;08/12;DIA N SRA DA CONCEICAO;00/00;;00/00;;00/00;;00/00;;00/00;;00/00;;00/00;;00/00;;5;N
MG;OURO VERDE DE MINAS;GRF;I;A;N;N;S;7;7;0;557;0;0;0;REDI;;X;X;X;X;X; ;24/06;FERIADO MUNICIPAL;00/00;;00/00;;00/00;;00/00;;00/00;;00/00;;00/00;;00/00;;00/00;;5;N
MG;PADRE CARVALHO;VEA;I;A;N;S;S;8;8;0;187;0;0;0;RMCP;;X;X;X;X;X; ;00/00;;00/00;;00/00;;00/00;;00/00;;00/00;;00/00;;00/00;;00/00;;00/00;;5;N
MG;PADRE PARAISO;GRF;I;A;N;N;S;10;10;0;557;100;0;0;GRFP;;X;X;X;X;X; ;24/06;FERIADO MUNICIPAL;31/12;FERIADO MUNICIPAL;28/10;FERIADO MUNICIPAL;00/00;;00/00;;00/00;;00/00;;00/00;;00/00;;00/00;;5;N
MG;PAI PEDRO;VEA;I;A;N;S;S;7;7;0;185;250;0;0;RMCP;;X;X;X;X;X; ;00/00;;00/00;;00/00;;00/00;;00/00;;00/00;;00/00;;00/00;;00/00;;00/00;;5;N
MG;PAINEIRAS;STJ;P;A;N;S;S;5;5;0;202;0;0;0;REDI;;X;X;X;X;X; ;30/12;FERIADO MUNICIPAL;00/00;;00/00;;00/00;;00/00;;00/00;;00/00;;00/00;;00/00;;00/00;;5;N
MG;PAINS;RWN;P;A;N;S;S;3;3;0;185;0;0;0;RWNI;;X;X;X;X;X; ;16/07;FERIADO MUNICIPAL;08/12;FERIADO MUNICIPAL;00/00;;00/00;;00/00;;00/00;;00/00;;00/00;;00/00;;00/00;;5;N
MG;PAIVA;TAM;I;A;N;N;S;6;6;0;85;0;0;0;TAMI;;X;X;X;X;X; ;00/00;;00/00;;00/00;;00/00;;00/00;;00/00;;00/00;;00/00;;00/00;;00/00;;5;N
MG;PALMA;TAM;R;A;N;N;S;7;7;0;158;0;0;0;TAMR;;X;X;X;X;X; ;24/05;FERIADO MUNICIPAL;04/10;FERIADO MUNICIPAL;08/12;FERIADO MUNICIPAL;13/12;FERIADO MUNICIPAL;00/00;;00/00;;00/00;;00/00;;00/00;;00/00;;5;N
MG;PALMOPOLIS;GRF;I;A;N;N;S;10;10;0;787;0;0;0;REDI;;X;X;X;X;X; ;27/04;FERIADO MUNICIPAL;29/06;FERIADO MUNICIPAL;08/12;FERIADO MUNICIPAL;00/00;;00/00;;00/00;;00/00;;00/00;;00/00;;00/00;;5;N
MG;PAPAGAIOS;SET;P;A;N;N;S;2;2;0;77;350;0;0;SETP;;X;X;X;X;X; ;20/01;FERIADO MUNICIPAL;13/12;FERIADO MUNICIPAL;00/00;;00/00;;00/00;;00/00;;00/00;;00/00;;00/00;;00/00;;5;N
MG;PARA DE MINAS;BHZ;P;A;N;S;S;1;1;0;69;0;0;0;BHZP;;X;X;X;X;X; ;15/09;DIA DE N SRA DA PIEDADE;08/12;DIA DE N S CONCEICAO;00/00;;00/00;;00/00;;00/00;;00/00;;00/00;;00/00;;00/00;;5;N
MG;PARACATU;STJ;P;A;N;S;S;3;3;0;340;0;0;0;PANI;;X;X;X;X;X; ;13/06;DIA DO PADROEIRO;20/10;ANIVERSARIO DE PARACATU;31/10;FERIADO MUNICIPAL;00/00;;00/00;;00/00;;00/00;;00/00;;00/00;;00/00;;5;N
MG;PARAGUACU;DCC;R;C;N;S;S;3;3;0;112;0;0;0;ALTR;; ; ; ; ;X; ;16/07;MUNICIPAL;30/08;ANIVERSARIO DA CIDADE;00/00;;00/00;;00/00;;00/00;;00/00;;00/00;;00/00;;00/00;;5;N
MG;PARAISOPOLIS;DCC;I;A;N;S;S;3;3;0;59;0;0;0;ALTR;; ;X; ; ;X; ;25/01;DIA DE EMANCIPACAO POLITICA;19/03;DIA DO PADROEIRO;00/00;;00/00;;00/00;;00/00;;00/00;;00/00;;00/00;;00/00;;5;N
MG;PARAOPEBA;SET;P;A;N;S;S;1;1;0;90;0;0;0;SETP;;X;X;X;X;X; ;01/06;ANIVERSARIO DA CIDADE;16/07;DIA DE NOSSA SENHORA DO CARMO;00/00;;00/00;;00/00;;00/00;;00/00;;00/00;;00/00;;00/00;;5;N
MG;PASSA QUATRO;DCC;R;C;N;S;S;3;3;0;180;0;0;0;ALTI;; ; ; ; ;X; ;20/01;DIA DE SAO SEBASTIAO;01/09;ANIVERSARIO DA CIDADE;13/12;SANTA LUZIA;00/00;;00/00;;00/00;;00/00;;00/00;;00/00;;00/00;;5;N
MG;PASSA TEMPO;ROP;I;A;N;N;S;5;5;0;195;325;0;0;REDI;;X;X;X;X;X; ;20/01;DIA DE SAO SEBASTIAO;15/08;DIA DE N.SRA DA GLORIA;30/08;ANIVERSARIO DA CIDADE;08/12;FERIADO MUNICIPAL;00/00;;00/00;;00/00;;00/00;;00/00;;00/00;;5;N
MG;PASSA VINTE;TAM;I;A;N;N;S;7;7;0;160;0;0;0;TAMI;;X;X;X;X;X; ;00/00;;00/00;;00/00;;00/00;;00/00;;00/00;;00/00;;00/00;;00/00;;00/00;;5;N
MG;PASSABEM;GRF;I;A;N;N;S;13;13;0;230;100;0;0;REDI;;X;X;X;X;X; ;00/00;;00/00;;00/00;;00/00;;00/00;;00/00;;00/00;;00/00;;00/00;;00/00;;5;N
MG;PASSOS;DCC;I;A;N;S;S;2;2;0;237;0;0;0;RWNI;;X;X;X;X;X; ;14/05;ANIVERSARIO DA CIDADE;06/08;BOM JESUS DOS PASSOS;00/00;;00/00;;00/00;;00/00;;00/00;;00/00;;00/00;;00/00;;5;N
MG;PATIS;VEA;I;A;N;S;S;7;7;0;105;0;0;0;RMCP;;X;X;X;X;X; ;00/00;;00/00;;00/00;;00/00;;00/00;;00/00;;00/00;;00/00;;00/00;;00/00;;5;N
MG;PATOS DE MINAS;TRU;R;A;N;S;S;4;4;0;220;0;0;0;PANI;;X;X;X;X;X; ;24/05;ANIVERSARIO DA CIDADE;13/06;FERIADO MUNICIPAL;15/08;ASSUNCAO DE NOSSA SENHORA;00/00;;00/00;;00/00;;00/00;;00/00;;00/00;;00/00;;5;N
MG;PATROCINIO;TRU;R;A;N;N;S;3;3;0;150;0;0;0;PANI;;X;X;X;X;X; ;07/04;ANIVERSARIO DA CIDADE;15/08;ASSUNCAO DE N.SRA/N.SR ABADIA;08/09;DIA DE N SRA PATROCINIO;00/00;;00/00;;00/00;;00/00;;00/00;;00/00;;00/00;;5;N
MG;PATROCINIO DO MURIAE;TAM;I;A;N;N;S;5;5;0;184;0;0;0;TAMI;;X;X;X;X;X; ;24/05;FERIADO MUNICIPAL;12/12;FERIADO MUNICIPAL;00/00;;00/00;;00/00;;00/00;;00/00;;00/00;;00/00;;00/00;;5;N
MG;PAULA CANDIDO;TAM;I;A;N;N;S;7;7;0;144;0;0;0;TAMI;;X;X;X;X;X; ;25/09;FERIADO MUNICIPAL;00/00;;00/00;;00/00;;00/00;;00/00;;00/00;;00/00;;00/00;;00/00;;5;N
MG;PAULISTAS;GRF;I;A;N;N;S;15;15;0;135;0;0;0;GRFI;;X;X;X;X;X; ;00/00;;00/00;;00/00;;00/00;;00/00;;00/00;;00/00;;00/00;;00/00;;00/00;;5;N
MG;PAVAO;GRF;I;A;N;N;S;7;7;0;628;0;0;0;REDI;;X;X;X;X;X; ;01/03;FERIADO MUNICIPAL;00/00;;00/00;;00/00;;00/00;;00/00;;00/00;;00/00;;00/00;;00/00;;5;N
MG;PECANHA;GRF;I;A;N;N;S;10;10;0;146;0;0;0;GRFI;;X;X;X;X;X; ;13/06;DIA STO ANTONIO DE PECANHA;23/09;FERIADO MUNICIPAL;00/00;;00/00;;00/00;;00/00;;00/00;;00/00;;00/00;;00/00;;5;N
MG;PEDRA AZUL;GRF;I;A;N;N;S;6;6;0;994;0;0;0;GRFI;;X;X;X;X;X; ;01/06;FERIADO MUNICIPAL;24/06;DIA DE SAO JOAO;01/11;DIA DE TODOS OS SANTOS;08/12;DIA N SRA DA CONCEICAO;00/00;;00/00;;00/00;;00/00;;00/00;;00/00;;5;N
MG;PEDRA BONITA;GRF;I;A;N;N;S;10;10;0;250;0;0;0;TAMI;;X;X;X;X;X; ;00/00;;00/00;;00/00;;00/00;;00/00;;00/00;;00/00;;00/00;;00/00;;00/00;;5;N
MG;PEDRA DO ANTA;TAM;I;A;N;N;S;7;7;0;202;0;0;0;TAMI;;X;X;X;X;X; ;00/00;;00/00;;00/00;;00/00;;00/00;;00/00;;00/00;;00/00;;00/00;;00/00;;5;N
MG;PEDRA DO INDAIA;RWN;P;A;N;S;S;3;3;0;129;0;0;0;RWNI;;X;X;X;X;X; ;01/03;FERIADO MUNICIPAL;08/12;FERIADO MUNICIPAL;00/00;;00/00;;00/00;;00/00;;00/00;;00/00;;00/00;;00/00;;5;N
MG;PEDRA DOURADA;GRF;I;A;N;N;S;7;7;0;215;200;0;0;TAMI;; ;X; ;X; ; ;00/00;;00/00;;00/00;;00/00;;00/00;;00/00;;00/00;;00/00;;00/00;;00/00;;5;N
MG;PEDRALVA;DCC;I;A;N;S;S;3;3;0;71;0;0;0;ALTR;; ;X; ; ; ; ;20/01;DIA DE SAO SEBASTIAO;07/05;EMANCIPACAO DE PEDRALVA;08/12;DIA N SRA DA CONCEICAO;00/00;;00/00;;00/00;;00/00;;00/00;;00/00;;00/00;;5;N
MG;PEDRAS DE MARIA DA CRUZ;VEA;I;A;N;S;S;7;7;0;155;0;0;0;RMCP;;X;X;X;X;X; ;00/00;;00/00;;00/00;;00/00;;00/00;;00/00;;00/00;;00/00;;00/00;;00/00;;5;N
MG;PEDRINOPOLIS;TRU;R;A;N;N;S;4;4;0;114;0;0;0;PANI;;X;X;X;X;X; ;20/01;FERIADO MUNICIPAL;01/03;FERIADO MUNICIPAL;00/00;;00/00;;00/00;;00/00;;00/00;;00/00;;00/00;;00/00;;5;N
MG;PEDRO LEOPOLDO;SET;P;A;N;S;S;1;1;0;56;0;0;0;SETP;;X;X;X;X;X; ;27/01;ANIVERSARIO DA CIDADE;15/08;ASS. NOSSA SENHORA;08/12;DIA N S CONCEICAO;00/00;;00/00;;00/00;;00/00;;00/00;;00/00;;00/00;;5;N
MG;PEDRO TEIXEIRA;TAM;R;A;N;N;S;7;7;0;62;0;0;0;TAMR;;X;X;X;X;X; ;00/00;;00/00;;00/00;;00/00;;00/00;;00/00;;00/00;;00/00;;00/00;;00/00;;5;N
MG;PEQUERI;TAM;R;A;N;N;S;5;5;0;53;0;0;0;TAMR;;X;X;X;X;X; ;29/06;FERIADO MUNICIPAL;13/12;FERIADO MUNICIPAL;00/00;;00/00;;00/00;;00/00;;00/00;;00/00;;00/00;;00/00;;5;N
MG;PEQUI;SET;I;A;N;S;S;2;2;0;72;350;0;0;SETI;;X;X;X;X;X; ;01/06;FERIADO MUNICIPAL;13/06;FERIADO MUNICIPAL;08/12;FERIADO MUNICIPAL;00/00;;00/00;;00/00;;00/00;;00/00;;00/00;;00/00;;5;N
MG;PERDIGAO;NVS;P;A;N;S;S;3;43;0;129;0;0;0;RWNI;;X;X;X;X;X; ;15/08;FERIADO MUNICIPAL;08/12;FERIADO EM PERDIGAO;12/12;FERIADO MUNICIPAL;00/00;;00/00;;00/00;;00/00;;00/00;;00/00;;00/00;;5;N
MG;PERDIZES;TRU;R;A;N;N;S;4;4;0;135;0;0;0;PANI;;X;X;X;X;X; ;15/08;FERIADO MUNICIPAL;08/12;FERIADO MUNICIPAL;17/12;FERIADO EM PERDIZES;00/00;;00/00;;00/00;;00/00;;00/00;;00/00;;00/00;;5;N
MG;PERDOES;DCC;R;A;N;S;S;3;3;1;186;0;0;0;ALTI;; ; ; ; ;X; ;01/06;ANIVERSARIO DA CIDADE;15/08;DIA DE SAO SEBASTIAO;00/00;;00/00;;00/00;;00/00;;00/00;;00/00;;00/00;;00/00;;5;N
MG;PERIQUITO;GVR;P;A;N;N;S;4;4;0;289;0;0;0;RWNI;;X;X;X;X;X; ;00/00;;00/00;;00/00;;00/00;;00/00;;00/00;;00/00;;00/00;;00/00;;00/00;;5;N
MG;PESCADOR;GRF;I;A;N;N;S;10;10;0;489;0;0;0;REDI;;X;X;X;X;X; ;00/00;;00/00;;00/00;;00/00;;00/00;;00/00;;00/00;;00/00;;00/00;;00/00;;5;N
MG;PIAU;TAM;R;A;N;N;S;5;5;0;43;0;0;0;TAMR;;X;X;X;X;X; ;00/00;;00/00;;00/00;;00/00;;00/00;;00/00;;00/00;;00/00;;00/00;;00/00;;5;N
MG;PIEDADE DE CARATINGA;GRF;P;A;N;N;S;6;6;0;454;0;0;0;RWNI;;X;X;X;X;X; ;00/00;;00/00;;00/00;;00/00;;00/00;;00/00;;00/00;;00/00;;00/00;;00/00;;5;N
MG;PIEDADE DE PONTE NOVA;GVR;I;A;N;N;S;7;7;0;248;200;0;0;TAMI;;X;X;X;X;X; ;00/00;;00/00;;00/00;;00/00;;00/00;;00/00;;00/00;;00/00;;00/00;;00/00;;5;N
MG;PIEDADE DO RIO GRANDE;TAM;I;A;N;N;S;7;7;0;163;0;0;0;TAMI;;X;X;X;X;X; ;15/09;FERIADO MUNICIPAL;20/11;FERIADO MUNICIPAL;08/12;FERIADO MUNICIPAL;00/00;;00/00;;00/00;;00/00;;00/00;;00/00;;00/00;;5;N
MG;PIEDADE DOS GERAIS;GRF;I;A;N;S;S;15;15;0;160;150;0;0;REDI;;X;X;X;X;X; ;00/00;;00/00;;00/00;;00/00;;00/00;;00/00;;00/00;;00/00;;00/00;;00/00;;5;N
MG;PIMENTA;RWN;P;A;N;N;S;3;3;0;204;0;0;0;RWNI;;X;X;X;X;X; ;07/10;FERIADO MUNICIPAL ;08/12;FERIADO MUNICIPAL;00/00;;00/00;;00/00;;00/00;;00/00;;00/00;;00/00;;00/00;;5;N
MG;PINGO-D AGUA;GVR;I;A;N;N;S;10;13;0;349;0;0;0;REDI;SUBSTITUICAO DO PARCEIRO GRF PARA GVR EXCLUIDO TDE 100,00;X;X;X;X;X; ;00/00;;00/00;;00/00;;00/00;;00/00;;00/00;;00/00;;00/00;;00/00;;00/00;;5;N
MG;PINTOPOLIS;GRF;I;A;N;N;S;12;12;0;518;0;0;0;REDI;;X;X;X;X;X; ;00/00;;00/00;;00/00;;00/00;;00/00;;00/00;;00/00;;00/00;;00/00;;00/00;;5;N
MG;PIRACEMA;RWN;P;A;N;N;N;0;0;0;103;97,5;0;0;RWNI;;X;X;X;X;X; ;08/09;FERIADO MUNICIPAL;12/12;FERIADO MUNICIPAL;00/00;;00/00;;00/00;;00/00;;00/00;;00/00;;00/00;;00/00;;5;N
MG;PIRAJUBA;TRU;R;A;N;N;S;4;4;0;161;195;0;0;PANI;;X;X;X;X;X; ;15/08;FERIADO MUNICIPAL;12/12;FERIADO MUNICIPAL;00/00;;00/00;;00/00;;00/00;;00/00;;00/00;;00/00;;00/00;;5;N
MG;PIRANGA;TAM;I;A;N;N;S;7;7;0;230;0;0;0;TAMI;;X;X;X;X;X; ;15/08;BOM JESUS DO BACALHAU;05/10;ANIVERSARIO DA CIDADE;08/12;DIA N SRA DA CONCEICAO;00/00;;00/00;;00/00;;00/00;;00/00;;00/00;;00/00;;5;N
MG;PIRANGUCU;DCC;R;C;N;S;S;4;4;0;82;0;0;0;ALTR;; ; ;X; ; ; ;00/00;;00/00;;00/00;;00/00;;00/00;;00/00;;00/00;;00/00;;00/00;;00/00;;5;N
MG;PIRANGUINHO;DCC;I;A;N;S;S;3;3;0;58;0;0;0;ALTR;; ; ; ; ;X; ;04/07;MUNCIPAL;00/00;;00/00;;00/00;;00/00;;00/00;;00/00;;00/00;;00/00;;00/00;;5;N
MG;PIRAPETINGA;TAM;I;A;N;N;S;7;7;0;175;0;0;0;TAMI;;X;X;X;X;X; ;26/07;DIA DA PADROEIRA DA CIDADE;17/12;FERIADO MUNICIPAL;00/00;;00/00;;00/00;;00/00;;00/00;;00/00;;00/00;;00/00;;5;N
MG;PIRAPORA;SET;I;A;N;S;S;5;5;0;340;0;0;0;SETI;;X;X;X;X;X; ;20/01;DIA DO PADROEIRO;01/06;ANIVERSARIO DA CIDADE;00/00;;00/00;;00/00;;00/00;;00/00;;00/00;;00/00;;00/00;;5;N
MG;PIRAUBA;TAM;R;A;N;N;S;5;5;0;91;0;0;0;TAMR;;X;X;X;X;X; ;20/01;FERIADO MUNICIPAL;20/11;FERIADO MUNICIPAL;12/12;FERIADO MUNICIPAL;00/00;;00/00;;00/00;;00/00;;00/00;;00/00;;00/00;;5;N
MG;PITANGUI;DDB;P;A;N;S;S;3;43;0;112;0;0;0;RWNI;;X;X;X;X;X; ;09/06;ANIVERSARIO DA CIDADE;15/08;DIA DE N S PILAR;08/12;DIA DE NSA SRA DA CONCEICAO;00/00;;00/00;;00/00;;00/00;;00/00;;00/00;;00/00;;5;N
MG;PIUMHI;RWN;P;A;N;S;S;3;3;0;226;0;0;0;RWNI;;X;X;X;X;X; ;15/08;ASSUN NOSSA SENHORA DO LIVRAME;08/12;FERIADO MUNICIPAL;00/00;;00/00;;00/00;;00/00;;00/00;;00/00;;00/00;;00/00;;5;N
MG;PLANURA;TRU;I;A;N;N;S;9;9;0;194;195;0;0;PANI;;X;X;X;X;X; ;13/06;FERIADO MUNICIPAL;30/12;FERIADO MUNICIPAL;00/00;;00/00;;00/00;;00/00;;00/00;;00/00;;00/00;;00/00;;5;N
MG;POCO FUNDO;DCC;I;C;N;S;S;3;3;0;68;0;0;0;ALTR;; ;X; ; ;X; ;02/04;ANIVERSARIO DA CIDADE;08/12;FERIADO MUNICIPAL;00/00;;00/00;;00/00;;00/00;;00/00;;00/00;;00/00;;00/00;;5;N
MG;POCOS DE CALDAS;DCC;R;A;N;S;S;3;3;0;115;0;0;0;ALTR;; ;X;X; ;X; ;13/05;DIA DE SAO BENEDITO;06/11;ANIVERSARIO DA CIDADE;00/00;;00/00;;00/00;;00/00;;00/00;;00/00;;00/00;;00/00;;5;N
MG;POCRANE;GRF;I;A;N;N;S;8;8;0;120;100;0;0;LTOI;;X;X;X;X;X; ;01/09;FERIADO MUNICIPAL;08/12;FERIADO MUNICIPAL;27/12;FERIADO MUNICIPAL;00/00;;00/00;;00/00;;00/00;;00/00;;00/00;;00/00;;5;N
MG;POMPEU;STJ;P;A;N;S;S;3;3;0;156;0;0;0;RWNI;;X;X;X;X;X; ;08/12;DIA N SRA DA CONCEICAO;00/00;;00/00;;00/00;;00/00;;00/00;;00/00;;00/00;;00/00;;00/00;;5;N
MG;PONTE NOVA;ROP;I;A;N;S;S;3;3;0;214;0;0;0;TAMI;;X;X;X;X;X; ;20/01;DIA DO PADROEIRO;30/10;ANIVERSARIO DA CIDADE;00/00;;00/00;;00/00;;00/00;;00/00;;00/00;;00/00;;00/00;;5;N
MG;PONTO CHIQUE;VEA;I;A;N;S;S;7;7;0;214;0;0;0;RMCP;;X;X;X;X;X; ;00/00;;00/00;;00/00;;00/00;;00/00;;00/00;;00/00;;00/00;;00/00;;00/00;;5;N
MG;PONTO DOS VOLANTES;GRF;I;A;N;N;S;7;7;0;679;250;0;0;GRFP;;X;X;X;X;X; ;27/06;FERIADO MUNICIPAL;19/09;FERIADO MUNICIPAL;21/12;FERIADO MUNICIPAL;00/00;;00/00;;00/00;;00/00;;00/00;;00/00;;00/00;;5;N
MG;PORTEIRINHA;GRF;I;A;N;S;S;7;7;0;170;0;0;0;VEAI;;X;X;X;X;X; ;20/11;FERIADO MUNICIPAL;17/12;ANIVERSARIO DE PORTEIRINHA ;00/00;;00/00;;00/00;;00/00;;00/00;;00/00;;00/00;;00/00;;5;N
MG;PORTO FIRME;TAM;I;A;N;N;S;7;7;0;203;0;0;0;TAMI;;X;X;X;X;X; ;00/00;;00/00;;00/00;;00/00;;00/00;;00/00;;00/00;;00/00;;00/00;;00/00;;5;N
MG;POTE;GRF;I;A;N;N;S;10;10;0;476;0;0;0;REDI;;X;X;X;X;X; ;14/09;FERIADO MUNICIPAL;00/00;;00/00;;00/00;;00/00;;00/00;;00/00;;00/00;;00/00;;00/00;;5;N
MG;POUSO ALEGRE;DCC;R;A;N;S;S;3;3;0;1;0;0;0;ALTP;;X;X;X;X;X; ;06/08;DIA SENHOR BOM JESUS DOS PASSO;19/10;ANIVERSARIO DA CIDADE;00/00;;00/00;;00/00;;00/00;;00/00;;00/00;;00/00;;00/00;;5;N
MG;POUSO ALTO;DCC;R;A;N;S;S;3;3;0;156;0;0;0;ALTI;; ; ; ; ;X; ;19/10;FERIADO MUNICIPAL;08/12;MUNICIPAL;00/00;;00/00;;00/00;;00/00;;00/00;;00/00;;00/00;;00/00;;5;N
MG;PRADOS;TAM;R;A;N;N;S;7;7;0;146;0;0;0;TAMR;;X;X;X;X;X; ;08/12;DIA DA PADROEIRA DA CIDADE;00/00;;00/00;;00/00;;00/00;;00/00;;00/00;;00/00;;00/00;;00/00;;5;N
MG;PRATA;TRU;R;A;N;N;S;4;4;0;87;0;0;0;PANI;;X;X;X;X;X; ;20/01;DIA DE SAO SEBASTIAO;13/05;ABOLICAO DA ESCRAVATURA;16/07;DIA DE NOSSA SENHORA DO CARMO;00/00;;00/00;;00/00;;00/00;;00/00;;00/00;;00/00;;5;N
MG;PRATAPOLIS;DCC;I;A;N;N;S;2;2;0;266;0;0;0;RWNI;;X;X;X;X;X; ;14/09;ANIVERSARIO DA CIDADE;08/12;FERIADO MUNICIPAL;00/00;;00/00;;00/00;;00/00;;00/00;;00/00;;00/00;;00/00;;5;N
MG;PRATINHA;TRU;I;A;N;N;S;8;8;0;254;195;0;0;PANI;;X;X;X;X;X; ;13/06;FERIADO MUNICIPAL;15/08;FERIADO MUNICIPAL;27/12;FERIADO MUNICIPAL;00/00;;00/00;;00/00;;00/00;;00/00;;00/00;;00/00;;5;N
MG;PRESIDENTE BERNARDES;TAM;I;A;N;N;S;7;7;0;180;0;0;0;TAMI;;X;X;X;X;X; ;00/00;;00/00;;00/00;;00/00;;00/00;;00/00;;00/00;;00/00;;00/00;;00/00;;5;N
MG;PRESIDENTE JUSCELINO;TCW;P;A;N;N;S;4;4;0;45;0;0;0;TCWI;;X;X;X;X;X; ;20/01;FERIADO MUNICIPAL;01/03;FERIADO MUNICIPAL;00/00;;00/00;;00/00;;00/00;;00/00;;00/00;;00/00;;00/00;;5;N
MG;PRESIDENTE KUBITSCHEK;TCW;R;A;N;N;S;5;5;0;133;0;0;0;TCWI;;X;X;X;X;X; ;00/00;;00/00;;00/00;;00/00;;00/00;;00/00;;00/00;;00/00;;00/00;;00/00;;5;N
MG;PRESIDENTE OLEGARIO;TRU;I;A;N;N;S;5;5;0;244;0;0;0;PANI;;X;X;X;X;X; ;05/01;FERIADO MUNICIPAL;22/05;DIA DE SANTA RITA DE CASSIA;15/08;DIA DE N.SRA DA ABADIA;00/00;;00/00;;00/00;;00/00;;00/00;;00/00;;00/00;;5;N
MG;PRUDENTE DE MORAIS;SET;P;A;N;S;S;1;1;0;75;0;0;0;SETP;;X;X;X;X;X; ;01/03;FERIADO MUNICIPAL;13/06;FERIADO MUNICIPAL;00/00;;00/00;;00/00;;00/00;;00/00;;00/00;;00/00;;00/00;;5;N
MG;QUARTEL GERAL;RWN;P;A;N;S;S;3;3;0;172;100;0;0;RWNI;;X;X;X;X;X; ;00/00;;00/00;;00/00;;00/00;;00/00;;00/00;;00/00;;00/00;;00/00;;00/00;;5;N
MG;QUELUZITO;GRF;I;A;S;N;S;15;15;0;181;100;0;0;REDI;;X;X;X;X;X; ;00/00;;00/00;;00/00;;00/00;;00/00;;00/00;;00/00;;00/00;;00/00;;00/00;;5;N
MG;RAPOSOS;BHZ;R;A;N;S;S;2;2;0;48;0;0;0;BHZR;;X;X;X;X;X; ;16/02;FERIADO MUNICIPAL;15/08;FERIADO MUNICIPAL;08/12;FERIADO MUNICIPAL;00/00;;00/00;;00/00;;00/00;;00/00;;00/00;;00/00;;5;N
MG;RAUL SOARES;GVR;I;A;N;N;S;7;7;0;286;0;0;0;TAMI;;X;X;X;X;X; ;20/01;DIA DE SAO SEBASTIAO PADROEIRO;19/09;ANIV DA EMANCIPACAO POLITICA;08/12;EMANCIPACAO DE RAUL SOARES;00/00;;00/00;;00/00;;00/00;;00/00;;00/00;;00/00;;5;N
MG;RECREIO;TAM;R;A;N;N;S;7;7;0;132;0;0;0;TAMR;;X;X;X;X;X; ;20/01;FERIADO MUNICIPAL;27/06;FERIADO MUNICIPAL;08/12;FERIADO MUNICIPAL;00/00;;00/00;;00/00;;00/00;;00/00;;00/00;;00/00;;5;N
MG;REDUTO;GVR;P;A;N;N;S;6;6;0;5;0;0;0;LTOI;;X;X;X;X;X; ;24/06;SAO JOAO;25/07;FERIADO MUNICIPAL;19/11;FERIADO MUNICIPAL;00/00;;00/00;;00/00;;00/00;;00/00;;00/00;;00/00;;5;N
MG;RESENDE COSTA;TAM;I;A;N;N;S;7;7;0;192;0;0;0;TAMI;;X;X;X;X;X; ;02/06;ANIVERSARIO DA CIDADE;01/09;DIA DA PADROEIRA;00/00;;00/00;;00/00;;00/00;;00/00;;00/00;;00/00;;00/00;;5;N
MG;RESPLENDOR;GRF;I;A;N;N;S;6;6;0;202;0;0;0;LTOI;;X;X;X;X;X; ;26/07;DIA DA PPADROEIRA;31/10;DIA DO EVANGELICO;08/12;DIA N SRA DA CONCEICAO;00/00;;00/00;;00/00;;00/00;;00/00;;00/00;;00/00;;5;N
MG;RESSAQUINHA;TAM;R;A;N;N;S;5;5;0;110;0;0;0;TAMR;;X;X;X;X;X; ;00/00;;00/00;;00/00;;00/00;;00/00;;00/00;;00/00;;00/00;;00/00;;00/00;;5;N
MG;RIACHINHO;STJ;I;A;N;N;S;7;7;0;595;50;0;0;PANI;CIDADE ATENDIDA 2X NA SEMANA;X;X;X;X;X; ;27/04;FERIADO MUNICIPAL;13/06;FERIADO MUNICIPAL;24/06;FERIADO MUNICIPAL;25/07;FERIADO MUNICIPAL;31/10;FERIADO MUNICIPAL;00/00;;00/00;;00/00;;00/00;;00/00;;5;N
MG;RIACHO DOS MACHADOS;VEA;I;A;N;S;S;7;7;0;144;0;0;0;RMCP;;X;X;X;X;X; ;03/03;FERIADO MUNICIPAL;00/00;;00/00;;00/00;;00/00;;00/00;;00/00;;00/00;;00/00;;00/00;;5;N
MG;RIBEIRAO DAS NEVES;BHZ;P;A;N;S;S;2;2;0;27;0;0;0;BHZP;;X;X;X;X;X; ;05/08;DIA DE NOSSA SENHORA DAS NEVES;15/08;ASSUNCAO NOSSA SENHORA;12/12;ANIVERSARIO DA CIDADE;00/00;;00/00;;00/00;;00/00;;00/00;;00/00;;00/00;;5;N
MG;RIBEIRAO VERMELHO;DCC;I;A;N;S;S;3;3;2;185;0;0;0;ALTI;; ; ; ; ;X; ;15/08;DIA N.SRA DA PENA;26/11;FERIADO MUNICIPAL;08/12;PADROEIRA DA CIDADE;27/12;FERIADO MUNICIPAL;00/00;;00/00;;00/00;;00/00;;00/00;;00/00;;5;N
MG;RIO ACIMA;BHZ;R;A;N;S;S;2;2;0;53;0;0;0;BHZR;;X;X;X;X;X; ;13/06;FERIADO MUNICIPAL;00/00;;00/00;;00/00;;00/00;;00/00;;00/00;;00/00;;00/00;;00/00;;5;N
MG;RIO CASCA;GVR;I;A;N;N;S;7;7;0;255;0;0;0;TAMI;;X;X;X;X;X; ;01/06;ANIVERSARIO DA CIDADE;08/12;DIA DE NSA SRA DA CONCEICAO;00/00;;00/00;;00/00;;00/00;;00/00;;00/00;;00/00;;00/00;;5;N
MG;RIO DO PRADO;GRF;I;A;N;N;S;10;10;0;757;0;0;0;REDI;;X;X;X;X;X; ;24/06;FERIADO MUNICIPAL;06/08;FERIADO MUNICIPAL;12/12;FERIADO MUNICIPAL;00/00;;00/00;;00/00;;00/00;;00/00;;00/00;;00/00;;5;N
MG;RIO DOCE;ROP;I;A;N;N;S;5;5;0;239;195;0;0;TAMI;;X;X;X;X;X; ;00/00;;00/00;;00/00;;00/00;;00/00;;00/00;;00/00;;00/00;;00/00;;00/00;;5;N
MG;RIO ESPERA;ROP;I;A;N;S;S;5;5;0;170;325;0;0;ROPI;;X;X;X;X;X; ;00/00;;00/00;;00/00;;00/00;;00/00;;00/00;;00/00;;00/00;;00/00;;00/00;;5;N
MG;RIO MANSO;GRF;I;A;N;N;S;13;13;0;130;300;0;0;REDI;SUBS BHZ COM TDA DE 300,00 PARA MGI TDA DE 90;X;X;X;X;X; ;00/00;;00/00;;00/00;;00/00;;00/00;;00/00;;00/00;;00/00;;00/00;;00/00;;5;N
MG;RIO NOVO;TAM;R;A;N;N;S;5;5;0;56;0;0;0;TAMR;;X;X;X;X;X; ;13/09;ANIVERSARIO DA CIDADE;08/12;DIA DE NSA SRA DA CONCEICAO;00/00;;00/00;;00/00;;00/00;;00/00;;00/00;;00/00;;00/00;;5;N
MG;RIO PARANAIBA;TRU;I;A;N;N;S;4;4;0;248;0;0;0;PANI;;X;X;X;X;X; ;15/08;DIA N.SRA DA ABADIA;04/10;FERIADO MUNICIPAL;13/12;FERIADO MUNICIPAL;00/00;;00/00;;00/00;;00/00;;00/00;;00/00;;00/00;;5;N
MG;RIO PARDO DE MINAS;VEA;I;A;N;S;S;7;7;0;258;0;0;0;RMCP;;X;X;X;X;X; ;24/06;DIA DE SAO JOAO;15/07;ANIVERSARIO DA CIDADE;08/12;FERIADO MUNICIPAL;00/00;;00/00;;00/00;;00/00;;00/00;;00/00;;00/00;;5;N
MG;RIO PIRACICABA;EJM;P;A;N;N;S;3;3;0;274;0;0;0;RWNI;;X;X;X;X;X; ;03/05;FERIADO MUNICIPAL;30/05;FERIADO MUNICIPAL;29/09;DIA DE SAO MIGUEL ARCANJO;08/12;DIA N SRA DA CONCEICAO;00/00;;00/00;;00/00;;00/00;;00/00;;00/00;;5;N
MG;RIO POMBA;TAM;R;A;N;N;S;4;4;0;73;0;0;0;TAMR;;X;X;X;X;X; ;09/04;DIA DA LOLA;17/06;DIA DE SAO MANOEL;25/08;EMANCIPACAO;00/00;;00/00;;00/00;;00/00;;00/00;;00/00;;00/00;;5;N
MG;RIO PRETO;TAM;I;A;N;N;S;7;7;0;83;0;0;0;TAMI;;X;X;X;X;X; ;14/07;FERIADO MUNICIPAL;00/00;;00/00;;00/00;;00/00;;00/00;;00/00;;00/00;;00/00;;00/00;;5;N
MG;RIO VERMELHO;GRF;I;A;N;N;S;13;13;0;129;0;0;0;GRFI;;X;X;X;X;X; ;15/08;FERIADO MUNICIPAL;08/12;DIA N SRA DA CONCEICAO;00/00;;00/00;;00/00;;00/00;;00/00;;00/00;;00/00;;00/00;;5;N
MG;RITAPOLIS;TAM;I;A;N;S;S;7;7;0;170;0;0;0;TAMI;;X;X;X;X;X; ;01/03;FERIADO MUNICIPAL;00/00;;00/00;;00/00;;00/00;;00/00;;00/00;;00/00;;00/00;;00/00;;5;N
MG;ROCHEDO DE MINAS;TAM;R;A;N;N;S;6;6;0;53;0;0;0;TAMR;;X;X;X;X;X; ;00/00;;00/00;;00/00;;00/00;;00/00;;00/00;;00/00;;00/00;;00/00;;00/00;;5;N
MG;RODEIRO;TAM;R;A;N;N;S;5;5;0;117;0;0;0;TAMR;;X;X;X;X;X; ;20/01;FERIADO MUNICIPAL;01/03;FERIADO MUNICIPAL;00/00;;00/00;;00/00;;00/00;;00/00;;00/00;;00/00;;00/00;;5;N
MG;ROMARIA;TRU;I;A;N;N;S;5;5;0;89;0;0;0;PANI;;X;X;X;X;X; ;01/03;FERIADO MUNICIPAL;15/08;FERIADO MUNICIPAL;00/00;;00/00;;00/00;;00/00;;00/00;;00/00;;00/00;;00/00;;5;N
MG;ROSARIO DA LIMEIRA;TAM;I;A;N;N;S;7;7;0;191;0;0;0;TAMI;;X;X;X;X;X; ;00/00;;00/00;;00/00;;00/00;;00/00;;00/00;;00/00;;00/00;;00/00;;00/00;;5;N
MG;RUBELITA;VEA;I;A;N;N;S;8;8;0;556;0;0;0;REDI;;X;X;X;X;X; ;24/06;FERIADO MUNICIPAL;06/08;FERIADO MUNICIPAL;00/00;;00/00;;00/00;;00/00;;00/00;;00/00;;00/00;;00/00;;5;N
MG;RUBIM;GRF;I;A;N;N;S;7;7;0;753;0;0;0;REDI;;X;X;X;X;X; ;24/06;FERIADO MUNICIPAL;06/08;FERIADO MUNICIPAL;31/12;FERIADO MUNICIPAL;00/00;;00/00;;00/00;;00/00;;00/00;;00/00;;00/00;;5;N
MG;SABARA;BHZ;P;A;N;S;S;1;2;0;33;0;0;0;BHZP;;X;X;X;X;X; ;17/07;ANIVERSARIO DA CIDADE;08/12;DIA N SRA DA CONCEICAO;00/00;;00/00;;00/00;;00/00;;00/00;;00/00;;00/00;;00/00;;5;N
MG;SABINOPOLIS;SSO;I;A;N;N;S;10;10;0;206;0;0;0;GRFI;;X; ; ; ; ; ;20/01;DIA DO PADROEIRO;24/02;ANIVERSARIO DA CIDADE;15/08;DIA N.SRA DO ROSARIO;00/00;;00/00;;00/00;;00/00;;00/00;;00/00;;00/00;;5;N
MG;SACRAMENTO;TRU;R;A;N;N;S;4;4;0;157;0;0;0;PANI;;X;X;X;X;X; ;31/05;DIA N SRA PATROCINIO SS SACRAM;15/08;DIA N SRA DA ABADIA;24/08;ANIVERSARIO DA CIDADE;08/12;ASSUNCAO DE N SRA;00/00;;00/00;;00/00;;00/00;;00/00;;00/00;;5;N
MG;SALINAS;VEA;I;A;N;S;S;5;5;0;847;0;0;0;PANI;;X;X;X;X;X; ;13/06;DIA DO PADROEIRO;24/06;FERIADO MUNICIPAL;04/10;ANIVERSARIO DA CIDADE;00/00;;00/00;;00/00;;00/00;;00/00;;00/00;;00/00;;5;N
MG;SALTO DA DIVISA;GRF;I;A;N;N;S;6;6;0;817;250;0;0;REDI;;X;X;X;X;X; ;20/01;FERIADO MUNICIPAL;27/12;FERIADO MUNICIPAL;00/00;;00/00;;00/00;;00/00;;00/00;;00/00;;00/00;;00/00;;5;N
MG;SANTA BARBARA;ROP;P;A;N;N;S;3;3;0;254;0;0;0;RWNI;;X;X;X;X;X; ;13/06;DIA DE SANTO ANTONIO;04/12;ANIVERSARIO DA CIDADE;00/00;;00/00;;00/00;;00/00;;00/00;;00/00;;00/00;;00/00;;5;N
MG;SANTA BARBARA DO LESTE;GRF;P;A;N;N;S;7;7;0;55;0;0;35;LTOI;;X;X;X;X;X; ;00/00;;00/00;;00/00;;00/00;;00/00;;00/00;;00/00;;00/00;;00/00;;00/00;;5;N
MG;SANTA BARBARA DO MONTE VERDE;TAM;R;A;N;N;S;7;7;0;61;0;0;0;TAMR;;X;X;X;X;X; ;00/00;;00/00;;00/00;;00/00;;00/00;;00/00;;00/00;;00/00;;00/00;;00/00;;5;N
MG;SANTA BARBARA DO TUGURIO;TAM;R;A;N;N;S;7;7;0;88;0;0;0;TAMR;;X;X;X;X;X; ;00/00;;00/00;;00/00;;00/00;;00/00;;00/00;;00/00;;00/00;;00/00;;00/00;;5;N
MG;SANTA CRUZ DE MINAS;TAM;I;A;N;N;S;5;5;0;154;0;0;0;TAMI;;X;X;X;X;X; ;00/00;;00/00;;00/00;;00/00;;00/00;;00/00;;00/00;;00/00;;00/00;;00/00;;5;N
MG;SANTA CRUZ DE SALINAS;GRF;I;A;N;S;S;12;12;0;655;0;0;0;REDI;;X;X;X;X;X; ;00/00;;00/00;;00/00;;00/00;;00/00;;00/00;;00/00;;00/00;;00/00;;00/00;;5;N
MG;SANTA CRUZ DO ESCALVADO;ROP;I;A;N;N;S;5;5;0;248;260;0;0;TAMI;;X;X;X;X;X; ;00/00;;00/00;;00/00;;00/00;;00/00;;00/00;;00/00;;00/00;;00/00;;00/00;;5;N
MG;SANTA EFIGENIA DE MINAS;SSO;I;A;N;N;S;10;10;0;230;0;0;0;GRFI;;X; ; ; ; ; ;00/00;;00/00;;00/00;;00/00;;00/00;;00/00;;00/00;;00/00;;00/00;;00/00;;5;N
MG;SANTA FE DE MINAS;STJ;I;A;N;N;S;10;10;0;416;250;0;0;REDI;;X;X;X;X;X; ;01/03;FERIADO MUNICIPAL;13/06;FERIADO MUNICIPAL;08/12;FERIADO MUNICIPAL;00/00;;00/00;;00/00;;00/00;;00/00;;00/00;;00/00;;5;N
MG;SANTA HELENA DE MINAS;GRF;I;A;N;N;S;7;7;0;801;0;0;0;REDI;;X;X;X;X;X; ;00/00;;00/00;;00/00;;00/00;;00/00;;00/00;;00/00;;00/00;;00/00;;00/00;;5;N
MG;SANTA JULIANA;TRU;R;A;N;N;S;4;4;0;98;0;0;0;PANI;;X;X;X;X;X; ;15/08;FERIADO MUNICIPAL;15/09;FERIADO MUNICIPAL;08/12;FERIADO MUNICIPAL;17/12;FERIADO EM SANTA JULIANA;00/00;;00/00;;00/00;;00/00;;00/00;;00/00;;5;N
MG;SANTA LUZIA;BHZ;P;A;N;S;S;1;1;0;164;0;0;0;BHZP;;X;X;X;X;X; ;15/08;FERIADO EM SANTA LUZIA;13/12;DIA DE SANTA LUZIA;00/00;;00/00;;00/00;;00/00;;00/00;;00/00;;00/00;;00/00;;5;N
MG;SANTA MARGARIDA;GRF;I;A;N;N;S;8;8;0;43;100;0;0;LTOI;;X;X;X;X;X; ;20/07;FERIADO MUNICIPAL;25/07;FERIADO MUNICIPAL;05/11;FERIADO MUNICIPAL;00/00;;00/00;;00/00;;00/00;;00/00;;00/00;;00/00;;5;N
MG;SANTA MARIA DE ITABIRA;GVR;R;A;N;N;S;4;4;0;670;0;0;0;PANI;;X;X;X;X;X; ;07/10;FERIADO MUNICIPAL;20/11;FERIADO MUNICIPAL;00/00;;00/00;;00/00;;00/00;;00/00;;00/00;;00/00;;00/00;;5;N
MG;SANTA MARIA DO SALTO;GRF;I;A;N;N;S;7;7;0;805;0;0;0;REDI;;X;X;X;X;X; ;06/01;FERIADO MUNICIPAL;24/06;FERIADO MUNICIPAL;08/12;FERIADO MUNICIPAL;30/12;FERIADO MUNICIPAL;00/00;;00/00;;00/00;;00/00;;00/00;;00/00;;5;N
MG;SANTA MARIA DO SUACUI;SSO;P;A;N;N;S;6;6;0;951;0;0;0;GRFI;;X;X;X;X;X; ;16/03;DIA DA EMANCIPACAO POLITICA;15/08;DIA DA PADROEIRA;21/09;ANIV MONT CONEGO LAFAIETE COST;00/00;;00/00;;00/00;;00/00;;00/00;;00/00;;00/00;;5;N
MG;SANTA RITA DE CALDAS;DCC;I;A;N;S;S;5;5;0;67;0;0;0;ALTR;; ;X; ; ;X; ;19/02;DIA DA CIDADE;22/05;DIA DA PADROEIRA;03/10;ANIV MORTE MONSENHOR ALDERIGI;00/00;;00/00;;00/00;;00/00;;00/00;;00/00;;00/00;;5;N
MG;SANTA RITA DE IBITIPOCA;TAM;I;A;N;N;S;7;7;0;105;0;0;0;TAMI;;X;X;X;X;X; ;00/00;;00/00;;00/00;;00/00;;00/00;;00/00;;00/00;;00/00;;00/00;;00/00;;5;N
MG;SANTA RITA DE JACUTINGA;TAM;I;A;N;N;S;7;7;0;123;0;0;0;TAMI;;X;X;X;X;X; ;00/00;;00/00;;00/00;;00/00;;00/00;;00/00;;00/00;;00/00;;00/00;;00/00;;5;N
MG;SANTA RITA DE MINAS;GRF;I;A;N;N;S;6;6;0;67;0;0;0;LTOP;;X;X;X;X;X; ;00/00;;00/00;;00/00;;00/00;;00/00;;00/00;;00/00;;00/00;;00/00;;00/00;;5;N
MG;SANTA RITA DO ITUETO;GRF;I;A;N;N;S;10;10;0;570;200;0;0;REDI;;X;X;X;X;X; ;00/00;;00/00;;00/00;;00/00;;00/00;;00/00;;00/00;;00/00;;00/00;;00/00;;5;N
MG;SANTA RITA DO SAPUCAI;DCC;I;A;N;S;S;3;3;0;29;104;0;0;ALTR;; ;X;X; ;X; ;22/05;DIA DE SANTA RITA DE CASSIA;24/05;ANIVERSARIO DE SANTA RITA;00/00;;00/00;;00/00;;00/00;;00/00;;00/00;;00/00;;00/00;;5;N
MG;SANTA ROSA DA SERRA;TRU;I;A;N;N;S;8;8;0;304;195;0;0;PANI;;X;X;X;X;X; ;08/12;FERIADO MUNICIPAL;00/00;;00/00;;00/00;;00/00;;00/00;;00/00;;00/00;;00/00;;00/00;;5;N
MG;SANTA VITORIA;TRU;R;A;N;N;S;5;5;0;208;0;0;0;PANI;;X;X;X;X;X; ;31/05;ANIVERSARIO DO MUNICIPIO;15/08;DIA N SRA DA ABADIA;08/12;DIA N SRA DA CONCEICAO;00/00;;00/00;;00/00;;00/00;;00/00;;00/00;;00/00;;5;N
MG;SANTANA DA VARGEM;DCC;I;A;N;S;S;3;3;1;167;0;0;0;ALTI;; ;X; ; ; ; ;01/03;MUNICIPAL;26/07;FERIADO MUNICIPAL;08/12;PADROEIRA DA CIDADE;00/00;;00/00;;00/00;;00/00;;00/00;;00/00;;00/00;;5;N
MG;SANTANA DE CATAGUASES;TAM;I;A;N;N;S;7;7;0;141;0;0;0;TAMI;;X;X;X;X;X; ;00/00;;00/00;;00/00;;00/00;;00/00;;00/00;;00/00;;00/00;;00/00;;00/00;;5;N
MG;SANTANA DE PIRAPAMA;SET;P;A;N;S;S;2;2;0;75;320;0;0;SETP;;X;X;X;X;X; ;26/07;FERIADO MUNICIPAL;08/12;FERIADO MUNICIPAL;00/00;;00/00;;00/00;;00/00;;00/00;;00/00;;00/00;;00/00;;5;N
MG;SANTANA DO DESERTO;TAM;I;A;N;N;S;7;7;0;51;0;0;0;TAMI;;X;X;X;X;X; ;00/00;;00/00;;00/00;;00/00;;00/00;;00/00;;00/00;;00/00;;00/00;;00/00;;5;N
MG;SANTANA DO GARAMBEU;TAM;I;A;N;N;S;7;7;0;168;0;0;0;TAMI;;X;X;X;X;X; ;00/00;;00/00;;00/00;;00/00;;00/00;;00/00;;00/00;;00/00;;00/00;;00/00;;5;N
MG;SANTANA DO JACARE;DCC;R;A;N;S;S;3;3;0;129;0;0;0;RWNI;;X;X;X;X;X; ;26/07;FERIADO MUNICIPAL;15/08;FERIADO MUNICIPAL;08/12;PADROEIRA DA CIDADE;00/00;;00/00;;00/00;;00/00;;00/00;;00/00;;00/00;;5;N
MG;SANTANA DO MANHUACU;GRF;P;A;N;N;S;8;8;0;31;100;0;0;LTOI;;X;X;X;X;X; ;31/10;FERIADO MUNICIPAL;00/00;;00/00;;00/00;;00/00;;00/00;;00/00;;00/00;;00/00;;00/00;;5;N
MG;SANTANA DO PARAISO;GVR;I;A;N;S;S;4;4;0;186;0;0;0;LTOI;;X;X;X;X;X; ;28/04;FERIADO MUNICIPAL;26/07;FERIADO MUNICIPAL;00/00;;00/00;;00/00;;00/00;;00/00;;00/00;;00/00;;00/00;;5;N
MG;SANTANA DO RIACHO;SES;P;A;S;N;S;2;3;0;88;200;0;0;REDI;;X;X;X;X;X; ;00/00;;00/00;;00/00;;00/00;;00/00;;00/00;;00/00;;00/00;;00/00;;00/00;;5;N
MG;SANTANA DOS MONTES;ROP;P;A;N;N;S;5;5;0;159;195;0;30;RWNI;;X;X;X;X;X; ;00/00;;00/00;;00/00;;00/00;;00/00;;00/00;;00/00;;00/00;;00/00;;00/00;;5;N
MG;SANTO ANTONIO DO AMPARO;DCC;R;A;N;S;S;3;3;0;117;0;0;0;RWNI;;X;X;X;X;X; ;12/06;FERIADO EM SANTO ANTONIO DO AM;13/06;FERIADO EM SANTO ANTONIO DO AM;15/08;FERIADO MUNICIPAL;08/12;NOSSA SENHORA CONCEICAO;00/00;;00/00;;00/00;;00/00;;00/00;;00/00;;5;N
MG;SANTO ANTONIO DO AVENTUREIRO;TAM;I;A;N;N;S;7;7;0;79;0;0;0;TAMI;;X;X;X;X;X; ;13/06;FERIADO MUNICIPAL;04/08;FERIADO MUNICIPAL;08/12;FERIADO MUNICIPAL;00/00;;00/00;;00/00;;00/00;;00/00;;00/00;;00/00;;5;N
MG;SANTO ANTONIO DO GRAMA;ROP;I;A;N;N;S;7;7;0;257;550;0;0;TAMI;TDE E TDA DEVIDO A LOCALIZACAO ;X;X;X;X;X; ;00/00;;00/00;;00/00;;00/00;;00/00;;00/00;;00/00;;00/00;;00/00;;00/00;;5;N
MG;SANTO ANTONIO DO ITAMBE;TCW;R;A;N;N;S;7;7;0;184;0;0;0;TCWI;;X;X;X;X;X; ;00/00;;00/00;;00/00;;00/00;;00/00;;00/00;;00/00;;00/00;;00/00;;00/00;;5;N
MG;SANTO ANTONIO DO JACINTO;GRF;I;A;N;N;S;7;7;0;824;0;0;0;REDI;;X;X;X;X;X; ;27/10;FERIADO MUNICIPAL;00/00;;00/00;;00/00;;00/00;;00/00;;00/00;;00/00;;00/00;;00/00;;5;N
MG;SANTO ANTONIO DO MONTE;DDB;P;A;N;S;S;3;43;0;183;0;0;0;RWNI;;X;X;X;X;X; ;13/06;DIA DE SANTO ANTONIO;16/11;ANIVERSARIO DA CIDADE;08/12;FERIADO MUNICIPAL;00/00;;00/00;;00/00;;00/00;;00/00;;00/00;;00/00;;5;N
MG;SANTO ANTONIO DO RETIRO;VEA;I;A;N;S;S;8;8;0;604;0;0;0;REDI;;X;X;X;X;X; ;00/00;;00/00;;00/00;;00/00;;00/00;;00/00;;00/00;;00/00;;00/00;;00/00;;5;N
MG;SANTO ANTONIO DO RIO ABAIXO;GRF;I;A;N;N;S;13;13;0;169;100;0;0;REDI;;X;X;X;X;X; ;00/00;;00/00;;00/00;;00/00;;00/00;;00/00;;00/00;;00/00;;00/00;;00/00;;5;N
MG;SANTO HIPOLITO;TCW;R;A;N;N;S;4;4;0;73;0;0;0;TCWI;;X;X;X;X;X; ;00/00;;00/00;;00/00;;00/00;;00/00;;00/00;;00/00;;00/00;;00/00;;00/00;;5;N
MG;SANTOS DUMONT;TAM;R;A;N;N;S;4;4;0;46;0;0;0;TAMR;; ;X; ;X; ; ;27/07;DIA DA EMANCIPACAO POLITICA;29/09;DIA DE S. MIGUEL PADROEIRO MUN;23/10;DIA DA ASA;00/00;;00/00;;00/00;;00/00;;00/00;;00/00;;00/00;;5;N
MG;SAO BENTO ABADE;DCC;R;C;N;S;S;3;3;1;144;0;0;0;ALTI;; ;X; ; ; ; ;06/01;MUNICIPAL;21/03;MUNICIPAL;00/00;;00/00;;00/00;;00/00;;00/00;;00/00;;00/00;;00/00;;5;N
MG;SAO BRAS DO SUACUI;ROP;I;A;N;S;S;4;4;0;114;195;0;0;ROPI;;X;X;X;X;X; ;03/02;FERIADO MUNICIPAL;28/05;FERIADO MUNICIPAL;12/12;FERIADO MUNICIPAL;00/00;;00/00;;00/00;;00/00;;00/00;;00/00;;00/00;;5;N
MG;SAO DOMINGOS DAS DORES;GRF;I;A;N;N;S;13;13;0;122;100;0;0;LTOI;;X;X;X;X;X; ;00/00;;00/00;;00/00;;00/00;;00/00;;00/00;;00/00;;00/00;;00/00;;00/00;;5;N
MG;SAO DOMINGOS DO PRATA;GVR;I;A;N;N;S;5;5;0;287;130;0;0;RWNI;;X;X;X;X;X; ;04/08;DIA DO PADROEIRO;15/08;FERIADO MUNICIPAL;00/00;;00/00;;00/00;;00/00;;00/00;;00/00;;00/00;;00/00;;5;N
MG;SAO FELIX DE MINAS;GRF;I;A;N;N;S;8;8;0;482;200;0;0;REDI;;X;X;X;X;X; ;00/00;;00/00;;00/00;;00/00;;00/00;;00/00;;00/00;;00/00;;00/00;;00/00;;5;N
MG;SAO FRANCISCO;VEA;I;A;N;S;S;7;7;0;164;0;0;0;RMCP;;X;X;X;X;X; ;19/03;DIA DE SAO JOSE;05/11;ANIVERSARIO DA CIDADE;08/12;DIA N SRA DA CONCEICAO;00/00;;00/00;;00/00;;00/00;;00/00;;00/00;;00/00;;5;N
MG;SAO FRANCISCO DE PAULA;RWN;P;A;N;S;S;3;3;0;77;70;0;0;RWNI;;X;X;X;X;X; ;00/00;;00/00;;00/00;;00/00;;00/00;;00/00;;00/00;;00/00;;00/00;;00/00;;5;N
MG;SAO FRANCISCO DE SALES;TRU;I;A;N;N;S;8;8;0;207;195;0;0;PANI;;X;X;X;X;X; ;24/01;FERIADO MUNICIPAL;28/10;FERIADO MUNICIPAL;30/12;FERIADO EM SAO FRANCISCO DE SA;00/00;;00/00;;00/00;;00/00;;00/00;;00/00;;00/00;;5;N
MG;SAO FRANCISCO DO GLORIA;GRF;I;A;N;N;S;5;5;0;209;0;0;0;TAMI;;X;X;X;X;X; ;21/09;FERIADO MUNICIPAL;04/10;FERIADO MUNICIPAL;12/12;FERIADO MUNICIPAL;00/00;;00/00;;00/00;;00/00;;00/00;;00/00;;00/00;;5;N
MG;SAO GERALDO;TAM;R;A;N;N;S;6;6;0;140;0;0;0;TAMR;;X;X;X;X;X; ;20/01;SAO GERALDO;27/03;FERIADO MUNICIPAL;13/12;FERIADO MUNICIPAL;00/00;;00/00;;00/00;;00/00;;00/00;;00/00;;00/00;;5;N
MG;SAO GERALDO DA PIEDADE;GRF;I;A;N;N;S;13;13;0;349;0;0;0;REDI;;X;X;X;X;X; ;00/00;;00/00;;00/00;;00/00;;00/00;;00/00;;00/00;;00/00;;00/00;;00/00;;5;N
MG;SAO GERALDO DO BAIXIO;GRF;I;A;N;S;S;8;8;0;487;0;0;0;REDI;;X;X;X;X;X; ;00/00;;00/00;;00/00;;00/00;;00/00;;00/00;;00/00;;00/00;;00/00;;00/00;;5;N
MG;SAO GONCALO DO ABAETE;TRU;I;A;N;N;S;6;6;0;309;0;0;0;PANI;;X;X;X;X;X; ;15/08;FERIADO MUNICIPAL;08/12;FERIADO MUNICIPAL;31/12;FERIADO MUNICIPAL;00/00;;00/00;;00/00;;00/00;;00/00;;00/00;;00/00;;5;N
MG;SAO GONCALO DO PARA;DDB;P;A;N;S;S;7;7;0;109;0;0;0;RWNI;;X;X;X;X;X; ;10/01;FERIADO MUNICIPAL;00/00;;00/00;;00/00;;00/00;;00/00;;00/00;;00/00;;00/00;;00/00;;5;N
MG;SAO GONCALO DO RIO ABAIXO;EJM;P;A;N;N;S;3;3;0;234;0;0;0;RWNI;;X;X;X;X;X; ;11/02;FERIADO MUNICIPAL;08/12;FERIADO MUNICIPAL;30/12;FERIADO MUNICIPAL;00/00;;00/00;;00/00;;00/00;;00/00;;00/00;;00/00;;5;N
MG;SAO GONCALO DO RIO PRETO;TCW;R;A;N;N;S;7;7;0;179;0;0;0;TCWI;;X;X;X;X;X; ;08/12;FERIADO MUNICIPAL;00/00;;00/00;;00/00;;00/00;;00/00;;00/00;;00/00;;00/00;;00/00;;5;N
MG;SAO GONCALO DO SAPUCAI;DCC;R;A;N;S;S;3;3;1;66;0;0;0;ALTR;; ;X; ; ;X; ;10/01;DIA DO PADROEIRO DA CIDADE;00/00;;00/00;;00/00;;00/00;;00/00;;00/00;;00/00;;00/00;;00/00;;5;N
MG;SAO GOTARDO;TRU;I;A;N;N;S;5;5;0;285;0;0;0;PANI;;X;X;X;X;X; ;20/01;DIA DO PADROEIRO;15/08;FERIADO MUNICIPAL;30/09;ANIV. DA CIDADE;00/00;;00/00;;00/00;;00/00;;00/00;;00/00;;00/00;;5;N
MG;SAO JOAO BATISTA DO GLORIA;DCC;I;A;N;N;S;2;2;0;388;104;0;0;REDI;;X;X;X;X;X; ;24/06;SANTO ANTONIO;15/08;MUNICIPAL;08/12;FERIADO MUNICIPAL;00/00;;00/00;;00/00;;00/00;;00/00;;00/00;;00/00;;5;N
MG;SAO JOAO DA LAGOA;VEA;I;A;N;S;S;7;7;0;73;0;0;0;RMCP;;X;X;X;X;X; ;00/00;;00/00;;00/00;;00/00;;00/00;;00/00;;00/00;;00/00;;00/00;;00/00;;5;N
MG;SAO JOAO DA MATA;DCC;I;C;N;S;S;4;4;0;48;0;0;0;ALTR;; ;X; ; ; ; ;24/06;FERIADO MUNICIPAL;00/00;;00/00;;00/00;;00/00;;00/00;;00/00;;00/00;;00/00;;00/00;;5;N
MG;SAO JOAO DA PONTE;VEA;I;A;N;S;S;7;7;0;108;250;0;0;RMCP;;X;X;X;X;X; ;24/06;SAO JOAO;20/11;FERIADO MUNICIPAL;31/12;ANIVERSARIO DA CIDADE;00/00;;00/00;;00/00;;00/00;;00/00;;00/00;;00/00;;5;N
MG;SAO JOAO DAS MISSOES;VEA;I;A;N;S;S;8;8;0;257;0;0;0;REDI;;X;X;X;X;X; ;00/00;;00/00;;00/00;;00/00;;00/00;;00/00;;00/00;;00/00;;00/00;;00/00;;5;N
MG;SAO JOAO DEL REI;TAM;R;A;N;N;S;5;5;0;155;0;0;0;TAMR;;X;X;X;X;X; ;15/08;ASSUNCAO DE N SENHORA;08/12;DIA DA CIDADE;00/00;;00/00;;00/00;;00/00;;00/00;;00/00;;00/00;;00/00;;5;N
MG;SAO JOAO DO MANHUACU;GVR;I;A;N;N;S;7;7;0;35;0;0;0;LTOI;;X;X;X;X;X; ;27/04;FERIADO MUNICIPAL;24/06;SAO JOAO ;30/10;FERIADO MUNICIPAL;08/12;FERIADO MUNICIPAL;00/00;;00/00;;00/00;;00/00;;00/00;;00/00;;5;N
MG;SAO JOAO DO MANTENINHA;GRF;P;A;N;N;S;5;5;0;441;0;0;0;GRFP;;X;X;X;X;X; ;27/04;FERIADO MUNICIPAL;24/06;FERIADO MUNICIPAL;00/00;;00/00;;00/00;;00/00;;00/00;;00/00;;00/00;;00/00;;5;N
MG;SAO JOAO DO ORIENTE;GRF;I;A;N;N;S;8;8;0;135;0;0;0;LTOI;;X;X;X;X;X; ;01/03;FERIADO MUNICIPAL;24/06;FERIADO MUNICIPAL;08/12;FERIADO MUNICIPAL;00/00;;00/00;;00/00;;00/00;;00/00;;00/00;;00/00;;5;N
MG;SAO JOAO DO PACUI;VEA;I;A;N;S;S;8;8;0;425;0;0;0;REDI;;X;X;X;X;X; ;00/00;;00/00;;00/00;;00/00;;00/00;;00/00;;00/00;;00/00;;00/00;;00/00;;5;N
MG;SAO JOAO DO PARAISO;VEA;I;A;N;S;S;7;7;0;334;0;0;0;RMCP;;X;X;X;X;X; ;24/06;SAO JOAO;29/06;FERIADO MUNICIPAL;06/08;FERIADO MUNICIPAL;01/11;FERIADO MUNICIPAL;00/00;;00/00;;00/00;;00/00;;00/00;;00/00;;5;N
MG;SAO JOAO EVANGELISTA;SSO;I;A;N;N;S;10;10;0;149;0;0;0;GRFI;;X; ; ; ; ; ;01/06;DIA DA EMANCIPACAO POLITICA;15/08;DIA PAROQ SAO JOAO EVANGELISTA;27/12;DIA DO PADROEIRO;00/00;;00/00;;00/00;;00/00;;00/00;;00/00;;00/00;;5;N
MG;SAO JOAO NEPOMUCENO;TAM;R;A;N;N;S;5;5;0;64;0;0;0;TAMR;;X;X;X;X;X; ;16/05;DIA DO PADROEIRO;20/11;FERIADO EM SAO JOAO NEPONUCENO;00/00;;00/00;;00/00;;00/00;;00/00;;00/00;;00/00;;00/00;;5;N
MG;SAO JOAQUIM DE BICAS;BHZ;P;A;N;S;S;1;1;0;31;0;0;0;BHZP;;X;X;X;X;X; ;26/07;FERIADO MUNICIPAL;08/12;FERIADO MUNICIPAL;00/00;;00/00;;00/00;;00/00;;00/00;;00/00;;00/00;;00/00;;5;N
MG;SAO JOSE DA BARRA;DCC;I;A;N;N;S;2;2;0;384;0;0;0;PANI;;X;X;X;X;X; ;19/03;MUNICIPAL;21/12;FERIADO MUNICIPAL;00/00;;00/00;;00/00;;00/00;;00/00;;00/00;;00/00;;00/00;;5;N
MG;SAO JOSE DA LAPA;SET;P;A;N;S;S;1;1;0;44;0;0;0;SETP;;X;X;X;X;X; ;19/03;FERIADO MUNICIPAL;27/04;FERIADO MUNICIPAL;00/00;;00/00;;00/00;;00/00;;00/00;;00/00;;00/00;;00/00;;5;N
MG;SAO JOSE DA SAFIRA;GRF;I;A;N;N;S;13;13;0;401;0;0;0;REDI;;X;X;X;X;X; ;00/00;;00/00;;00/00;;00/00;;00/00;;00/00;;00/00;;00/00;;00/00;;00/00;;5;N
MG;SAO JOSE DA VARGINHA;BHZ;I;A;N;S;S;5;5;0;86;180;0;0;REDI;;X;X;X;X;X; ;19/01;FERIADO MUNICIPAL;01/03;FERIADO MUNICIPAL;19/03;FERIADO MUNICIPAL;08/12;FERIADO MUNICIPAL;00/00;;00/00;;00/00;;00/00;;00/00;;00/00;;5;N
MG;SAO JOSE DO ALEGRE;DCC;I;C;N;S;S;5;5;0;59;104;0;0;ALTR;; ;X; ; ; ; ;12/12;FERIADO MUNICIPAL;00/00;;00/00;;00/00;;00/00;;00/00;;00/00;;00/00;;00/00;;00/00;;5;N
MG;SAO JOSE DO DIVINO;GRF;I;A;N;N;S;13;13;0;505;0;0;0;REDI;;X;X;X;X;X; ;19/03;FERIADO MUNICIPAL;00/00;;00/00;;00/00;;00/00;;00/00;;00/00;;00/00;;00/00;;00/00;;5;N
MG;SAO JOSE DO GOIABAL;GVR;I;A;N;N;S;7;7;0;249;0;0;0;REDI;;X;X;X;X;X; ;19/03;FERIADO MUNICIPAL;15/08;FERIADO MUNICIPAL;14/09;FERIADO MUNICIPAL;12/12;FERIADO MUNICIPAL;00/00;;00/00;;00/00;;00/00;;00/00;;00/00;;5;N
MG;SAO JOSE DO JACURI;GRF;I;A;N;N;S;15;15;0;132;150;0;0;GRFI;;X;X;X;X;X; ;19/03;FERIADO MUNICIPAL;12/12;FERIADO MUNICIPAL;00/00;;00/00;;00/00;;00/00;;00/00;;00/00;;00/00;;00/00;;5;N
MG;SAO JOSE DO MANTIMENTO;GRF;I;A;N;N;S;8;8;0;66;100;0;0;LTOI;;X;X;X;X;X; ;01/03;FERIADO MUNICIPAL;19/03;FERIADO MUNICIPAL;01/07;FERIADO MUNICIPAL;00/00;;00/00;;00/00;;00/00;;00/00;;00/00;;00/00;;5;N
MG;SAO LOURENCO;DCC;R;A;N;S;S;3;3;0;130;0;0;0;ALTR;; ;X; ; ;X; ;01/04;DIA DA EMANCIPACAO POLITICA;10/08;DIA DO PADROEIRO;00/00;;00/00;;00/00;;00/00;;00/00;;00/00;;00/00;;00/00;;5;N
MG;SAO MIGUEL DO ANTA;TAM;I;A;N;N;S;7;7;0;183;0;0;0;TAMI;;X;X;X;X;X; ;08/12;FERIADO MUNICIPAL;12/12;FERIADO MUNICIPAL;00/00;;00/00;;00/00;;00/00;;00/00;;00/00;;00/00;;00/00;;5;N
MG;SAO PEDRO DA UNIAO;DCC;I;A;N;S;S;2;2;0;439;104;0;0;REDI;;X;X;X;X;X; ;06/01;MUNICIPAL;29/06;MUNICIPAL;01/11;FERIADO MUNICIPAL;00/00;;00/00;;00/00;;00/00;;00/00;;00/00;;00/00;;5;N
MG;SAO PEDRO DO SUACUI;GRF;I;A;N;N;S;15;15;0;116;0;0;0;GRFI;;X;X;X;X;X; ;12/12;FERIADO MUNICIPAL;00/00;;00/00;;00/00;;00/00;;00/00;;00/00;;00/00;;00/00;;00/00;;5;N
MG;SAO PEDRO DOS FERROS;GRF;I;A;N;N;S;10;10;0;273;0;0;0;TAMI;;X;X;X;X;X; ;29/06;FERIADO MUNICIPAL;31/12;FERIADO MUNICIPAL;00/00;;00/00;;00/00;;00/00;;00/00;;00/00;;00/00;;00/00;;5;N
MG;SAO ROMAO;VEA;I;A;N;S;S;8;8;0;496;110;0;0;BHZI;;X;X;X;X;X; ;02/03;DIA DA EMANCIPACAO POLITICA;13/06;DIA DE SANTO ANTONIO;08/12;DIA N SRA DA CONCEICAO;13/12;DIA DE STA LUZIA;00/00;;00/00;;00/00;;00/00;;00/00;;00/00;;5;N
MG;SAO ROQUE DE MINAS;DDB;I;A;N;N;S;10;10;0;368;460;0;0;REDI;;X;X;X;X;X; ;15/08;ASSUNCAO DE N SENHORA;16/08;DIA DE SAO ROQUE;08/12;FERIADO MUNICIPAL;17/12;ANIVERSARIO DA CIDADE;00/00;;00/00;;00/00;;00/00;;00/00;;00/00;;5;N
MG;SAO SEBASTIAO DA BELA VISTA;DCC;I;A;N;S;S;3;3;0;37;0;0;0;ALTR;; ;X; ; ;X; ;20/01;MUNICIPAL;01/03;MUNICIPAL;00/00;;00/00;;00/00;;00/00;;00/00;;00/00;;00/00;;00/00;;5;N
MG;SAO SEBASTIAO DA VARGEM ALEGRE;TAM;I;A;N;N;S;7;7;0;171;0;0;0;TAMI;;X;X;X;X;X; ;14/09;FERIADO MUNICIPAL;21/12;FERIADO MUNICIPAL;00/00;;00/00;;00/00;;00/00;;00/00;;00/00;;00/00;;00/00;;5;N
MG;SAO SEBASTIAO DO ANTA;GRF;I;A;N;N;S;13;13;0;126;100;0;0;LTOI;;X;X;X;X;X; ;00/00;;00/00;;00/00;;00/00;;00/00;;00/00;;00/00;;00/00;;00/00;;00/00;;5;N
MG;SAO SEBASTIAO DO MARANHAO;GRF;I;A;N;N;S;13;13;0;360;150;0;0;REDI;;X;X;X;X;X; ;20/01;FERIADO MUNICIPAL;21/09;FERIADO MUNICIPAL;00/00;;00/00;;00/00;;00/00;;00/00;;00/00;;00/00;;00/00;;5;N
MG;SAO SEBASTIAO DO OESTE;RWN;P;A;N;S;S;3;3;0;32;0;0;0;RWNI;;X;X;X;X;X; ;01/03;FERIADO MUNICIPAL;15/08;FERIADO MUNICIPAL;00/00;;00/00;;00/00;;00/00;;00/00;;00/00;;00/00;;00/00;;5;N
MG;SAO SEBASTIAO DO PARAISO;DCC;I;A;N;N;S;2;2;0;324;104;0;0;PANI;;X;X;X;X;X; ;20/01;DIA DO PADROEIRO;25/10;ANIVERSARIO DA CIDADE;00/00;;00/00;;00/00;;00/00;;00/00;;00/00;;00/00;;00/00;;5;N
MG;SAO SEBASTIAO DO RIO PRETO;GRF;I;A;N;N;S;13;13;0;186;100;0;0;REDI;;X;X;X;X;X; ;00/00;;00/00;;00/00;;00/00;;00/00;;00/00;;00/00;;00/00;;00/00;;00/00;;5;N
MG;SAO SEBASTIAO DO RIO VERDE;DCC;R;C;N;S;S;3;3;0;155;0;0;0;ALTI;; ; ; ; ;X; ;00/00;;00/00;;00/00;;00/00;;00/00;;00/00;;00/00;;00/00;;00/00;;00/00;;5;N
MG;SAO THOME DAS LETRAS;DCC;I;C;N;S;S;3;3;1;156;104;0;0;ALTI;; ;X; ; ; ; ;00/00;;00/00;;00/00;;00/00;;00/00;;00/00;;00/00;;00/00;;00/00;;00/00;;5;N
MG;SAO TIAGO;TAM;I;A;N;N;S;7;7;0;200;0;0;0;TAMI;;X;X;X;X;X; ;25/07;FERIADO MUNICIPAL;26/07;FERIADO MUNICIPAL;08/12;FERIADO MUNICIPAL;00/00;;00/00;;00/00;;00/00;;00/00;;00/00;;00/00;;5;N
MG;SAO TOMAS DE AQUINO;DCC;I;A;N;S;S;2;2;0;470;0;0;0;REDI;;X;X;X;X;X; ;28/01;SAO TOMAS DE AQUINO;08/07;SAO TOMAS DE AQUINO;08/12;FERIADO MUNICIPAL;00/00;;00/00;;00/00;;00/00;;00/00;;00/00;;00/00;;5;N
MG;SAO VICENTE DE MINAS;DCC;I;A;N;N;S;5;5;0;167;104;0;0;TAMI;;X;X;X;X;X; ;02/05;FERIADO MUNICIPAL;08/12;FERIADO MUNICIPAL;00/00;;00/00;;00/00;;00/00;;00/00;;00/00;;00/00;;00/00;;5;N
MG;SAPUCAI-MIRIM;DCC;I;C;N;S;S;4;4;0;108;0;0;0;ALTR;; ; ;X; ; ; ;26/07;FERIADO MUNICIPAL;17/12;MUNICIPAL;00/00;;00/00;;00/00;;00/00;;00/00;;00/00;;00/00;;00/00;;5;N
MG;SARDOA;GRF;I;A;N;N;S;9;9;0;192;150;0;0;SSOP;;X;X;X;X;X; ;00/00;;00/00;;00/00;;00/00;;00/00;;00/00;;00/00;;00/00;;00/00;;00/00;;5;N
MG;SARZEDO;BHZ;P;A;N;S;S;1;2;0;26;0;0;0;BHZP;;X;X;X;X;X; ;23/08;FERIADO MUNICIPAL;21/12;FERIADO MUNICIPAL;00/00;;00/00;;00/00;;00/00;;00/00;;00/00;;00/00;;00/00;;5;N
MG;SEM PEIXE;GVR;I;A;N;N;S;10;10;0;257;500;0;0;REDI;;X;X;X;X;X; ;00/00;;00/00;;00/00;;00/00;;00/00;;00/00;;00/00;;00/00;;00/00;;00/00;;5;N
MG;SENADOR AMARAL;DCC;I;C;N;S;S;4;4;0;65;0;0;0;ALTR;; ;X; ; ; ; ;00/00;;00/00;;00/00;;00/00;;00/00;;00/00;;00/00;;00/00;;00/00;;00/00;;5;N
MG;SENADOR CORTES;TAM;R;A;N;N;S;5;5;0;57;0;0;0;TAMR;;X;X;X;X;X; ;20/01;FERIADO EM SENADOR CORTES;01/03;FERIADO MUNICIPAL;29/06;FERIADO MUNICIPAL;13/12;FERIADO MUNICIPAL;00/00;;00/00;;00/00;;00/00;;00/00;;00/00;;5;N
MG;SENADOR FIRMINO;TAM;I;A;N;N;S;7;7;0;143;0;0;0;TAMI;;X;X;X;X;X; ;15/08;FERIADO MUNICIPAL;08/12;DIA DA IMACULADA CONCEICAO;17/12;ANIVERSARIO DA CIDADE;00/00;;00/00;;00/00;;00/00;;00/00;;00/00;;00/00;;5;N
MG;SENADOR JOSE BENTO;DCC;I;C;N;S;S;3;3;0;43;0;0;0;ALTR;; ; ; ; ;X; ;20/01;MUNICIPAL;01/03;MUNICIPAL;00/00;;00/00;;00/00;;00/00;;00/00;;00/00;;00/00;;00/00;;5;N
MG;SENADOR MODESTINO GONCALVES;TCW;R;A;N;N;S;5;5;0;203;0;0;0;TCWI;;X;X;X;X;X; ;20/01;FERIADO MUNICIPAL;01/03;FERIADO MUNICIPAL;24/09;FERIADO MUNICIPAL;08/12;FERIADO MUNICIPAL;00/00;;00/00;;00/00;;00/00;;00/00;;00/00;;5;N
MG;SENHORA DE OLIVEIRA;TAM;I;A;N;N;S;7;7;0;184;0;0;0;TAMI;;X;X;X;X;X; ;08/09;FERIADO MUNICIPAL;08/12;FERIADO MUNICIPAL;00/00;;00/00;;00/00;;00/00;;00/00;;00/00;;00/00;;00/00;;5;N
MG;SENHORA DO PORTO;SSO;I;A;N;N;S;10;10;0;210;0;0;0;GRFI;;X; ; ; ; ; ;00/00;;00/00;;00/00;;00/00;;00/00;;00/00;;00/00;;00/00;;00/00;;00/00;;5;N
MG;SENHORA DOS REMEDIOS;TAM;I;A;N;N;S;7;7;0;140;0;0;0;TAMI;;X;X;X;X;X; ;01/09;FERIADO MUNICIPAL;12/12;FERIADO MUNICIPAL;00/00;;00/00;;00/00;;00/00;;00/00;;00/00;;00/00;;00/00;;5;N
MG;SERICITA;GRF;I;A;N;N;S;7;7;0;277;200;0;0;TAMI;;X;X;X;X;X; ;00/00;;00/00;;00/00;;00/00;;00/00;;00/00;;00/00;;00/00;;00/00;;00/00;;5;N
MG;SERITINGA;DCC;I;A;N;N;S;4;4;0;188;0;0;0;TAMI;;X;X;X;X;X; ;24/06;FERIADO MUNICIPAL;30/12;MUNICIPAL;00/00;;00/00;;00/00;;00/00;;00/00;;00/00;;00/00;;00/00;;5;N
MG;SERRA AZUL DE MINAS;TCW;R;A;N;N;S;7;7;0;207;0;0;0;TCWI;;X;X;X;X;X; ;08/12;FERIADO MUNICIPAL;00/00;;00/00;;00/00;;00/00;;00/00;;00/00;;00/00;;00/00;;00/00;;5;N
MG;SERRA DA SAUDADE;GRF;I;A;S;N;N;15;15;0;245;300;0;0;REDI;;X;X;X;X;X; ;00/00;;00/00;;00/00;;00/00;;00/00;;00/00;;00/00;;00/00;;00/00;;00/00;;5;N
MG;SERRA DO SALITRE;TRU;I;A;N;N;S;5;5;0;194;0;0;0;PANI;;X;X;X;X;X; ;20/01;FERIADO MUNICIPAL;15/08;FERIADO MUNICIPAL;00/00;;00/00;;00/00;;00/00;;00/00;;00/00;;00/00;;00/00;;5;N
MG;SERRA DOS AIMORES;GRF;I;A;N;N;S;10;10;0;700;0;0;35;REDI;;X;X;X;X;X; ;06/08;FERIADO MUNICIPAL;00/00;;00/00;;00/00;;00/00;;00/00;;00/00;;00/00;;00/00;;00/00;;5;N
MG;SERRANIA;DCC;I;C;N;S;S;4;4;0;109;0;0;0;ALTR;; ; ; ; ;X; ;13/05;MUNICIPAL;08/12;MUNICIPAL;00/00;;00/00;;00/00;;00/00;;00/00;;00/00;;00/00;;00/00;;5;N
MG;SERRANOPOLIS DE MINAS;VEA;I;A;N;S;S;8;8;0;544;0;0;0;REDI;;X;X;X;X;X; ;00/00;;00/00;;00/00;;00/00;;00/00;;00/00;;00/00;;00/00;;00/00;;00/00;;5;N
MG;SERRANOS;DCC;I;A;N;N;S;4;4;0;156;0;0;0;TAMI;;X;X;X;X;X; ;00/00;;00/00;;00/00;;00/00;;00/00;;00/00;;00/00;;00/00;;00/00;;00/00;;5;N
MG;SERRO;TCW;R;A;N;N;S;7;7;0;162;0;0;0;TCWI;;X;X;X;X;X; ;08/12;N SRA DA CONCEICAO PADROEIRA;00/00;;00/00;;00/00;;00/00;;00/00;;00/00;;00/00;;00/00;;00/00;;5;N
MG;SETE LAGOAS;SET;P;A;N;S;S;1;1;0;1;0;0;0;SETP;;X;X;X;X;X; ;13/06;PADROEIRO DA CIDADE;08/12;DIA N SRA DA CONCEICAO;00/00;;00/00;;00/00;;00/00;;00/00;;00/00;;00/00;;00/00;;5;N
MG;SETUBINHA;GRF;I;A;N;N;S;7;7;0;571;0;0;0;GRFI;;X;X;X;X;X; ;00/00;;00/00;;00/00;;00/00;;00/00;;00/00;;00/00;;00/00;;00/00;;00/00;;5;N
MG;SILVERANIA;TAM;R;A;N;N;S;6;6;0;90;0;0;0;TAMR;;X;X;X;X;X; ;00/00;;00/00;;00/00;;00/00;;00/00;;00/00;;00/00;;00/00;;00/00;;00/00;;5;N
MG;SILVIANOPOLIS;DCC;I;C;N;S;S;4;4;0;39;0;0;0;ALTR;; ;X; ; ; ; ;26/07;DIA DA PADROEIRA;00/00;;00/00;;00/00;;00/00;;00/00;;00/00;;00/00;;00/00;;00/00;;5;N
MG;SIMAO PEREIRA;TAM;R;A;N;N;S;7;7;0;29;0;0;0;TAMR;;X;X;X;X;X; ;00/00;;00/00;;00/00;;00/00;;00/00;;00/00;;00/00;;00/00;;00/00;;00/00;;5;N
MG;SIMONESIA;GVR;I;A;N;N;S;7;7;0;30;100;0;0;LTOI;;X;X;X;X;X; ;28/10;FERIADO MUNICIPAL;08/12;FERIADO MUNICIPAL;00/00;;00/00;;00/00;;00/00;;00/00;;00/00;;00/00;;00/00;;5;N
MG;SOBRALIA;GRF;I;A;N;N;S;8;8;0;155;0;0;0;LTOI;;X;X;X;X;X; ;08/12;FERIADO MUNICIPAL;13/12;FERIADO MUNICIPAL;00/00;;00/00;;00/00;;00/00;;00/00;;00/00;;00/00;;00/00;;5;N
MG;SOLEDADE DE MINAS;DCC;R;C;N;S;S;3;3;0;145;0;0;0;ALTR;; ;X; ; ; ; ;15/09;FERIADO MUNICIPAL;17/12;FERIADO MUNICIPAL;00/00;;00/00;;00/00;;00/00;;00/00;;00/00;;00/00;;00/00;;5;N
MG;TABULEIRO;TAM;R;A;N;N;S;4;4;0;59;0;0;0;TAMR;;X;X;X;X;X; ;08/12;NOSSA SENHORA DA CONCEICAO;00/00;;00/00;;00/00;;00/00;;00/00;;00/00;;00/00;;00/00;;00/00;;5;N
MG;TAIOBEIRAS;VEA;I;A;N;S;S;8;8;0;892;0;0;0;PANI;;X;X;X;X;X; ;20/01;DIA DE SAO SEBASTIAO;24/06;SAO JOAO;12/12;ANIVERSARIO DA CIDADE;00/00;;00/00;;00/00;;00/00;;00/00;;00/00;;00/00;;5;N
MG;TAPARUBA;GRF;I;A;N;N;S;8;8;0;104;100;0;0;LTOI;;X;X;X;X;X; ;00/00;;00/00;;00/00;;00/00;;00/00;;00/00;;00/00;;00/00;;00/00;;00/00;;5;N
MG;TAPIRA;TRU;I;A;N;N;S;8;8;0;232;195;0;0;PANI;;X;X;X;X;X; ;20/01;FERIADO MUNICIPAL;01/03;FERIADO MUNICIPAL;15/08;FERIADO MUNICIPAL;00/00;;00/00;;00/00;;00/00;;00/00;;00/00;;00/00;;5;N
MG;TAPIRAI;GRF;I;A;S;S;S;15;15;0;295;300;0;0;REDI;;X;X;X;X;X; ;00/00;;00/00;;00/00;;00/00;;00/00;;00/00;;00/00;;00/00;;00/00;;00/00;;5;N
MG;TAQUARACU DE MINAS;GRF;R;A;N;S;S;12;12;0;131;180;0;0;REDI;;X;X;X;X;X; ;01/03;FERIADO MUNICIPAL;00/00;;00/00;;00/00;;00/00;;00/00;;00/00;;00/00;;00/00;;00/00;;5;N
MG;TARUMIRIM;GRF;I;A;N;N;S;8;8;0;148;0;0;0;LTOI;;X;X;X;X;X; ;20/01;DIA DE SAO SEBASTIAO;31/01;ANIVERSARIO DA CIDADE;14/09;FERIADO EM TARUMIRIM;00/00;;00/00;;00/00;;00/00;;00/00;;00/00;;00/00;;5;N
MG;TEIXEIRAS;TAM;I;A;N;N;S;5;5;0;181;0;0;0;TAMI;;X;X;X;X;X; ;13/06;DIA DO PADROEIRO DA CIDADE;14/09;JUBILEU;17/12;ANIVERSARIO DA CIDADE;00/00;;00/00;;00/00;;00/00;;00/00;;00/00;;00/00;;5;N
MG;TEOFILO OTONI;GRF;P;A;N;N;S;6;6;0;330;0;0;0;LTOI;;X;X;X;X;X; ;29/06;DIA DE SAO PEDRO;08/12;DIA N SRA DA CONCEICAO;00/00;;00/00;;00/00;;00/00;;00/00;;00/00;;00/00;;00/00;;5;N
MG;TIMOTEO;GVR;P;A;N;N;S;3;3;0;348;0;0;0;RWNI;;X;X;X;X;X; ;29/04;ANIVERSARIO DA CIDADE;15/08;ASSUNCAO DE N SENHORA;00/00;;00/00;;00/00;;00/00;;00/00;;00/00;;00/00;;00/00;;5;N
MG;TIRADENTES;TAM;R;A;N;N;S;7;7;0;149;0;0;0;TAMR;;X;X;X;X;X; ;19/01;FERIADO MUNICIPAL;13/06;PADROEIRO DA CIDADE;00/00;;00/00;;00/00;;00/00;;00/00;;00/00;;00/00;;00/00;;5;N
MG;TIROS;TRU;I;A;N;N;S;8;8;0;307;0;0;0;PANI;;X;X;X;X;X; ;10/02;ANIVERSARIO DA CIDADE;13/06;DIA DO PADROEIRO;00/00;;00/00;;00/00;;00/00;;00/00;;00/00;;00/00;;00/00;;5;N
MG;TOCANTINS;TAM;R;A;N;N;S;4;4;0;97;0;0;0;TAMR;;X;X;X;X;X; ;19/03;FERIADO MUNICIPAL;08/09;FERIADO MUNICIPAL;27/12;FERIADO MUNICIPAL;00/00;;00/00;;00/00;;00/00;;00/00;;00/00;;00/00;;5;N
MG;TOCOS DO MOJI;DCC;I;A;N;S;S;5;5;0;41;104;0;0;ALTR;; ;X; ; ; ; ;29/12;FERIADO EM TOCOS DO MOJI;00/00;;00/00;;00/00;;00/00;;00/00;;00/00;;00/00;;00/00;;00/00;;5;N
MG;TOLEDO;DCC;I;A;N;S;S;5;5;1;105;0;0;0;ALTR;; ; ; ; ;X; ;00/00;;00/00;;00/00;;00/00;;00/00;;00/00;;00/00;;00/00;;00/00;;00/00;;5;N
MG;TOMBOS;GRF;I;A;N;N;S;11;11;0;231;0;0;0;TAMI;;X;X;X;X;X; ;21/05;DATA DA CRIACAO DO DISTRITO;20/11;DIA DA CONCIENCIA NEGRA;08/12;DIA N SRA DA CONCEICAO;00/00;;00/00;;00/00;;00/00;;00/00;;00/00;;00/00;;5;N
MG;TRES CORACOES;DCC;P;A;N;S;S;2;2;1;114;0;0;0;ALTR;; ;X; ; ;X; ;23/09;FERIADO EM TRE CORACOES;00/00;;00/00;;00/00;;00/00;;00/00;;00/00;;00/00;;00/00;;00/00;;5;N
MG;TRES MARIAS;STJ;P;A;N;S;S;3;3;0;129;0;0;0;TCWI;;X;X;X;X;X; ;01/03;ANIVERSARIO DA CIDADE;00/00;;00/00;;00/00;;00/00;;00/00;;00/00;;00/00;;00/00;;00/00;;5;N
MG;TRES PONTAS;DCC;R;A;N;S;S;3;3;1;153;0;0;0;ALTI;; ;X; ; ;X; ;03/07;DIA DA CIDADE;23/09;DIA DO STO TUTELAR DA CIDADE;00/00;;00/00;;00/00;;00/00;;00/00;;00/00;;00/00;;00/00;;5;N
MG;TUMIRITINGA;GRF;I;A;N;N;S;8;8;0;371;0;0;0;LTOI;;X;X;X;X;X; ;19/03;FERIADO MUNICIPAL;31/10;FERIADO MUNICIPAL;00/00;;00/00;;00/00;;00/00;;00/00;;00/00;;00/00;;00/00;;5;N
MG;TUPACIGUARA;TRU;R;A;N;N;S;4;4;0;69;0;0;0;PANI;;X;X;X;X;X; ;01/06;ANIVERSARIO DA CIDADE;15/08;FERIADO MUNICIPAL;00/00;;00/00;;00/00;;00/00;;00/00;;00/00;;00/00;;00/00;;5;N
MG;TURMALINA;SSO;P;A;N;N;S;2;2;0;839;0;0;0;PANI;;X;X;X;X;X; ;00/00;;00/00;;00/00;;00/00;;00/00;;00/00;;00/00;;00/00;;00/00;;00/00;;5;N
MG;TURVOLANDIA;DCC;I;C;N;S;S;3;3;0;59;0;0;0;ALTR;; ;X; ; ; ; ;15/08;FERIADO MUNICIPAL;15/09;FERIADO MUNICIPAL;00/00;;00/00;;00/00;;00/00;;00/00;;00/00;;00/00;;00/00;;5;N
MG;UBA;TAM;R;A;N;S;S;5;5;0;110;0;0;0;TAMR;;X;X;X;X;X; ;03/07;ANIVERSARIO DA CIDADE;19/09;FERIADO MUNICIPAL;07/10;FERIADO MUNICIPAL;00/00;;00/00;;00/00;;00/00;;00/00;;00/00;;00/00;;5;N
MG;UBAI;VEA;I;A;N;S;S;8;8;0;154;0;0;0;RMCP;;X;X;X;X;X; ;01/03;FERIADO MUNICIPAL;22/05;FERIADO MUNICIPAL;24/06;SAO JOAO;00/00;;00/00;;00/00;;00/00;;00/00;;00/00;;00/00;;5;N
MG;UBAPORANGA;GVR;P;A;N;N;S;4;4;0;284;0;0;0;RWNI;;X;X;X;X;X; ;28/04;FERIADO MUNICIPAL;08/08;FERIADO MUNICIPAL;00/00;;00/00;;00/00;;00/00;;00/00;;00/00;;00/00;;00/00;;5;N
MG;UBERABA;TRU;P;A;N;S;S;2;2;0;107;0;0;0;PANI;;X;X;X;X;X; ;02/03;ANIVERSARIO DE UBERABA;15/08;ASSUNCAO DE N SENHORA;00/00;;00/00;;00/00;;00/00;;00/00;;00/00;;00/00;;00/00;;5;N
MG;UBERLANDIA;TRU;P;A;N;S;S;2;2;0;1;0;0;0;PANI;;X;X;X;X;X; ;15/08;DIA DE N SRA DA ABADIA;31/08;ANIVERSARIO DA CIDADE;00/00;;00/00;;00/00;;00/00;;00/00;;00/00;;00/00;;00/00;;5;N
MG;UMBURATIBA;GRF;I;A;N;N;S;8;8;0;715;0;0;0;REDI;;X;X;X;X;X; ;00/00;;00/00;;00/00;;00/00;;00/00;;00/00;;00/00;;00/00;;00/00;;00/00;;5;N
MG;UNAI;STJ;P;A;N;S;S;3;3;0;438;0;0;0;PANI;;X;X;X;X;X; ;15/01;ANIVERSARIO DA CIDADE;13/06;SANTO ANTONIO;08/12;DIA N SRA DA CONCEICAO;00/00;;00/00;;00/00;;00/00;;00/00;;00/00;;00/00;;5;N
MG;UNIAO DE MINAS;TRU;I;A;N;N;S;9;9;0;279;195;0;0;PANI;;X;X;X;X;X; ;22/10;FERIADO MUNICIPAL;00/00;;00/00;;00/00;;00/00;;00/00;;00/00;;00/00;;00/00;;00/00;;5;N
MG;URUANA DE MINAS;TRU;I;A;N;N;S;8;8;0;540;195;0;0;PANI;;X;X;X;X;X; ;00/00;;00/00;;00/00;;00/00;;00/00;;00/00;;00/00;;00/00;;00/00;;00/00;;5;N
MG;URUCANIA;ROP;I;A;N;N;S;4;4;0;239;195;0;0;TAMI;;X;X;X;X;X; ;22/07;FERIADO MUNICIPAL;11/10;FERIADO MUNICIPAL;27/11;FERIADO MUNICIPAL;00/00;;00/00;;00/00;;00/00;;00/00;;00/00;;00/00;;5;N
MG;URUCUIA;STJ;P;A;N;N;S;5;5;0;597;50;0;0;PANI;;X;X;X;X;X; ;00/00;;00/00;;00/00;;00/00;;00/00;;00/00;;00/00;;00/00;;00/00;;00/00;;5;N
MG;VARGEM ALEGRE;GRF;I;A;N;N;S;6;6;0;113;0;0;0;LTOI;;X;X;X;X;X; ;00/00;;00/00;;00/00;;00/00;;00/00;;00/00;;00/00;;00/00;;00/00;;00/00;;5;N
MG;VARGEM BONITA;GRF;I;A;N;S;S;13;13;0;362;0;0;0;REDI;;X;X;X;X;X; ;06/01;FERIADO MUNICIPAL;04/10;FERIADO MUNICIPAL;12/12;FERIADO MUNICIPAL;00/00;;00/00;;00/00;;00/00;;00/00;;00/00;;00/00;;5;N
MG;VARGEM GRANDE DO RIO PARDO;VEA;I;A;N;S;S;8;8;0;294;150;0;0;RMCP;;X;X;X;X;X; ;00/00;;00/00;;00/00;;00/00;;00/00;;00/00;;00/00;;00/00;;00/00;;00/00;;5;N
MG;VARGINHA;DCC;R;A;N;S;S;3;3;1;124;0;0;0;ALTR;; ;X;X; ;X; ;07/10;ANIVERSARIO DA CIDADE;08/12;DIA N SRA DA CONCEICAO;00/00;;00/00;;00/00;;00/00;;00/00;;00/00;;00/00;;00/00;;5;N
MG;VARJAO DE MINAS;TRU;I;A;N;N;S;6;6;0;277;0;0;0;PANI;;X;X;X;X;X; ;00/00;;00/00;;00/00;;00/00;;00/00;;00/00;;00/00;;00/00;;00/00;;00/00;;5;N
MG;VARZEA DA PALMA;VEA;I;A;N;N;S;7;7;0;498;0;0;0;PANI;;X;X;X;X;X; ;08/12;DIA N SRA DA CONCEICAO;00/00;;00/00;;00/00;;00/00;;00/00;;00/00;;00/00;;00/00;;00/00;;5;N
MG;VARZELANDIA;VEA;I;A;S;S;S;8;8;0;140;0;0;0;RMCP;;X;X;X;X;X; ;03/03;FERIADO MUNICIPAL;15/08;FERIADO MUNICIPAL;20/11;FERIADO MUNICIPAL;00/00;;00/00;;00/00;;00/00;;00/00;;00/00;;00/00;;5;N
MG;VAZANTE;STJ;I;A;N;N;S;5;5;0;266;0;0;0;PANI;;X;X;X;X;X; ;02/05;FESTA DE NOSSA SENHORA DA LAPA;03/05;FESTA DE NOSSA SENHORA DA LAPA;12/12;ANIVERSARIO DA CIDADE;00/00;;00/00;;00/00;;00/00;;00/00;;00/00;;00/00;;5;N
MG;VERDELANDIA;VEA;I;A;N;S;S;8;8;0;173;0;0;0;RMCP;;X;X;X;X;X; ;00/00;;00/00;;00/00;;00/00;;00/00;;00/00;;00/00;;00/00;;00/00;;00/00;;5;N
MG;VEREDINHA;GRF;P;A;N;S;S;13;13;0;54;0;0;0;SSOI;;X;X;X;X;X; ;00/00;;00/00;;00/00;;00/00;;00/00;;00/00;;00/00;;00/00;;00/00;;00/00;;5;N
MG;VERISSIMO;TRU;R;A;N;N;S;4;4;0;148;0;0;0;PANI;;X;X;X;X;X; ;13/05;FERIADO MUNICIPAL;29/09;FERIADO MUNICIPAL;17/12;FERIADO MUNICIPAL;00/00;;00/00;;00/00;;00/00;;00/00;;00/00;;00/00;;5;N
MG;VERMELHO NOVO;GRF;I;A;N;N;S;10;10;0;331;150;0;0;REDI;;X;X;X;X;X; ;00/00;;00/00;;00/00;;00/00;;00/00;;00/00;;00/00;;00/00;;00/00;;00/00;;5;N
MG;VESPASIANO;BHZ;P;A;N;S;S;1;2;0;46;0;0;0;BHZP;;X;X;X;X;X; ;11/02;DIA DE NOSSA SENHORA LOURDES;20/11;FERIADO MUNICIPAL;27/12;ANIVERSARIO DA CIDADE;00/00;;00/00;;00/00;;00/00;;00/00;;00/00;;00/00;;5;N
MG;VICOSA;TAM;R;A;N;S;S;5;5;0;173;0;0;0;TAMR;;X;X;X;X;X; ;22/05;DIA DA PADROEIRA;30/09;ANIVERSARIO DA CIDADE;00/00;;00/00;;00/00;;00/00;;00/00;;00/00;;00/00;;00/00;;5;N
MG;VIEIRAS;TRU;I;A;N;N;S;7;7;0;203;0;0;0;TAMI;;X;X;X;X;X; ;12/12;FERIADO MUNICIPAL;00/00;;00/00;;00/00;;00/00;;00/00;;00/00;;00/00;;00/00;;00/00;;5;N
MG;VIRGEM DA LAPA;GRF;I;A;N;N;S;10;10;0;493;0;0;0;REDI;;X;X;X;X;X; ;04/08;FERIADO MUNICIPAL;15/08;FERIADO MUNICIPAL;27/12;FERIADO MUNICIPAL;00/00;;00/00;;00/00;;00/00;;00/00;;00/00;;00/00;;5;N
MG;VIRGINIA;DCC;R;A;N;S;S;3;3;0;156;104;0;0;ALTI;; ; ; ; ;X; ;20/01;MUNICIPAL;30/08;MUNICIPAL;08/12;MUNICIPAL;15/12;MUNICIPAL;00/00;;00/00;;00/00;;00/00;;00/00;;00/00;;5;N
MG;VIRGINOPOLIS;SSO;I;A;N;N;S;10;10;0;191;0;0;0;GRFI;;X; ; ; ; ; ;09/03;DIA DA EMANCIPACAO POLITICA;31/05;DIA NOSSA SRA DO PATROCIONIO;00/00;;00/00;;00/00;;00/00;;00/00;;00/00;;00/00;;00/00;;5;N
MG;VIRGOLANDIA;GRF;I;A;N;N;S;10;10;0;364;0;0;0;REDI;;X;X;X;X;X; ;10/01;FERIADO MUNICIPAL;26/03;FERIADO MUNICIPAL;28/12;FERIADO MUNICIPAL;00/00;;00/00;;00/00;;00/00;;00/00;;00/00;;00/00;;5;N
MG;VISCONDE DO RIO BRANCO;TAM;R;A;N;S;S;5;5;0;128;0;0;0;TAMR;;X;X;X;X;X; ;13/06;DIA DE SANTO ANTONIO;24/06;DIA DE SAO JOAO;28/09;ANIV. VISCONDE DO RIO BRANCO;00/00;;00/00;;00/00;;00/00;;00/00;;00/00;;00/00;;5;N
MG;VOLTA GRANDE;TAM;I;A;N;N;S;7;7;0;151;0;0;0;TAMI;;X;X;X;X;X; ;20/01;FERIADO MUNICIPAL;00/00;;00/00;;00/00;;00/00;;00/00;;00/00;;00/00;;00/00;;00/00;;5;N
MG;WENCESLAU BRAZ;DCC;I;C;N;S;S;5;5;0;91;0;0;0;ALTR;; ;X; ; ; ; ;00/00;;00/00;;00/00;;00/00;;00/00;;00/00;;00/00;;00/00;;00/00;;00/00;;5;N
