UF;CIDADE;UNIDADE;POLO;TIPO_FRETE;RESTRITA;COLETA;ENTREGA;PRAZO_ENTREGA;PRAZO_ECOMMERCE;QTDE_PEDAGIO;DISTANCIA;TDA;VALOR_SUFRAMA;COLETA_ENTREGA;PRACA_COMERCIAL;OBSERVACAO;ENTREGA_SEG;ENTREGA_TER;ENTREGA_QUA;ENTREGA_QUI;ENTREGA_SEX;ENTREGA_SAB;FERIADO_1_DATA;FERIADO_1_COMEMORA;FERIADO_2_DATA;FERIADO_2_COMEMORA;FERIADO_3_DATA;FERIADO_3_COMEMORA;FERIADO_4_DATA;FERIADO_4_COMEMORA;FERIADO_5_DATA;FERIADO_5_COMEMORA;FERIADO_6_DATA;FERIADO_6_COMEMORA;FERIADO_7_DATA;FERIADO_7_COMEMORA;FERIADO_8_DATA;FERIADO_8_COMEMORA;FERIADO_9_DATA;FERIADO_9_COMEMORA;FERIADO_10_DATA;FERIADO_10_COMEMORA;ALIQUOTA_ISS;TIPO_ALIQUOTA
SP;ADAMANTINA;RSO;P;A;N;N;S;3;3;0;606;0;0;0;SAOI;;X;X;X;X;X; ;13/06;ANIVERSARIO DA CIDADE;09/07;MUNICIPAL;08/12;FERIADO MUNICIPAL;00/00;;00/00;;00/00;;00/00;;00/00;;00/00;;00/00;;5;N
SP;ADOLFO;NSL;R;A;N;N;S;4;4;0;472;0;0;0;SAOI;;X;X;X;X;X; ;19/03;FERIADO MUNICIPAL;09/07;FERIADO MUNICIPAL;30/11;EMANCIPACAO;00/00;;00/00;;00/00;;00/00;;00/00;;00/00;;00/00;;5;N
SP;AGUAI;LFN;I;A;N;N;S;3;3;0;191;15,6;0;0;SAOI;;X;X;X;X;X; ;09/07;FERIADO MUNICIPAL;06/08;ANIVERSARIO DE AGUAI;20/11;CONSCIENCIA NEGRA;00/00;;00/00;;00/00;;00/00;;00/00;;00/00;;00/00;;5;N
SP;AGUAS DA PRATA;LFN;I;A;N;N;S;4;4;0;219;46,8;0;0;SAOI;;X;X;X;X;X; ;11/02;FERIADO MUNICIPAL;03/07;FERIADO;09/07;FERIADO MUNICIPAL;20/11;CONSCIENCIA NEGRA;00/00;;00/00;;00/00;;00/00;;00/00;;00/00;;5;N
SP;AGUAS DE LINDOIA;RSO;P;A;N;N;S;3;3;0;182;0;0;0;SAOI;;X;X;X;X;X; ;02/07;PADROEIRO DO MUNICIPIO;09/07;REVOLUCAO CONSTITUCIONALISTA;16/11;ANIVERSARIO DA CIDADE;00/00;;00/00;;00/00;;00/00;;00/00;;00/00;;00/00;;5;N
SP;AGUAS DE SANTA BARBARA;RSO;R;A;N;N;S;5;5;0;269;33,8;0;0;SAOI;;X;X;X;X;X; ;20/04;ANIVERSARIO DA CIDADE;09/07;REVOLUCAO CONSTITUCIONALISTA;20/11;FERIADO MUNICIPAL;04/12;PADROEIRA DO MUNICIPIO;00/00;;00/00;;00/00;;00/00;;00/00;;00/00;;5;N
SP;AGUAS DE SAO PEDRO;BIG;R;A;N;N;S;3;3;0;182;0;0;0;SAOI;;X;X;X;X;X; ;09/07;FERIADO MUNICIPAL;25/07;EMANCIPACAO;20/11;CONSCIENCIA NEGRA;08/12;FERIADO MUNICIPAL;00/00;;00/00;;00/00;;00/00;;00/00;;00/00;;5;N
SP;AGUDOS;BIG;P;A;N;N;S;2;2;0;282;0;0;0;SAOI;;X;X;X;X;X; ;09/07;FERIADO MUNICIPAL;27/07;ANIVERSARIO DA CIDADE;00/00;;00/00;;00/00;;00/00;;00/00;;00/00;;00/00;;00/00;;5;N
SP;ALAMBARI;RSO;P;A;N;N;S;5;5;0;125;33,8;0;0;SAOI;;X;X;X;X;X; ;00/00;;00/00;;00/00;;00/00;;00/00;;00/00;;00/00;;00/00;;00/00;;00/00;;5;N
SP;ALFREDO MARCONDES;RSO;P;A;N;N;S;5;5;0;555;59,8;0;0;SAOI;;X;X;X;X;X; ;04/04;FERIADO MUNICIPAL;09/07;REVOLUCAO CONSTITUCIONALISTA;20/11;FERIADO MUNICIPAL;24/12;ANIVERSARIO DA CIDADE;00/00;;00/00;;00/00;;00/00;;00/00;;00/00;;5;N
SP;ALTAIR;NSL;I;A;N;N;S;4;4;0;478;65;0;0;SAOI;;X;X;X;X;X; ;20/01;FERIADO MUNICIPAL;09/07;FERIADO MUNICIPAL;20/11;FERIADO MUNICIPAL;08/12;FERIADO MUNICIPAL;31/12;ANIVERSARIO DA CIDADE;00/00;;00/00;;00/00;;00/00;;00/00;;5;N
SP;ALTINOPOLIS;LFN;P;A;N;N;S;4;4;0;329;46,8;0;10;SAOI;;X;X;X;X;X; ;09/03;ANIVERSARIO DA CIDADE;09/07;FERIADO MUNICIPAL;15/09;FERIADO MUNICIPAL;20/11;CONSCIENCIA NEGRA;00/00;;00/00;;00/00;;00/00;;00/00;;00/00;;5;N
SP;ALTO ALEGRE;RSO;P;A;N;N;S;3;3;0;461;59,8;0;0;SAOI;;X;X;X;X;X; ;24/06;EMANCIPACAO;09/07;FERIADO MUNICIPAL;15/08;FERIADO MUNICIPAL;00/00;;00/00;;00/00;;00/00;;00/00;;00/00;;00/00;;5;N
SP;ALUMINIO;RSO;P;A;N;N;S;2;2;0;53;0;0;0;SAOI;;X;X;X;X;X; ;02/04;EMANCIPACAO;09/07;FERIADO MUNICIPAL;00/00;;00/00;;00/00;;00/00;;00/00;;00/00;;00/00;;00/00;;5;N
SP;ALVARES FLORENCE;RSO;P;A;N;N;S;5;5;0;541;59,8;0;0;SAOI;;X;X;X;X;X; ;10/04;ANIVERSARIO DA CIDADE;24/06;EMANCIPACAO;09/07;REVOLUCAO CONSTITUCIONALISTA;00/00;;00/00;;00/00;;00/00;;00/00;;00/00;;00/00;;5;N
SP;ALVARES MACHADO;RSO;P;A;N;N;S;2;2;0;538;33,8;0;0;SAOI;;X;X;X;X;X; ;19/03;FERIADO MUNICIPAL;09/07;REVOLUCAO CONSTITUCIONALISTA;30/11;ANIVERSARIO DA CIDADE;00/00;;00/00;;00/00;;00/00;;00/00;;00/00;;00/00;;5;N
SP;ALVARO DE CARVALHO;RSO;I;A;N;N;S;5;5;0;393;59,8;0;0;SAOI;;X;X;X;X;X; ;09/07;FERIADO MUNICIPAL;20/11;FERIADO MUNICIPAL;22/11;EMANCIPACAO;00/00;;00/00;;00/00;;00/00;;00/00;;00/00;;00/00;;5;N
SP;ALVINLANDIA;RSO;I;A;N;N;S;5;5;0;389;59,8;0;0;SAOI;;X;X;X;X;X; ;13/06;FERIADO MUNICIPAL;09/07;FERIADO MUNICIPAL;08/08;EMANCIPACAO;00/00;;00/00;;00/00;;00/00;;00/00;;00/00;;00/00;;5;N
SP;AMERICANA;PSP;P;A;N;S;S;3;3;0;142;0;0;0;SPOR;;X;X;X;X;X; ;13/06;FERIADO MUNICIPAIS;09/07;REVOLUCAO CONSTITUCIONALISTA;00/00;;00/00;;00/00;;00/00;;00/00;;00/00;;00/00;;00/00;;5;N
SP;AMERICO BRASILIENSE;LFN;P;A;N;N;S;2;2;0;292;0;0;10;SAOI;;X;X;X;X;X; ;21/03;ANIVERSARIO DA CIDADE;09/07;FERIADO MUNICIPAL;20/11;CONSCIENCIA NEGRA;00/00;;00/00;;00/00;;00/00;;00/00;;00/00;;00/00;;5;N
SP;AMERICO DE CAMPOS;RSO;P;A;N;N;S;5;5;0;546;59,8;0;0;SAOI;;X;X;X;X;X; ;24/06;ANIVERSARIO DA CIDADE;09/07;REVOLUCAO CONSTITUCIONALISTA;20/11;FERIADO MUNICIPAL;00/00;;00/00;;00/00;;00/00;;00/00;;00/00;;00/00;;5;N
SP;AMPARO;PSP;R;A;N;S;S;4;4;0;125;0;0;0;SAOI;;X;X;X;X;X; ;08/04;ANIVERSARIO DA CIDADE;09/07;FERIADO MUNICIPAL;08/09;FERIADO MUNICIPAL;20/11;CONSCIENCIA NEGRA ;00/00;;00/00;;00/00;;00/00;;00/00;;00/00;;5;N
SP;ANALANDIA;LFN;I;A;N;N;S;4;4;0;233;46,8;0;0;SAOI;;X;X;X;X;X; ;21/06;ANIVERSARIO DA CIDADE;09/07;FERIADO MUNICIPAL;26/07;FERIADO MUNICIPAL;20/11;DIA DA CONSCIENCIA NEGRA;08/12;FERIADO MUNICIPAL;00/00;;00/00;;00/00;;00/00;;00/00;;5;N
SP;ANDRADINA;RSO;P;A;N;N;S;2;2;0;601;33,8;0;0;SAOI;;X;X;X;X;X; ;20/01;FERIADO MUNICIPAL;09/07;FERIADO MUNICIPAL;11/07;ANIVERSARIO DA CIDADE;20/11;FERIADO MUNICIPAL;00/00;;00/00;;00/00;;00/00;;00/00;;00/00;;5;N
SP;ANGATUBA;RSO;P;A;N;N;S;5;5;0;185;33,8;0;0;SAOI;;X;X;X;X;X; ;11/03;ANIVERSARIO DA CIDADE;09/07;FERIADO MUNICIPAL;20/11;FERIADO MUNICIPAL;00/00;;00/00;;00/00;;00/00;;00/00;;00/00;;00/00;;5;N
SP;ANHEMBI;RSO;I;A;N;N;S;5;5;0;202;59,8;0;0;SAOI;;X;X;X;X;X; ;15/04;ANIVERSARIO DA CIDADE;09/07;FERIADO MUNICIPAL;08/09;FERIADO MUNICIPAL;20/11;FERIADO MUNICIPAL;00/00;;00/00;;00/00;;00/00;;00/00;;00/00;;5;N
SP;ANHUMAS;RSO;P;A;N;N;S;3;3;0;521;59,8;0;0;SAOI;;X;X;X;X;X; ;09/07;REVOLUCAO CONSTITUCIONALISTA;06/08;ANIVERSARIO DA CIDADE;13/12;EMANCIPACAO;00/00;;00/00;;00/00;;00/00;;00/00;;00/00;;00/00;;5;N
SP;APARECIDA;SJK;P;A;N;S;S;2;2;0;203;0;0;0;SJKI;;X;X;X;X;X; ;09/07;FERIADO MUNICIPAL;20/11;CONSCIENCIA NEGRA;17/12;ANIVERSARIO DA CIDADE;00/00;;00/00;;00/00;;00/00;;00/00;;00/00;;00/00;;5;N
SP;APARECIDA D OESTE;NSL;R;A;N;N;S;5;5;0;640;104;0;0;SAOI;;X;X;X;X;X; ;22/03;FERIADO MUNICIPAL;09/07;FERIADO MUNICIPAL;20/11;FERIADO MUNICIPAL;00/00;;00/00;;00/00;;00/00;;00/00;;00/00;;00/00;;5;N
SP;APIAI;RSO;I;A;N;S;S;5;5;0;297;60,84;0;0;SAOI;;X;X;X;X;X; ;13/06;DIA DE SANTO ANTONIO ;09/07;REVOLUCAO;14/08;ANIVERSARIO DA CIDADE;00/00;;00/00;;00/00;;00/00;;00/00;;00/00;;00/00;;5;N
SP;ARACARIGUAMA;BIG;R;A;N;N;S;3;3;0;25;0;0;0;SAOI;;X;X;X;X;X; ;19/05;BERTIOGA;09/07;FERIADO MUNICIPAL;16/09;FERIADO;00/00;;00/00;;00/00;;00/00;;00/00;;00/00;;00/00;;5;N
SP;ARACATUBA;RSO;P;A;N;S;S;3;3;0;492;0;0;0;SAOI;;X;X;X;X;X; ;09/07;FERIADO MUNICIPAL;20/11;CONSCIENCIA NEGRA;02/12;ANIVERSARIO DA CIDADE;00/00;;00/00;;00/00;;00/00;;00/00;;00/00;;00/00;;5;N
SP;ARACOIABA DA SERRA;SOD;P;A;N;N;S;2;2;0;94;0;0;0;SODP;;X;X;X;X;X; ;07/04;EMANCIPACAO;09/07;FERIADO MUNICIPAL;15/09;FERIADO MUNICIPAL;20/11;CONSCIENCIA NEGRA;00/00;;00/00;;00/00;;00/00;;00/00;;00/00;;5;N
SP;ARAMINA;LFN;P;A;N;N;S;3;3;0;451;0;0;10;SAOI;;X;X;X;X;X; ;04/04;ANIVERSARIO DA CIDADE;13/06;FERIADO MUNICIPAL;09/07;FERIADO MUNICIPAL;20/11;FERIADO MUNICIPAL;00/00;;00/00;;00/00;;00/00;;00/00;;00/00;;5;N
SP;ARANDU;RSO;R;A;N;N;S;5;5;0;252;33,8;0;0;SAOI;;X;X;X;X;X; ;19/03;ANIVERSARIO DA CIDADE;09/07;REVOLUCAO;15/08;FERIADO MUNICIPAL;30/11;FERIADO MUNICIPAL;00/00;;00/00;;00/00;;00/00;;00/00;;00/00;;5;N
SP;ARAPEI;SPA;I;A;N;N;S;5;5;0;329;52;0;0;SAOI;ATENDIMENTO 1X NA SEMANA ; ; ; ; ;X; ;00/00;;00/00;;00/00;;00/00;;00/00;;00/00;;00/00;;00/00;;00/00;;00/00;;5;N
SP;ARARAQUARA;LFN;P;A;N;S;S;4;4;0;286;0;0;10;SAOI;;X;X;X;X;X; ;09/07;FERIADO MUNICIPAL;22/08;ANIVERSARIO CIDADE;20/11;CONSCIENCIA NEGRA;00/00;;00/00;;00/00;;00/00;;00/00;;00/00;;00/00;;5;N
SP;ARARAS;LFN;P;A;N;N;S;4;4;0;182;0;0;0;SAOI;;X;X;X;X;X; ;09/07;FERIADO MUNICIPAL;15/08;FERIADO MUNICIPAL;20/11;CONSCIENCIA NEGRA;00/00;;00/00;;00/00;;00/00;;00/00;;00/00;;00/00;;5;N
SP;ARCO-IRIS;RSO;P;A;N;N;S;5;5;0;505;59,8;0;0;SAOI;;X;X;X;X;X; ;00/00;;00/00;;00/00;;00/00;;00/00;;00/00;;00/00;;00/00;;00/00;;00/00;;5;N
SP;AREALVA;NSL;R;A;N;N;S;4;4;0;341;0;0;0;SAOI;;X;X;X;X;X; ;01/04;EMANCIPACAO;09/07;FERIADO MUNICIPAL;25/11;FERIADO MUNICIPAL;00/00;;00/00;;00/00;;00/00;;00/00;;00/00;;00/00;;5;N
SP;AREIAS;SPA;I;A;N;N;S;5;5;0;279;52;0;0;SAOI;; ; ; ; ;X; ;09/07;FERIADO MUNICIPAL;26/07;ANIVERSARIO DA CIDADE;00/00;;00/00;;00/00;;00/00;;00/00;;00/00;;00/00;;00/00;;5;N
SP;AREIOPOLIS;BIG;P;A;N;N;S;2;2;0;243;0;0;0;SAOI;;X;X;X;X;X; ;03/05;EMANCIPACAO;09/07;FERIADO MUNICIPAL;15/08;FERIADO MUNICIPAL;14/09;FERIADO MUNICIPAL;00/00;;00/00;;00/00;;00/00;;00/00;;00/00;;5;N
SP;ARIRANHA;NSL;R;A;N;N;S;4;4;0;390;65;0;0;SAOI;;X;X;X;X;X; ;10/04;EMANCIPACAO;24/06;FERIADO MUNICIPAL;09/07;FERIADO MUNICIPAL;00/00;;00/00;;00/00;;00/00;;00/00;;00/00;;00/00;;5;N
SP;ARTUR NOGUEIRA;PSP;R;A;N;S;S;4;4;0;156;0;0;0;SAOP;;X;X;X;X;X; ;10/04;ANIVERSARIO DA CIDADE;09/07;FERIADO MUNICIPAL;15/09;FERIADO MUNICIPAL;00/00;;00/00;;00/00;;00/00;;00/00;;00/00;;00/00;;5;N
SP;ARUJA;SPO;P;A;N;S;S;2;2;0;26;59,8;0;0;SPOP;;X;X;X;X;X; ;08/06;ANIVERSARIO;09/07;REVOLUCAO CONSTITUCIONALISTA;06/08;FERIADO MUNICIPAL;20/11;CONSCIENCIA NEGRA;00/00;;00/00;;00/00;;00/00;;00/00;;00/00;;5;N
SP;ASPASIA;RSO;I;A;N;N;S;5;5;0;618;59,8;0;0;SAOI;;X;X;X;X;X; ;00/00;;00/00;;00/00;;00/00;;00/00;;00/00;;00/00;;00/00;;00/00;;00/00;;5;N
SP;ASSIS;RSO;P;A;N;N;S;2;2;0;409;0;0;0;SAOI;;X;X;X;X;X; ;01/07;ANIVERSARIO DA CIDADE;09/07;FERIADO MUNICIPAL;00/00;;00/00;;00/00;;00/00;;00/00;;00/00;;00/00;;00/00;;5;N
SP;ATIBAIA;SPO;R;A;N;S;S;4;4;0;50;65;0;0;SAOP;;X;X;X;X;X; ;24/06;ANIVERSARIO DA CIDADE;09/07;FERIADO MUNICIPAL;00/00;;00/00;;00/00;;00/00;;00/00;;00/00;;00/00;;00/00;;5;N
SP;AURIFLAMA;NSL;R;A;N;N;S;5;5;0;557;104;0;0;SAOI;;X;X;X;X;X; ;09/07;REVOLUCAO CONSTITUCIONALISTA;20/11;ANIVERSARIO DA CIDADE;00/00;;00/00;;00/00;;00/00;;00/00;;00/00;;00/00;;00/00;;5;N
SP;AVAI;NSL;R;A;N;N;S;4;4;0;339;0;0;0;SAOI;;X;X;X;X;X; ;20/01;FERIADO MUNICIPAL;09/07;FERIADO MUNICIPAL;02/12;ANIVERSARIO DA CIDADE;00/00;;00/00;;00/00;;00/00;;00/00;;00/00;;00/00;;5;N
SP;AVANHANDAVA;RSO;P;A;N;N;S;3;3;0;443;0;0;0;SAOI;;X;X;X;X;X; ;09/07;FERIADO MUNICIPAL;13/12;FERIADO MUNICIPAL;29/12;ANIVERSARIO DA CIDADE;00/00;;00/00;;00/00;;00/00;;00/00;;00/00;;00/00;;5;N
SP;AVARE;BIG;R;A;N;N;S;2;2;0;239;0;0;0;SAOI;;X;X;X;X;X; ;09/07;FERIADO MUNICIPAL;15/09;ANIVERSARIO DA CIDADE;00/00;;00/00;;00/00;;00/00;;00/00;;00/00;;00/00;;00/00;;5;N
SP;BADY BASSITT;NSL;P;A;N;N;S;4;4;0;462;0;0;0;SAOI;;X;X;X;X;X; ;20/01;FERIADO MUNICIPAL;18/02;ANIVERSARIO DA CIDADE;09/07;REVOLUCAO CONSTITUCIONALISTA;08/12;FERIADO MUNICIPAL;00/00;;00/00;;00/00;;00/00;;00/00;;00/00;;5;N
SP;BALBINOS;NSL;R;A;N;N;S;4;4;0;371;0;0;0;SAOI;;X;X;X;X;X; ;24/06;FERIADO MUNICIPAL;09/07;REVOLUCAO CONSTITUCIONALISTA;08/12;FERIADO MUNICIPAL;00/00;;00/00;;00/00;;00/00;;00/00;;00/00;;00/00;;5;N
SP;BALSAMO;NSL;R;A;N;N;S;4;4;0;475;65;0;0;SAOI;;X;X;X;X;X; ;09/07;FERIADO MUNICIPAL;17/11;ANIVERSARIO DA CIDADE;08/12;FERIADO MUNICIPAL;00/00;;00/00;;00/00;;00/00;;00/00;;00/00;;00/00;;5;N
SP;BANANAL;SPA;I;A;N;N;S;5;5;0;359;52;0;0;SAOI;; ; ; ; ;X; ;00/00;;00/00;;00/00;;00/00;;00/00;;00/00;;00/00;;00/00;;00/00;;00/00;;5;N
SP;BARAO DE ANTONINA;RSO;I;A;N;N;S;5;5;0;352;59,8;0;0;SAOI;;X;X;X;X;X; ;09/07;FERIADO MUNICIPAL;00/00;;00/00;;00/00;;00/00;;00/00;;00/00;;00/00;;00/00;;00/00;;5;N
SP;BARBOSA;RSO;P;A;N;N;S;5;5;0;478;59,8;0;0;SAOI;;X;X;X;X;X; ;31/01;EMANCIPACAO;09/07;FERIADO MUNICIPAL;29/08;FERIADO MUNICIPAL;20/11;FERIADO MUNICIPAL;00/00;;00/00;;00/00;;00/00;;00/00;;00/00;;5;N
SP;BARIRI;BIG;P;A;N;N;S;2;2;0;318;0;0;0;SAOI;;X;X;X;X;X; ;16/06;ANIVERSARIO DA CIDADE;09/07;REVOLUCAO CONSTITUCIONALISTA;15/09;FERIADO MUNICIPAL;00/00;;00/00;;00/00;;00/00;;00/00;;00/00;;00/00;;5;N
SP;BARRA BONITA;BIG;P;A;N;N;S;2;2;0;264;0;0;0;SAOI;;X;X;X;X;X; ;19/03;ANIVERSARIO DA CIDADE;09/07;REVOLUCAO CONSTITUCIONALISTA;00/00;;00/00;;00/00;;00/00;;00/00;;00/00;;00/00;;00/00;;5;N
SP;BARRA DO CHAPEU;RSO;I;A;N;N;S;5;5;0;322;58;0;0;SAOI;;X;X;X;X;X; ;00/00;;00/00;;00/00;;00/00;;00/00;;00/00;;00/00;;00/00;;00/00;;00/00;;5;N
SP;BARRA DO TURVO;RSO;P;A;N;N;S;2;2;0;316;468;0;0;SAOI;; ; ;X; ; ; ;21/03;ANIVERSARIO DA CIDADE;09/07;FERIADO MUNICIPAL;19/08;FERIADO MUNICIPAL;00/00;;00/00;;00/00;;00/00;;00/00;;00/00;;00/00;;5;N
SP;BARRETOS;LFN;P;A;N;S;S;2;2;0;436;0;0;10;SAOI;;X;X;X;X;X; ;09/07;FERIADO MUNICIPAL;25/08;ANIVERSARIO DA CIDADE;20/11;CONSCIENCIA NEGRA;00/00;;00/00;;00/00;;00/00;;00/00;;00/00;;00/00;;5;N
SP;BARRINHA;LFN;P;A;N;N;S;2;2;0;370;0;0;10;SAOI;;X;X;X;X;X; ;24/06;FERIADO MUNICIPAL;09/07;REVOLUCAO CONSTITUCIONALISTA;20/11;DIA DA CONSCIENCIA NEGRA;30/12;ANIVERSARIO DA CIDADE;00/00;;00/00;;00/00;;00/00;;00/00;;00/00;;5;N
SP;BARUERI;SPO;P;A;N;S;S;1;1;0;44;0;0;0;SPOP;;X;X;X;X;X; ;24/06;ANIVERSARIO;09/07;REV CONSTITUCIONALISTA;20/11;CONSCIENCIA NEGRA;00/00;;00/00;;00/00;;00/00;;00/00;;00/00;;00/00;;5;N
SP;BASTOS;RSO;P;A;N;N;S;2;2;0;539;0;0;0;SAOI;;X;X;X;X;X; ;18/06;EMANCIPACAO;09/07;FERIADO MUNICIPAL;03/12;FERIADO MUNICIPAL;00/00;;00/00;;00/00;;00/00;;00/00;;00/00;;00/00;;5;N
SP;BATATAIS;LFN;P;A;N;N;S;2;2;0;365;0;0;10;SAOI;;X;X;X;X;X; ;14/03;ANIVERSARIO DA CIDADE;09/07;FERIADO MUNICIPAL;06/08;FERIADO MUNICIPAL;00/00;;00/00;;00/00;;00/00;;00/00;;00/00;;00/00;;5;N
SP;BAURU;BIG;P;A;N;S;S;2;2;0;301;0;0;0;SAOI;;X;X;X;X;X; ;09/07;FERIADO MUNICIPAL;01/08;ANIVERSARIO DA CIDADE;00/00;;00/00;;00/00;;00/00;;00/00;;00/00;;00/00;;00/00;;5;N
SP;BEBEDOURO;LFN;P;A;N;N;S;2;2;0;393;130;0;10;SAOI;;X;X;X;X;X; ;03/05;ANIVERSARIO DA CIDADE;24/06;FERIADO MUNICIPAL;09/07;FERIADO MUNICIPAL;00/00;;00/00;;00/00;;00/00;;00/00;;00/00;;00/00;;5;N
SP;BENTO DE ABREU;RSO;P;A;N;N;S;3;3;0;534;59,8;0;0;SAOI;;X;X;X;X;X; ;27/03;EMANCIPACAO;09/07;FERIADO MUNICIPAL;15/08;FERIADO MUNICIPAL;20/11;FERIADO MUNICIPAL;00/00;;00/00;;00/00;;00/00;;00/00;;00/00;;5;N
SP;BERNARDINO DE CAMPOS;RSO;R;A;N;N;S;5;5;0;304;0;0;0;SAOI;;X;X;X;X;X; ;09/07;REVOLUCAO CONSTITUCIONALISTA;15/08;FERIADO MUNICIPAL;09/10;ANIVERSARIO DA CIDADE;00/00;;00/00;;00/00;;00/00;;00/00;;00/00;;00/00;;5;N
SP;BERTIOGA;SVP;I;A;N;N;S;4;4;0;148;65;0;0;SAOI;;X;X;X;X;X; ;19/05;ANIVERSARIO DA CIDADE;24/06;FERIADO MUNICIPAL;09/07;FERIADO MUNICIPAL;20/11;FERIADO MUNICIPAL;00/00;;00/00;;00/00;;00/00;;00/00;;00/00;;5;N
SP;BILAC;RSO;P;A;N;N;S;3;3;0;495;33,8;0;0;SAOI;;X;X;X;X;X; ;18/04;ANIVERSARIO DA CIDADE;09/07;FERIADO MUNICIPAL;08/09;FERIADO MUNICIPAL;00/00;;00/00;;00/00;;00/00;;00/00;;00/00;;00/00;;5;N
SP;BIRIGUI;RSO;P;A;N;N;S;3;3;0;478;0;0;0;SAOI;;X;X;X;X;X; ;09/07;FERIADO MUNICIPAL;08/12;FERIADO MUNICIPAL;00/00;;00/00;;00/00;;00/00;;00/00;;00/00;;00/00;;00/00;;5;N
SP;BIRITIBA MIRIM;RSO;I;A;N;N;S;5;5;0;104;65;0;0;SAOP;;X;X;X;X;X; ;05/05;ANIVERSARIO CID;09/07;FERIADO MUNICIPAL;05/10;FERIADO MUNICIPAL;20/11;FERIADO MUNICIPAL;00/00;;00/00;;00/00;;00/00;;00/00;;00/00;;5;N
SP;BOA ESPERANCA DO SUL;BIG;P;A;N;N;S;2;2;0;313;65;0;0;SAOI;;X;X;X;X;X; ;20/01;FERIADO MUNICIPAL;09/07;REVOLUCAO CONSTITUCIONALISTA;21/07;ANIVERSARIO DA CIDADE;00/00;;00/00;;00/00;;00/00;;00/00;;00/00;;00/00;;5;N
SP;BOCAINA;BIG;P;A;N;S;S;2;2;0;309;0;0;0;SAOI;;X;X;X;X;X; ;23/05;EMANCIPACAO;24/06;FERIADO MUNICIPAL;09/07;REVOLUCAO CONSTITUCIONALISTA;00/00;;00/00;;00/00;;00/00;;00/00;;00/00;;00/00;;5;N
SP;BOFETE;RSO;P;A;N;N;S;5;5;0;168;0;0;0;SAOI;;X;X;X;X;X; ;09/07;FERIADO MUNICIPAL;09/09;FERIADO MUNICIPAL;00/00;;00/00;;00/00;;00/00;;00/00;;00/00;;00/00;;00/00;;5;N
SP;BOITUVA;SOD;P;A;N;N;S;2;2;0;91;0;0;0;SODP;;X;X;X;X;X; ;09/07;FERIADO MUNICIPAL;16/08;FERIADO MUNICIPAL;06/09;ANIVERSARIO DA CIDADE;00/00;;00/00;;00/00;;00/00;;00/00;;00/00;;00/00;;5;N
SP;BOM JESUS DOS PERDOES;SPO;R;A;N;S;S;4;4;0;101;0;0;0;SAOP;;X;X;X;X;X; ;22/05;ANIVERSARIO DA CIDADE;09/07;REVOLUCAO CONSTITUCIONALISTA;06/08;FERIADO MUNICIPAL;00/00;;00/00;;00/00;;00/00;;00/00;;00/00;;00/00;;5;N
SP;BOM SUCESSO DE ITARARE;RSO;I;A;N;N;S;5;5;0;322;75,4;0;0;SAOI;;X;X;X;X;X; ;00/00;;00/00;;00/00;;00/00;;00/00;;00/00;;00/00;;00/00;;00/00;;00/00;;5;N
SP;BORA;RSO;P;A;N;N;S;3;3;0;458;59,8;0;0;SAOI;;X;X;X;X;X; ;31/03;ANIVERSARIO DA CIDADE;13/06;FERIADO MUNICIPAL;09/07;FERIADO MUNICIPAL;20/11;FERIADO MUNICIPAL;00/00;;00/00;;00/00;;00/00;;00/00;;00/00;;5;N
SP;BORACEIA;BIG;P;A;N;N;S;3;3;0;314;65;0;0;SAOI;;X;X;X;X;X; ;09/07;REVOLUCAO CONSTITUCIONALISTA;00/00;;00/00;;00/00;;00/00;;00/00;;00/00;;00/00;;00/00;;00/00;;5;N
SP;BORBOREMA;NSL;R;A;N;N;S;4;4;0;386;0;0;0;SAOI;;X;X;X;X;X; ;20/01;FERIADO MUNICIPAL;21/03;EMANCIPACAO;09/07;FERIADO MUNICIPAL;20/11;CONSCIENCIA NEGRA;00/00;;00/00;;00/00;;00/00;;00/00;;00/00;;5;N
SP;BOREBI;NSL;R;A;N;N;S;4;4;0;281;0;0;0;SAOI;;X;X;X;X;X; ;00/00;;00/00;;00/00;;00/00;;00/00;;00/00;;00/00;;00/00;;00/00;;00/00;;5;N
SP;BOTUCATU;BIG;P;A;N;N;S;2;2;0;208;0;0;0;SAOI;;X;X;X;X;X; ;14/04;ANIVERSARIO DE BOTUCATU;09/07;REVOLUCAO CONSTITUCIONALISTA;26/07;DIA DE SANTANA;00/00;;00/00;;00/00;;00/00;;00/00;;00/00;;00/00;;5;N
SP;BRAGANCA PAULISTA;SPO;R;A;N;N;S;3;3;0;110;65;0;0;SAOP;;X;X;X;X;X; ;09/07;FERIADO MUNICIPAL;20/11;FERIADO MUNICIPAL;08/12;FERIADO MUNICIPAL;00/00;;00/00;;00/00;;00/00;;00/00;;00/00;;00/00;;5;N
SP;BRAUNA;RSO;P;A;N;N;S;5;5;0;471;59,8;0;0;SAOI;;X;X;X;X;X; ;20/01;EMANCIPACAO;09/07;FERIADO MUNICIPAL;20/11;FERIADO MUNICIPAL;00/00;;00/00;;00/00;;00/00;;00/00;;00/00;;00/00;;5;N
SP;BREJO ALEGRE;RSO;P;A;N;N;S;4;4;0;487;59,8;0;0;SAOI;;X;X;X;X;X; ;00/00;;00/00;;00/00;;00/00;;00/00;;00/00;;00/00;;00/00;;00/00;;00/00;;5;N
SP;BRODOWSKI;LFN;P;A;N;N;S;2;2;0;359;0;0;10;SAOI;;X;X;X;X;X; ;09/07;FERIADO MUNICIPAL;22/08;ANIVERSARIO DA CIDADE;08/12;FERIADO MUNICIPAL;00/00;;00/00;;00/00;;00/00;;00/00;;00/00;;00/00;;5;N
SP;BROTAS;BIG;P;A;N;N;S;2;2;0;256;0;0;0;SAOI;;X;X;X;X;X; ;03/05;ANIVERSARIO DA CIDADE;09/07;REVOLUCAO CONSTITUCIONALISTA;15/09;FERIADO MUNICIPAL;00/00;;00/00;;00/00;;00/00;;00/00;;00/00;;00/00;;5;N
SP;BURI;RSO;I;A;N;N;S;4;4;0;237;46,8;0;0;SAOI;;X;X;X;X;X; ;25/01;ANIVERSARIO DA CIDADE;09/07;REVOLUCAO;16/08;FERIADO MUNICIPAL;00/00;;00/00;;00/00;;00/00;;00/00;;00/00;;00/00;;5;N
SP;BURITAMA;NSL;I;A;N;N;S;5;5;0;516;104;0;0;SAOI;;X;X;X;X;X; ;09/07;FERIADO MUNICIPAL;24/08;ANIVERSARIO DA CIDADE;20/11;DIA DA CONCIENCIA NEGRA;08/12;FERIADO MUNICIPAL;00/00;;00/00;;00/00;;00/00;;00/00;;00/00;;5;N
SP;BURITIZAL;LFN;P;A;N;N;S;3;3;0;449;0;0;10;SAOI;;X;X;X;X;X; ;09/07;FERIADO MUNICIPAL;28/07;FERIADO MUNICIPAL;08/09;ANIVERSARIO DA CIDADE;20/11;FERIADO MUNICIPAL;00/00;;00/00;;00/00;;00/00;;00/00;;00/00;;5;N
SP;CABRALIA PAULISTA;BIG;P;A;N;N;S;4;4;0;328;0;0;0;SAOI;;X;X;X;X;X; ;09/07;REVOLUCAO CONSTITUCIONALISTA;06/08;FERIADO MUNICIPAL;26/12;FERIADO MUNICIPAL;00/00;;00/00;;00/00;;00/00;;00/00;;00/00;;00/00;;5;N
SP;CABREUVA;PSP;P;A;N;S;S;3;3;0;57;0;0;0;SAOI;;X;X;X;X;X; ;24/03;ANIVERSARIO DA CIDADE;09/07;REVOLUCAO CONSTITUCIONALISTA;15/09;FERIADO MUNICIPAL;20/11;CONSCIENCIA NEGRA;00/00;;00/00;;00/00;;00/00;;00/00;;00/00;;5;N
SP;CACAPAVA;SJK;P;A;N;S;S;2;2;0;137;0;0;0;SAOI;;X;X;X;X;X; ;14/04;ANIVERSARIO DA CIDADE;24/06;FERIADO MUNICIPAL;09/07;FERIADO MUNICIPAL;00/00;;00/00;;00/00;;00/00;;00/00;;00/00;;00/00;;5;N
SP;CACHOEIRA PAULISTA;SJK;P;A;N;S;S;3;3;0;236;0;0;0;SAOI;;X;X;X;X;X; ;09/03;ANIVERSARIO DA CIDADE;13/06;EMANCIPACAO;09/07;FERIADO MUNICIPAL;20/11;DIA DA CONSCIENCIA NEGRA;00/00;;00/00;;00/00;;00/00;;00/00;;00/00;;5;N
SP;CACONDE;LFN;P;A;N;N;S;4;4;0;285;46,8;0;10;SAOI;;X;X;X;X;X; ;27/04;FERIADO MUNICIPAL;09/07;REVOLUCAO CONSTITUCIONALISTA;08/12;ANIVERSARIO DA CIDADE;00/00;;00/00;;00/00;;00/00;;00/00;;00/00;;00/00;;5;N
SP;CAFELANDIA;NSL;R;A;N;S;S;4;4;0;385;0;0;0;SAOI;;X;X;X;X;X; ;11/04;EMANCIPACAO;09/07;FERIADO MUNICIPAL;15/08;FERIADO MUNICIPAL;00/00;;00/00;;00/00;;00/00;;00/00;;00/00;;00/00;;5;N
SP;CAIABU;RSO;P;A;N;N;S;3;3;0;529;59,8;0;0;SAOI;;X;X;X;X;X; ;13/06;FERIADO MUNICIPAL;09/07;REVOLUCAO CONSTITUCIONALISTA;08/12;FERIADO MUNICIPAL;30/12;EMANCIPACAO;00/00;;00/00;;00/00;;00/00;;00/00;;00/00;;5;N
SP;CAIEIRAS;SPO;R;A;N;S;S;2;2;0;51;0;0;0;SPOR;TAXA SOLICITADA PELA THAIS DEFINIDO EM REUNIAO 25/03;X;X;X;X;X; ;13/06;FERIADO MUNICIPAL;09/07;REVOLUCAO CONSTITUCIONALISTA;20/11;CONSCIENCIA NEGRA;14/12;ANIVERSARIO CID*;00/00;;00/00;;00/00;;00/00;;00/00;;00/00;;5;N
SP;CAIUA;RSO;P;A;N;N;S;2;2;0;598;33,8;0;0;SAOI;;X;X;X;X;X; ;19/03;EMANCIPACAO;29/06;FERIADO MUNICIPAL;09/07;REVOLUCAO CONSTITUCIONALISTA;00/00;;00/00;;00/00;;00/00;;00/00;;00/00;;00/00;;5;N
SP;CAJAMAR;SPO;R;A;N;S;S;2;2;0;57;0;0;0;SPOR;;X;X;X;X;X; ;20/01;FERIADO MUNICIPAL;18/02;ANIVERSARIO DA CIDADE;09/07;REVOLUCAO CONSTITUCIONALISTA;00/00;;00/00;;00/00;;00/00;;00/00;;00/00;;00/00;;5;N
SP;CAJATI;RSO;P;A;N;N;S;3;3;0;224;59,8;0;0;SAOI;;X;X;X;X;X; ;19/05;ANIVERSARIO DA CIDADE;13/06;FERIADO MUNICIPAL;09/07;FERIADO MUNICIPAL;00/00;;00/00;;00/00;;00/00;;00/00;;00/00;;00/00;;5;N
SP;CAJOBI;NSL;R;A;N;N;S;4;4;0;434;0;0;0;SAOI;;X;X;X;X;X; ;13/05;ANIVERSARIO DA CIDADE;09/07;FERIADO MUNICIPAL;15/08;FERIADO MUNICIPAL;20/11;CONSCIENCIA NEGRA;00/00;;00/00;;00/00;;00/00;;00/00;;00/00;;5;N
SP;CAJURU;LFN;P;A;N;N;S;3;3;0;294;0;0;10;SAOI;;X;X;X;X;X; ;20/01;FERIADO MUNICIPAL;09/07;REVOLUCAO CONSTITUCIONALISTA;11/07;FERIADO MUNICIPAL;18/08;EMANCIPACAO;00/00;;00/00;;00/00;;00/00;;00/00;;00/00;;5;N
SP;CAMPINA DO MONTE ALEGRE;RSO;I;A;N;N;S;5;5;0;195;59,8;0;0;SAOI;;X;X;X;X;X; ;00/00;;00/00;;00/00;;00/00;;00/00;;00/00;;00/00;;00/00;;00/00;;00/00;;5;N
SP;CAMPINAS;PSP;P;A;N;S;S;3;3;0;106;0;0;0;SPOR;;X;X;X;X;X; ;09/07;REVOLUCAO CONSTITUCIONALISTA;20/11;CONSCIENCIA NEGRA;08/12;ANIVERSARIO DE CAMPINAS;00/00;;00/00;;00/00;;00/00;;00/00;;00/00;;00/00;;3;N
SP;CAMPO LIMPO PAULISTA;SPO;R;A;N;S;S;2;2;0;72;65;0;0;SPOR;;X;X;X;X;X; ;21/03;ANIVERSARIO DA CIDADE;09/07;FERIADO MUNICIPAL;07/10;FERIADO MUNICIPAL;00/00;;00/00;;00/00;;00/00;;00/00;;00/00;;00/00;;5;N
SP;CAMPOS DO JORDAO;SPA;I;A;N;N;S;3;3;0;204;0;0;0;SAOI;; ;X; ;X; ; ;00/00;;00/00;;00/00;;00/00;;00/00;;00/00;;00/00;;00/00;;00/00;;00/00;;5;N
SP;CAMPOS NOVOS PAULISTA;RSO;P;A;N;N;S;5;5;0;390;59,8;0;0;SAOI;;X;X;X;X;X; ;10/03;ANIVERSARIO DA CIDADE;19/03;FERIADO MUNICIPAL;24/06;FERIADO MUNICIPAL;09/07;REVOLUCAO CONSTITUCIONALISTA;00/00;;00/00;;00/00;;00/00;;00/00;;00/00;;5;N
SP;CANANEIA;RSO;P;A;N;N;S;5;5;0;254;468;0;0;SAOI;;X;X;X;X;X; ;24/06;FERIADO MUNICIPAL;09/07;FERIADO MUNICIPAL;12/08;ANIVERSARIO DE CANANEIA ;15/08;FERIADO MUNICIPAL;20/11;FERIADO MUNICIPAL;00/00;;00/00;;00/00;;00/00;;00/00;;5;N
SP;CANAS;SJK;P;A;N;S;S;3;3;0;228;0;0;0;SAOI;;X;X;X;X;X; ;22/03;EMANCIPACAO;24/05;FERIADO MUNICIPAL;09/07;FERIADO MUNICIPAL;20/11;CONSCIENCIA NEGRA ;00/00;;00/00;;00/00;;00/00;;00/00;;00/00;;5;N
SP;CANDIDO MOTA;RSO;P;A;N;N;S;2;2;0;402;0;0;0;SAOI;;X;X;X;X;X; ;09/07;FERIADO MUNICIPAL;15/09;FERIADO MUNICIPAL;26/10;ANIVERSARIO DA CIDADE;00/00;;00/00;;00/00;;00/00;;00/00;;00/00;;00/00;;5;N
SP;CANDIDO RODRIGUES;RSO;I;A;N;N;S;4;4;0;362;59,8;0;0;SAOI;;X;X;X;X;X; ;18/02;EMANCIPACAO;13/06;FERIADO MUNICIPAL;09/07;REVOLUCAO CONSTITUCIONALISTA;16/08;FERIADO MUNICIPAL;00/00;;00/00;;00/00;;00/00;;00/00;;00/00;;5;N
SP;CANITAR;RSO;P;A;N;N;S;4;4;0;344;0;0;0;SAOI;;X;X;X;X;X; ;00/00;;00/00;;00/00;;00/00;;00/00;;00/00;;00/00;;00/00;;00/00;;00/00;;5;N
SP;CAPAO BONITO;RSO;I;A;N;N;S;3;3;0;202;0;0;0;SAOI;;X;X;X;X;X; ;02/04;ANIVERSARIO DA CIDADE;09/07;REVOLUCAO;20/11;FERIADO MUNICIPAL;08/12;DIA DA CONSCIENCIA NEGRA;00/00;;00/00;;00/00;;00/00;;00/00;;00/00;;5;N
SP;CAPELA DO ALTO;RSO;P;A;N;N;S;5;5;0;113;33,8;0;0;SAOI;;X;X;X;X;X; ;26/03;EMANCIPACAO;29/05;FERIADO MUNICIPAL;09/07;FERIADO MUNICIPAL;04/10;FERIADO MUNICIPAL;00/00;;00/00;;00/00;;00/00;;00/00;;00/00;;5;N
SP;CAPIVARI;PSP;P;A;N;S;S;4;4;0;108;0;0;0;SAOI;;X;X;X;X;X; ;24/06;FERIADO MUNICIPAL;09/07;FERIADO MUNICIPAL;20/11;CONSCIENCIA NEGRA;00/00;;00/00;;00/00;;00/00;;00/00;;00/00;;00/00;;5;N
SP;CARAGUATATUBA;RSO;I;A;N;N;S;3;3;0;195;0;0;0;SAOI;; ;X; ;X; ; ;00/00;;00/00;;00/00;;00/00;;00/00;;00/00;;00/00;;00/00;;00/00;;00/00;;5;N
SP;CARAPICUIBA;SPO;P;A;N;S;S;1;1;0;40;0;0;0;SPOP;;X;X;X;X;X; ;26/03;ANIVERSARIO DA CIDADE;29/06;FERIADO MUNICIPAL;09/07;REVOLUCAO CONSTITUCIONALISTA;20/11;CONSCIENCIA NEGRA;00/00;;00/00;;00/00;;00/00;;00/00;;00/00;;5;N
SP;CARDOSO;NSL;P;A;N;N;S;5;5;0;569;104;0;0;SAOI;;X;X;X;X;X; ;20/01;ANIVERSARIO DA CIDADE;09/07;REVOLUCAO CONSTITUCIONALISTA;20/11;FERIADO MUNICIPAL;00/00;;00/00;;00/00;;00/00;;00/00;;00/00;;00/00;;5;N
SP;CASA BRANCA;LFN;I;A;N;N;S;3;3;0;223;0;0;0;SAOI;;X;X;X;X;X; ;09/07;REVOLUCAO CONSTITUCIONALISTA;15/09;FERIADO MUNICIPAL;25/10;ANIVERSARIO DA CIDADE;00/00;;00/00;;00/00;;00/00;;00/00;;00/00;;00/00;;5;N
SP;CASSIA DOS COQUEIROS;LFN;P;A;N;N;S;4;4;0;289;46,8;0;10;SAOI;;X;X;X;X;X; ;06/01;FERIADO MUNICIPAL;18/02;ANIVERSARIO DA CIDADE;22/05;EMANCIPACAO;29/06;FERIADO MUNICIPAL;09/07;REVOLUCAO CONSTITUCIONALISTA;00/00;;00/00;;00/00;;00/00;;00/00;;5;N
SP;CASTILHO;RSO;P;A;N;N;S;3;3;0;615;33,8;0;0;SAOI;;X;X;X;X;X; ;19/03;FERIADO MUNICIPAL;09/07;FERIADO MUNICIPAL;10/08;EMANCIPACAO;20/11;FERIADO MUNICIPAL;00/00;;00/00;;00/00;;00/00;;00/00;;00/00;;5;N
SP;CATANDUVA;NSL;P;A;N;N;S;4;4;0;397;0;0;0;SAOI;;X;X;X;X;X; ;14/04;ANIVERSARIO DA CIDADE;09/07;REVOLUCAO CONSTITUCIONALISTA;08/08;FERIADO MUNICIPAL;00/00;;00/00;;00/00;;00/00;;00/00;;00/00;;00/00;;5;N
SP;CATIGUA;NSL;R;A;N;N;S;4;4;0;409;65;0;0;SAOI;;X;X;X;X;X; ;20/01;FERIADO MUNICIPAL;03/05;ANIVERSARIO DA CIDADE;04/07;FERIADO MUNICIPAL;09/07;REVOLUCAO CONSTITUCIONALISTA;20/11;FERIADO MUNICIPAL;00/00;;00/00;;00/00;;00/00;;00/00;;5;N
SP;CEDRAL;NSL;P;A;N;N;S;4;4;0;438;0;0;0;SAOI;;X;X;X;X;X; ;21/06;ANIVERSARIO DA CIDADE;09/07;FERIADO MUNICIPAL;08/12;FERIADO MUNICIPAL;00/00;;00/00;;00/00;;00/00;;00/00;;00/00;;00/00;;5;N
SP;CERQUEIRA CESAR;NSL;R;A;N;N;S;4;4;0;264;0;0;0;SAOI;;X;X;X;X;X; ;09/07;REVOLUCAO;10/10;ANIVERSARIO DA CIDADE;20/11;FERIADO MUNICIPAL;00/00;;00/00;;00/00;;00/00;;00/00;;00/00;;00/00;;5;N
SP;CERQUILHO;BIG;R;A;N;S;S;3;3;0;119;0;0;0;SAOI;;X;X;X;X;X; ;19/03;FERIADO;03/04;EMANCIPACAO;09/07;FERIADO MUNICIPAL;00/00;;00/00;;00/00;;00/00;;00/00;;00/00;;00/00;;5;N
SP;CESARIO LANGE;BIG;R;A;N;N;S;3;3;0;122;0;0;0;SAOI;;X;X;X;X;X; ;03/05;EMANCIPACAO;09/07;FERIADO MUNICIPAL;14/09;FERIADO MUNICIPAL;00/00;;00/00;;00/00;;00/00;;00/00;;00/00;;00/00;;5;N
SP;CHARQUEADA;RSO;I;A;N;N;S;2;2;0;182;0;0;0;SAOI;;X;X;X;X;X; ;09/07;FERIADO MUNICIPAL;07/10;FERIADO MUNICIPAL;20/11;CONSCIENCIA NEGRA;08/12;FERIADO MUNICIPAL;00/00;;00/00;;00/00;;00/00;;00/00;;00/00;;5;N
SP;CHAVANTES;RSO;I;A;N;N;S;5;5;0;344;0;0;0;SAOI;;X;X;X;X;X; ;09/07;REVOLUCAO CONSTITUCIONALISTA;20/11;CONSCIENCIA NEGRA;04/12;ANIVERSARIO DA CIDADE;00/00;;00/00;;00/00;;00/00;;00/00;;00/00;;00/00;;5;N
SP;CLEMENTINA;RSO;P;A;N;N;S;5;5;0;487;59,8;0;0;SAOI;;X;X;X;X;X; ;24/06;EMANCIPACAO;09/07;FERIADO MUNICIPAL;20/11;FERIADO MUNICIPAL;00/00;;00/00;;00/00;;00/00;;00/00;;00/00;;00/00;;5;N
SP;COLINA;LFN;P;A;N;N;S;3;3;0;416;0;0;10;SAOI;;X;X;X;X;X; ;19/03;FERIADO MUNICIPAL;09/07;REVOLUCAO CONSTITUCIONALISTA;20/11;FERIADO MUNICIPAL;08/12;FERIADO MUNICIPAL;00/00;;00/00;;00/00;;00/00;;00/00;;00/00;;5;N
SP;COLOMBIA;NSL;I;A;N;N;S;4;4;0;477;65;0;0;SAOI;;X;X;X;X;X; ;18/02;ANIVERSARIO DA CIDADE;09/07;FERIADO MUNICIPAL;16/07;FERIADO MUNICIPAL;20/11;DIA DA CONSCIENCIA NEGRA;00/00;;00/00;;00/00;;00/00;;00/00;;00/00;;5;N
SP;CONCHAL;BIG;R;A;N;N;S;3;3;0;169;78;0;0;SAOI;;X;X;X;X;X; ;09/04;ANIVERSARIO DA CIDADE;09/07;FERIADO MUNICIPAL;00/00;;00/00;;00/00;;00/00;;00/00;;00/00;;00/00;;00/00;;5;N
SP;CONCHAS;RSO;P;A;N;N;S;5;5;0;151;33,8;0;0;SAOI;;X;X;X;X;X; ;13/06;A;09/07;FERIADO MUNICIPAL;06/08;FERIADO;04/12;ANIVERSARIO DA CIDADE;00/00;;00/00;;00/00;;00/00;;00/00;;00/00;;5;N
SP;CORDEIROPOLIS;PSP;P;A;N;S;S;4;4;0;157;0;0;0;SAOI;;X;X;X;X;X; ;13/06;ANIVERSARIO DA CIDADE;09/07;FERIADO MUNICIPAL;20/11;CONSCIENCIA NEGRA;00/00;;00/00;;00/00;;00/00;;00/00;;00/00;;00/00;;5;N
SP;COROADOS;RSO;P;A;N;N;S;2;2;0;470;33,8;0;0;SAOI;;X;X;X;X;X; ;20/01;FERIADO MUNICIPAL;13/06;EMANCIPACAO;09/07;FERIADO MUNICIPAL;00/00;;00/00;;00/00;;00/00;;00/00;;00/00;;00/00;;5;N
SP;CORONEL MACEDO;RSO;I;A;N;N;S;5;5;0;318;59,8;0;0;SAOI;;X;X;X;X;X; ;21/03;ANIVERSARIO DA CIDADE;05/04;FERIADO MUNICIPAL;06/06;FERIADO MUNICIPAL;09/07;REVOLUCAO;08/12;FERIADO MUNICIPAL;00/00;;00/00;;00/00;;00/00;;00/00;;5;N
SP;CORUMBATAI;LFN;I;A;N;N;S;4;4;0;212;46,8;0;0;SAOI;;X;X;X;X;X; ;19/03;EMANCIPACAO;09/07;REVOLUCAO CONSTITUCIONALISTA;20/11;FERIADO MUNICIPAL;00/00;;00/00;;00/00;;00/00;;00/00;;00/00;;00/00;;5;N
SP;COSMOPOLIS;PSP;P;A;N;S;S;4;4;0;145;0;0;0;SAOP;;X;X;X;X;X; ;09/07;FERIADO MUNICIPAL;30/11;ANIVERSARIO DA CIDADE;00/00;;00/00;;00/00;;00/00;;00/00;;00/00;;00/00;;00/00;;5;N
SP;COSMORAMA;NSL;R;A;N;N;S;5;5;0;511;104;0;0;SAOI;;X;X;X;X;X; ;13/06;FERIADO MUNICIPAL;09/07;REVOLUCAO CONSTITUCIONALISTA;10/10;ANIVERSARIO DA CIDADE;00/00;;00/00;;00/00;;00/00;;00/00;;00/00;;00/00;;5;N
SP;COTIA;SPO;I;A;N;S;S;2;2;0;58;0;0;0;SPOI;;X;X;X;X;X; ;02/04;.;09/07;REVOLUCAO CONSTITUCIONALISTA;08/09;FERIADO MUNICIPAL;00/00;;00/00;;00/00;;00/00;;00/00;;00/00;;00/00;;5;N
SP;CRAVINHOS;LFN;P;A;N;N;S;2;2;0;305;0;0;10;SAOI;;X;X;X;X;X; ;19/03;ANIVERSARIO DA CIDADE;09/07;FERIADO MUNICIPAL;20/11;FERIADO MUNICIPAL;00/00;;00/00;;00/00;;00/00;;00/00;;00/00;;00/00;;5;N
SP;CRISTAIS PAULISTA;LFN;P;A;N;N;S;3;3;0;427;117;0;10;SAOI;;X;X;X;X;X; ;09/07;FERIADO MUNICIPAL;28/07;FERIADO MUNICIPAL;15/08;FERIADO MUNICIPAL;20/11;FERIADO MUNICIPAL;00/00;;00/00;;00/00;;00/00;;00/00;;00/00;;5;N
SP;CRUZALIA;RSO;P;A;N;N;S;4;4;0;451;59,8;0;0;SAOI;;X;X;X;X;X; ;20/01;FERIADO MUNICIPAL;04/04;EMANCIPACAO;09/07;FERIADO MUNICIPAL;08/12;FERIADO MUNICIPAL;00/00;;00/00;;00/00;;00/00;;00/00;;00/00;;5;N
SP;CRUZEIRO;SJK;I;A;N;S;S;3;3;0;251;0;0;0;SAOI;;X;X;X;X;X; ;09/07;FERIADO MUNICIPAL;02/10;ANIVERSARIO DA CIDADE;08/12;FERIADO MUNICIPAL;00/00;;00/00;;00/00;;00/00;;00/00;;00/00;;00/00;;5;N
SP;CUBATAO;SVP;R;A;N;N;S;4;4;0;99;0;0;0;SAOP;;X;X;X;X;X; ;09/04;ANIVERSARIO DA CIDADE;09/07;REVOLUCAO CONSTITUCIONALISTA;15/08;FERIADO MUNICIPAL;20/11;CONCIENCIA NEGRA;00/00;;00/00;;00/00;;00/00;;00/00;;00/00;;5;N
SP;CUNHA;SPA;I;A;N;N;S;5;5;0;256;52;0;0;SAOI;; ; ;X; ; ; ;00/00;;00/00;;00/00;;00/00;;00/00;;00/00;;00/00;;00/00;;00/00;;00/00;;5;N
SP;DESCALVADO;LFN;P;A;N;N;S;3;3;0;257;31,2;0;10;SAOI;;X;X;X;X;X; ;20/01;FERIADO MUNICIPAL;09/07;REVOLUCAO CONSTITUCIONALISTA;08/09;FERIADO MUNICIPAL;00/00;;00/00;;00/00;;00/00;;00/00;;00/00;;00/00;;5;N
SP;DIADEMA;SPO;P;A;N;S;S;2;2;0;42;0;0;0;SPOP;;X;X;X;X;X; ;09/07;REVOLUCAO CONSTITUCIONALISTA;20/11;CONSCIENCIA NEGRA;08/12;.;00/00;;00/00;;00/00;;00/00;;00/00;;00/00;;00/00;;5;N
SP;DIRCE REIS;RSO;I;A;N;N;S;5;5;0;618;59,8;0;0;SAOI;;X;X;X;X;X; ;00/00;;00/00;;00/00;;00/00;;00/00;;00/00;;00/00;;00/00;;00/00;;00/00;;5;N
SP;DIVINOLANDIA;LFN;P;A;N;N;S;3;3;0;260;31,2;0;10;SAOI;;X;X;X;X;X; ;09/07;REVOLUCAO CONSTITUCIONALISTA;08/12;FERIADO MUNICIPAL;30/12;EMANCIPACAO;00/00;;00/00;;00/00;;00/00;;00/00;;00/00;;00/00;;5;N
SP;DOBRADA;LFN;P;A;N;N;S;3;3;0;329;78;0;10;SAOI;;X;X;X;X;X; ;28/03;EMANCIPACAO;09/07;REVOLUCAO CONSTITUCIONALISTA;00/00;;00/00;;00/00;;00/00;;00/00;;00/00;;00/00;;00/00;;5;N
SP;DOIS CORREGOS;BIG;P;A;N;N;S;2;2;0;285;0;0;0;SAOI;;X;X;X;X;X; ;04/02;EMANCIPACAO;09/07;FERIADO MUNICIPAL;20/11;FERIADO MUNICIPAL;00/00;;00/00;;00/00;;00/00;;00/00;;00/00;;00/00;;5;N
SP;DOLCINOPOLIS;RSO;P;A;N;N;S;3;3;0;610;59,8;0;0;SAOI;;X;X;X;X;X; ;06/01;FERIADO MUNICIPAL;13/06;FERIADO MUNICIPAL;09/07;REVOLUCAO CONSTITUCIONALISTA;19/10;ANIVERSARIO DA CIDADE;20/11;FERIADO MUNICIPAL;00/00;;00/00;;00/00;;00/00;;00/00;;5;N
SP;DOURADO;BIG;P;A;N;N;S;3;3;0;287;65;0;0;SAOI;;X;X;X;X;X; ;19/05;ANIVERSARIO DA CIDADE;24/06;FERIADO MUNICIPAL;09/07;REVOLUCAO CONSTITUCIONALISTA;00/00;;00/00;;00/00;;00/00;;00/00;;00/00;;00/00;;5;N
SP;DRACENA;RSO;P;A;N;N;S;2;2;0;640;0;0;0;SAOI;;X;X;X;X;X; ;09/07;REVOLUCAO CONSTITUCIONALISTA;08/12;ANIVERSARIO DA CIDADE;00/00;;00/00;;00/00;;00/00;;00/00;;00/00;;00/00;;00/00;;5;N
SP;DUARTINA;BIG;P;A;N;N;S;4;4;0;338;0;0;0;SAOI;;X;X;X;X;X; ;09/07;FERIADO MUNICIPAL;11/12;EMANCIPACAO;13/12;FERIADO MUNICIPAL;00/00;;00/00;;00/00;;00/00;;00/00;;00/00;;00/00;;5;N
SP;DUMONT;LFN;P;A;N;N;S;3;3;0;346;31,2;0;10;SAOI;;X;X;X;X;X; ;21/03;EMANCIPACAO;09/07;REVOLUCAO CONSTITUCIONALISTA;20/11;FERIADO MUNICIPAL;08/12;FERIADO MUNICIPAL;00/00;;00/00;;00/00;;00/00;;00/00;;00/00;;5;N
SP;ECHAPORA;RSO;P;A;N;N;S;4;4;0;436;59,8;0;0;SAOI;;X;X;X;X;X; ;09/07;FERIADO MUNICIPAL;28/10;FERIADO MUNICIPAL;20/11;FERIADO MUNICIPAL;30/11;EMANCIPACAO;00/00;;00/00;;00/00;;00/00;;00/00;;00/00;;5;N
SP;ELDORADO;RSO;P;A;N;N;S;5;5;0;237;59,8;0;0;SAOI;;X;X;X;X;X; ;10/03;ANIVERSARIO DA CIDADE;09/07;FERIADO MUNICIPAL;08/09;FERIADO MUNICIPAL;20/11;FERIADO MUNICIPAL;00/00;;00/00;;00/00;;00/00;;00/00;;00/00;;5;N
SP;ELIAS FAUSTO;PSP;P;A;N;S;S;4;4;0;98;0;0;0;SAOI;;X;X;X;X;X; ;19/03;FERIADO MUNICIPAL;09/07;FERIADO MUNICIPAL;30/11;ANIVERSARIO DA CIDADE;00/00;;00/00;;00/00;;00/00;;00/00;;00/00;;00/00;;5;N
SP;ELISIARIO;RSO;P;A;N;N;S;3;3;0;409;0;0;0;SAOI;;X;X;X;X;X; ;00/00;;00/00;;00/00;;00/00;;00/00;;00/00;;00/00;;00/00;;00/00;;00/00;;5;N
SP;EMBAUBA;NSL;I;A;N;N;S;4;4;0;428;65;0;0;SAOI;;X;X;X;X;X; ;09/01;EMANCIPACAO;09/07;FERIADO MUNICIPAL;08/09;ANIVERSARIO DE EMBAUBA;00/00;;00/00;;00/00;;00/00;;00/00;;00/00;;00/00;;5;N
SP;EMBU DAS ARTES;SPO;I;A;N;S;S;3;3;0;26;90;0;0;SPOI;;X;X;X;X;X; ;18/02;ANIVERSARIO;09/07;REVOLUCAO CONSTITUCIONALISTA;20/11;CONSCIENCIA NEGRA;00/00;;00/00;;00/00;;00/00;;00/00;;00/00;;00/00;;5;N
SP;EMBU-GUACU;RSO;I;A;N;N;S;3;3;0;50;59,8;0;0;SAOI;;X;X;X;X;X; ;28/03;ANIVERSARIO DA CIDADE;09/07;FERIADO MUNICIPAL;00/00;;00/00;;00/00;;00/00;;00/00;;00/00;;00/00;;00/00;;5;N
SP;EMILIANOPOLIS;RSO;P;A;N;N;S;4;4;0;574;59,8;0;0;SAOI;;X;X;X;X;X; ;00/00;;00/00;;00/00;;00/00;;00/00;;00/00;;00/00;;00/00;;00/00;;00/00;;5;N
SP;ENGENHEIRO COELHO;BIG;R;A;N;N;S;2;2;0;164;0;0;0;SAOI;;X;X;X;X;X; ;19/05;ANIVERSARIO DA CIDADE;29/06;FERIADO MUNICIPAL;09/07;FERIADO MUNICIPAL;20/11;FERIADO MUNICIPAL;00/00;;00/00;;00/00;;00/00;;00/00;;00/00;;5;N
SP;ESPIRITO SANTO DO PINHAL;BIG;R;A;N;N;S;3;3;0;186;0;0;0;SAOI;;X;X;X;X;X; ;09/07;REVOLUCAO CONSTITUCIONALISTA;13/12;FERIADO MUNICIPAL;27/12;EMANCIPACAO;00/00;;00/00;;00/00;;00/00;;00/00;;00/00;;00/00;;5;N
SP;ESPIRITO SANTO DO TURVO;NSL;R;A;N;N;S;4;4;0;298;0;0;0;SAOI;;X;X;X;X;X; ;09/07;REVOLUCAO CONSTITUCIONALISTA;05/11;EMANCIPACAO;20/11;FERIADO MUNICIPAL;00/00;;00/00;;00/00;;00/00;;00/00;;00/00;;00/00;;5;N
SP;ESTIVA GERBI;BIG;R;A;N;N;S;3;3;0;165;0;0;0;SAOI;;X;X;X;X;X; ;19/03;FERIADO MUNICIPAL;19/05;EMANCIPACAO;09/07;REVOLUCAO CONSTITUCIONALISTA;20/11;FERIADO MUNICIPAL;00/00;;00/00;;00/00;;00/00;;00/00;;00/00;;5;N
SP;ESTRELA D OESTE;NSL;P;A;N;N;S;5;5;0;580;104;0;0;SAOI;;X;X;X;X;X; ;25/01;FERIADO MUNICIPAL;09/07;FERIADO MUNICIPAL;25/09;FERIADO MUNICIPAL;20/11;FERIADO MUNICIPAL;00/00;;00/00;;00/00;;00/00;;00/00;;00/00;;5;N
SP;ESTRELA DO NORTE;RSO;P;A;N;N;S;3;3;0;567;59,8;0;0;SAOI;;X;X;X;X;X; ;20/01;FERIADO MUNICIPAL;21/03;EMANCIPACAO;29/06;FERIADO MUNICIPAL;09/07;REVOLUCAO CONSTITUCIONALISTA;13/12;FERIADO MUNICIPAL;00/00;;00/00;;00/00;;00/00;;00/00;;5;N
SP;EUCLIDES DA CUNHA PAULISTA;RSO;P;A;N;N;S;5;5;0;674;59,8;0;0;SAOI;;X;X;X;X;X; ;09/01;FERIADO MUNICIPAL;19/03;FERIADO MUNICIPAL;09/07;REVOLUCAO CONSTITUCIONALISTA;20/11;FERIADO MUNICIPAL;08/12;FERIADO MUNICIPAL;00/00;;00/00;;00/00;;00/00;;00/00;;5;N
SP;FARTURA;RSO;P;A;N;N;S;3;3;0;333;0;0;0;SAOI;;X;X;X;X;X; ;31/03;ANIVERSARIO DA CIDADE;09/07;REV CONSTITUCIONALISTA;15/09;FERIADO MUNICIPAL;00/00;;00/00;;00/00;;00/00;;00/00;;00/00;;00/00;;5;N
SP;FERNANDO PRESTES;RSO;I;A;N;N;S;5;5;0;373;59,8;0;0;SAOI;;X;X;X;X;X; ;20/01;FERIADO MUNICIPAL;05/07;ANIVERSARIO DA CIDADE;09/07;REVOLUCAO CONSTITUCIONALISTA;13/12;FERIADO MUNICIPAL;00/00;;00/00;;00/00;;00/00;;00/00;;00/00;;5;N
SP;FERNANDOPOLIS;RSO;P;A;N;N;S;2;2;0;563;0;0;0;SAOI;;X;X;X;X;X; ;22/05;ANIVERSARIO DA CIDADE;09/07;REVOLUCAO;00/00;;00/00;;00/00;;00/00;;00/00;;00/00;;00/00;;00/00;;5;N
SP;FERNAO;BIG;P;A;N;N;S;4;4;0;356;104;0;0;SAOI;;X;X;X;X;X; ;00/00;;00/00;;00/00;;00/00;;00/00;;00/00;;00/00;;00/00;;00/00;;00/00;;5;N
SP;FERRAZ DE VASCONCELOS;SPO;P;A;N;S;S;1;1;0;37;0;0;0;SPOP;;X;X;X;X;X; ;09/07;REVOLUCAO CONSTITUCIONALISTA;14/10;ANIVERSARIO;20/11;CONSCIENCIA NEGRA;00/00;;00/00;;00/00;;00/00;;00/00;;00/00;;00/00;;5;N
SP;FLORA RICA;RSO;P;A;N;N;S;5;5;0;591;59,8;0;0;SAOI;;X;X;X;X;X; ;19/03;EMANCIPACAO;09/07;REVOLUCAO CONSTITUCIONALISTA;20/11;FERIADO MUNICIPAL;00/00;;00/00;;00/00;;00/00;;00/00;;00/00;;00/00;;5;N
SP;FLOREAL;RSO;P;A;N;N;S;5;5;0;532;59,8;0;0;SAOI;;X;X;X;X;X; ;20/01;FERIADO MUNICIPAL;09/07;REVOLUCAO CONSTITUCIONALISTA;06/08;EMANCIPACAO;08/12;FERIADO MUNICIPAL;00/00;;00/00;;00/00;;00/00;;00/00;;00/00;;5;N
SP;FLORIDA PAULISTA;RSO;P;A;N;N;S;2;2;0;579;507;0;0;SAOI;;X;X;X;X;X; ;09/07;FERIADO MUNICIPAL;25/10;ANIVERSARIO DA CIDADE;20/11;CONSCIENCIA NEGRA;00/00;;00/00;;00/00;;00/00;;00/00;;00/00;;00/00;;5;N
SP;FLORINEA;RSO;P;A;N;N;S;5;5;0;453;59,8;0;0;SAOI;;X;X;X;X;X; ;06/01;FERIADO MUNICIPAL;19/03;FERIADO MUNICIPAL;09/07;FERIADO MUNICIPAL;30/12;FERIADO MUNICIPAL;00/00;;00/00;;00/00;;00/00;;00/00;;00/00;;5;N
SP;FRANCA;LFN;P;A;N;S;S;2;2;0;410;0;0;10;SAOI;;X;X;X;X;X; ;09/07;FERIADO MUNICIPAL;20/11;DIA DA CONSCIENCIA NEGRA;28/11;ANIVERSARIO DA CIDADE;08/12;DIA NOSSA SENHORA CONCEICAO;00/00;;00/00;;00/00;;00/00;;00/00;;00/00;;5;N
SP;FRANCISCO MORATO;SPO;R;A;N;S;S;4;4;0;53;65;0;0;SPOR;TAXA SOLICITADA PELA THAIS DEFINIDO EM REUNIAO 25/03;X;X;X;X;X; ;21/03;ANIVERSARIO DA CIDADE;09/07;REVOLUCAO CONSTITUCIONALISTA;20/11;CONSCIENCIA NEGRA;00/00;;00/00;;00/00;;00/00;;00/00;;00/00;;00/00;;5;N
SP;FRANCO DA ROCHA;SPO;P;A;N;S;S;2;2;0;43;65;0;0;SPOR;;X;X;X;X;X; ;09/07;REVOLUCAO CONSTITUCIONALISTA;30/11;ANIVERSARIO DA CIDADE;08/12;FERIADO MUNICIPAL;00/00;;00/00;;00/00;;00/00;;00/00;;00/00;;00/00;;5;N
SP;GABRIEL MONTEIRO;RSO;P;A;N;N;S;5;5;0;499;59,8;0;0;SAOI;;X;X;X;X;X; ;29/06;FERIADO MUNICIPAL;09/07;FERIADO MUNICIPAL;03/11;EMANCIPACAO;20/11;FERIADO MUNICIPAL;00/00;;00/00;;00/00;;00/00;;00/00;;00/00;;5;N
SP;GALIA;BIG;P;A;N;N;S;4;4;0;365;104;0;0;SAOI;;X;X;X;X;X; ;19/03;FERIADO MUNICIPAL;14/04;ANIVERSARIO DA CIDADE;09/07;FERIADO MUNICIPAL;00/00;;00/00;;00/00;;00/00;;00/00;;00/00;;00/00;;5;N
SP;GARCA;BIG;P;A;N;N;S;4;4;0;375;104;0;0;SAOI;;X;X;X;X;X; ;05/05;ANIVERSARIO DA CIDADE;29/06;FERIADO MUNICIPAL;09/07;FERIADO MUNICIPAL;00/00;;00/00;;00/00;;00/00;;00/00;;00/00;;00/00;;5;N
SP;GASTAO VIDIGAL;RSO;P;A;N;N;S;5;5;0;548;59,8;0;0;SAOI;;X;X;X;X;X; ;06/01;FERIADO MUNICIPAL;24/06;ANIVERSARIO DA CIDADE;09/07;REVOLUCAO CONSTITUCIONALISTA;08/12;FERIADO MUNICIPAL;00/00;;00/00;;00/00;;00/00;;00/00;;00/00;;5;N
SP;GAVIAO PEIXOTO;LFN;I;A;N;N;S;4;4;0;325;48,6;0;0;SAOI;;X;X;X;X;X; ;09/07;FERIADO MUNICIPAL;00/00;;00/00;;00/00;;00/00;;00/00;;00/00;;00/00;;00/00;;00/00;;5;N
SP;GENERAL SALGADO;RSO;P;A;N;N;S;5;5;0;556;59,8;0;0;SAOI;;X;X;X;X;X; ;09/07;REVOLUCAO CONSTITUCIONALISTA;15/09;FERIADO MUNICIPAL;08/12;FERIADO MUNICIPAL;00/00;;00/00;;00/00;;00/00;;00/00;;00/00;;00/00;;5;N
SP;GETULINA;RSO;P;A;N;N;S;3;3;0;425;59,8;0;0;SAOI;;X;X;X;X;X; ;25/03;ANIVERSARIO DA CIDADE;09/07;FERIADO MUNICIPAL;15/08;FERIADO MUNICIPAL;20/11;CONSCIENCIA NEGRA ;00/00;;00/00;;00/00;;00/00;;00/00;;00/00;;5;N
SP;GLICERIO;RSO;P;A;N;N;S;2;2;0;461;33,8;0;0;SAOI;;X;X;X;X;X; ;24/06;FERIADO MUNICIPAL;09/07;FERIADO MUNICIPAL;15/08;FERIADO MUNICIPAL;30/12;ANIVERSARIO DA CIDADE;00/00;;00/00;;00/00;;00/00;;00/00;;00/00;;5;N
SP;GUAICARA;RSO;P;A;N;N;S;4;4;0;410;0;0;0;SAOI;;X;X;X;X;X; ;24/06;FERIADO MUNICIPAL;09/07;FERIADO MUNICIPAL;20/11;FERIADO MUNICIPAL;13/12;ANIVERSARIO DA CIDADE;00/00;;00/00;;00/00;;00/00;;00/00;;00/00;;5;N
SP;GUAIMBE;RSO;P;A;N;N;S;4;4;0;423;59,8;0;0;SAOI;;X;X;X;X;X; ;09/07;FERIADO MUNICIPAL;08/11;EMANCIPACAO;20/11;FERIADO MUNICIPAL;00/00;;00/00;;00/00;;00/00;;00/00;;00/00;;00/00;;5;N
SP;GUAIRA;LFN;P;A;N;N;S;2;2;0;476;0;0;10;SAOI;;X;X;X;X;X; ;20/01;FERIADO MUNICIPAL;18/05;FERIADO MUNICIPAL;09/07;FERIADO MUNICIPAL;20/11;CONSCIENCIA NEGRA;00/00;;00/00;;00/00;;00/00;;00/00;;00/00;;5;N
SP;GUAPIACU;NSL;P;A;N;N;S;4;4;0;453;0;0;0;SAOI;;X;X;X;X;X; ;20/01;FERIADO MUNICIPAL;09/07;FERIADO MUNICIPAL;30/11;EMANCIPACAO;00/00;;00/00;;00/00;;00/00;;00/00;;00/00;;00/00;;5;N
SP;GUAPIARA;RSO;I;A;N;N;S;5;5;0;236;46,8;0;0;SAOI;;X;X;X;X;X; ;19/03;FERIADO;02/05;ANIVERSARIO DA CIDADE;09/07;REVOLUCAO;20/11;CONSCIENCIA NEGRA;24/12;FERIADO MUNICIPAL;00/00;;00/00;;00/00;;00/00;;00/00;;5;N
SP;GUARA;LFN;P;A;N;N;S;2;2;0;413;0;0;10;SAOI;;X;X;X;X;X; ;20/01;FERIADO MUNICIPAL;09/07;FERIADO MUNICIPAL;15/09;ANIVERSARIO DA CIDADE;00/00;;00/00;;00/00;;00/00;;00/00;;00/00;;00/00;;5;N
SP;GUARACAI;RSO;P;A;N;N;S;2;2;0;578;33,8;0;0;SAOI;;X;X;X;X;X; ;09/07;FERIADO MUNICIPAL;20/11;FERIADO MUNICIPAL;00/00;;00/00;;00/00;;00/00;;00/00;;00/00;;00/00;;00/00;;5;N
SP;GUARACI;NSL;I;A;N;N;S;4;4;0;470;65;0;0;SAOI;;X;X;X;X;X; ;20/01;FERIADO MUNICIPAL;09/07;FERIADO MUNICIPAL;06/08;FERIADO MUNICIPAL;20/11;FERIADO MUNICIPAL;30/11;ANIVERSARIO DA CIDADE;00/00;;00/00;;00/00;;00/00;;00/00;;5;N
SP;GUARANI D OESTE;RSO;P;A;N;N;S;3;3;0;590;59,8;0;0;SAOI;;X;X;X;X;X; ;13/06;FERIADO MUNICIPAL;09/07;FERIADO MUNICIPAL;18/08;FERIADO MUNICIPAL;05/10;FERIADO MUNICIPAL;00/00;;00/00;;00/00;;00/00;;00/00;;00/00;;5;N
SP;GUARANTA;NSL;R;A;N;N;S;4;4;0;377;0;0;0;SAOI;;X;X;X;X;X; ;09/07;REVOLUCAO CONSTITUCIONALISTA;20/11;FERIADO MUNICIPAL;30/11;EMANCIPACAO;00/00;;00/00;;00/00;;00/00;;00/00;;00/00;;00/00;;5;N
SP;GUARARAPES;RSO;P;A;N;N;S;2;2;0;516;0;0;0;SAOI;;X;X;X;X;X; ;29/06;FERIADO MUNICIPAL;09/07;FERIADO MUNICIPAL;20/11;FERIADO MUNICIPAL;08/12;ANIVERSARIO DA CIDADE;00/00;;00/00;;00/00;;00/00;;00/00;;00/00;;5;N
SP;GUARAREMA;SJK;P;A;N;S;S;3;3;0;102;0;0;0;SAOI;;X;X;X;X;X; ;09/07;FERIADO MUNICIPAL;19/09;ANIVERSARIO DA CIDADE;00/00;;00/00;;00/00;;00/00;;00/00;;00/00;;00/00;;00/00;;5;N
SP;GUARATINGUETA;SJK;P;A;N;S;S;2;2;0;210;0;0;0;SAOI;;X;X;X;X;X; ;13/06;ANIVERSARIO DA CIDADE;09/07;FERIADO MUNICIPAL;25/10;FERIADO MUNICIPAL;00/00;;00/00;;00/00;;00/00;;00/00;;00/00;;00/00;;5;N
SP;GUAREI;RSO;P;A;N;N;S;5;5;0;156;59,8;0;0;SAOI;;X;X;X;X;X; ;16/03;EMANCIPACAO;24/06;FERIADO MUNICIPAL;09/07;FERIADO MUNICIPAL;00/00;;00/00;;00/00;;00/00;;00/00;;00/00;;00/00;;5;N
SP;GUARIBA;LFN;P;A;N;N;S;3;3;0;348;46,8;0;10;SAOI;;X;X;X;X;X; ;09/07;REVOLUCAO CONSTITUCIONALISTA;21/09;ANIVERSARIO DA CIDADE;20/11;DIA DA CONSCIENCIA NEGRA;00/00;;00/00;;00/00;;00/00;;00/00;;00/00;;00/00;;5;N
SP;GUARUJA;SVP;I;A;N;S;S;3;3;0;130;0;0;0;SAOI;;X;X;X;X;X; ;15/01;FERIADO MUNICIPAL;09/07;REVOLUCAO CONSTITUCIONALISTA;20/11;CONCIENCIA NEGRA;00/00;;00/00;;00/00;;00/00;;00/00;;00/00;;00/00;;5;N
SP;GUARULHOS;SPO;P;A;N;S;S;1;1;0;1;0;0;0;SPOP;;X;X;X;X;X; ;09/07;REV CONSTITUCIONALISTA;20/11;CONCIENCIA NEGRA;08/12;ANIVERSARIO CIDADE;00/00;;00/00;;00/00;;00/00;;00/00;;00/00;;00/00;;4;N
SP;GUATAPARA;LFN;P;A;N;N;S;3;3;0;308;78;0;10;SAOI;;X;X;X;X;X; ;09/07;REVOLUCAO CONSTITUCIONALISTA;00/00;;00/00;;00/00;;00/00;;00/00;;00/00;;00/00;;00/00;;00/00;;5;N
SP;GUZOLANDIA;RSO;P;A;N;N;S;3;3;0;575;33,8;0;0;SAOI;;X;X;X;X;X; ;28/03;ANIVERSARIO DA CIDADE;29/06;FERIADO MUNICIPAL;09/07;FERIADO MUNICIPAL;15/08;FERIADO MUNICIPAL;00/00;;00/00;;00/00;;00/00;;00/00;;00/00;;5;N
SP;HERCULANDIA;RSO;P;A;N;N;S;2;2;0;469;46,8;0;0;SAOI;;X;X;X;X;X; ;09/07;FERIADO MUNICIPAL;26/07;FERIADO MUNICIPAL;30/11;ANIVERSARIO DA CIDADE;00/00;;00/00;;00/00;;00/00;;00/00;;00/00;;00/00;;5;N
SP;HOLAMBRA;PSP;P;A;N;S;S;4;4;0;125;0;0;0;SAOI;;X;X;X;X;X; ;25/05;FERIADO MUNICIPAL;09/07;FERIADO MUNICIPAL;27/10;ANIVERSARIO DA CIDADE;00/00;;00/00;;00/00;;00/00;;00/00;;00/00;;00/00;;5;N
SP;HORTOLANDIA;PSP;R;A;N;S;S;2;2;0;123;0;0;0;SPOR;;X;X;X;X;X; ;19/05;ANIVERSARIO DA CIDADE;09/07;REVOLUCAO CONSTITUCIONALISTA;20/11;CONSCIENCIA NEGRA;00/00;;00/00;;00/00;;00/00;;00/00;;00/00;;00/00;;5;N
SP;IACANGA;NSL;R;A;N;N;S;4;4;0;358;0;0;0;SAOI;;X;X;X;X;X; ;15/04;EMANCIPACAO;24/06;FERIADO MUNICIPAL;09/07;FERIADO MUNICIPAL;00/00;;00/00;;00/00;;00/00;;00/00;;00/00;;00/00;;5;N
SP;IACRI;RSO;P;A;N;N;S;2;2;0;531;33,8;0;0;SAOI;;X;X;X;X;X; ;21/06;ANIVERSARIO DA CIDADE;29/06;FERIADO MUNICIPAL;09/07;FERIADO MUNICIPAL;20/11;FERIADO MUNICIPAL;00/00;;00/00;;00/00;;00/00;;00/00;;00/00;;5;N
SP;IARAS;RSO;R;A;N;N;S;5;5;0;256;59,8;0;0;SAOI;;X;X;X;X;X; ;09/01;ANIVERSARIO DA CIDADE;09/07;REVOLUCAO;20/11;CONSCIENCIA NEGRA;13/12;FERIADO MUNICIPAL;00/00;;00/00;;00/00;;00/00;;00/00;;00/00;;5;N
SP;IBATE;LFN;P;A;N;S;S;3;3;0;259;0;0;10;SAOI;;X;X;X;X;X; ;24/06;EMANCIPACAO;09/07;REVOLUCAO CONSTITUCIONALISTA;15/08;FERIADO MUNICIPAL;00/00;;00/00;;00/00;;00/00;;00/00;;00/00;;00/00;;5;N
SP;IBIRA;NSL;R;A;N;N;S;4;4;0;435;0;0;0;SAOI;;X;X;X;X;X; ;20/01;FERIADO MUNICIPAL;09/07;FERIADO MUNICIPAL;12/12;ANIVERSARIO DA CIDADE;00/00;;00/00;;00/00;;00/00;;00/00;;00/00;;00/00;;5;N
SP;IBIRAREMA;RSO;P;A;N;N;S;4;4;0;367;33,8;0;0;SAOI;;X;X;X;X;X; ;11/02;FERIADO;09/07;REVOLUCAO CONSTITUCIONALISTA;30/11;ANIVERSARIO DA CIDADE;00/00;;00/00;;00/00;;00/00;;00/00;;00/00;;00/00;;5;N
SP;IBITINGA;NSL;R;A;N;N;S;4;4;0;355;0;0;0;SAOI;;X;X;X;X;X; ;04/07;ANIVERSARIO DA CIDADE;09/07;REVOLUCAO CONSTITUCIONALISTA;06/08;FERIADO MUNICIPAL;00/00;;00/00;;00/00;;00/00;;00/00;;00/00;;00/00;;5;N
SP;IBIUNA;RSO;P;A;N;S;S;3;3;0;60;33,8;0;0;SAOI;;X;X;X;X;X; ;24/03;ANIVERSARIO DA CIDADE;09/07;FERIADO MUNICIPAL;15/09;FERIADO MUNICIPAL;00/00;;00/00;;00/00;;00/00;;00/00;;00/00;;00/00;;5;N
SP;ICEM;NSL;R;A;N;N;S;4;4;0;498;0;0;0;SAOI;;X;X;X;X;X; ;09/07;FERIADO MUNICIPAL;15/08;FERIADO MUNICIPAL;28/10;FERIADO MUNICIPAL;20/11;FERIADO MUNICIPAL;30/12;ANIVERSARIO DA CIDADE;00/00;;00/00;;00/00;;00/00;;00/00;;5;N
SP;IEPE;RSO;P;A;N;N;S;5;5;0;487;59,8;0;0;SAOI;;X;X;X;X;X; ;24/06;FERIADO MUNICIPAL;09/07;REVOLUCAO CONSTITUCIONALISTA;20/11;FERIADO MUNICIPAL;30/11;FERIADO MUNICIPAL;00/00;;00/00;;00/00;;00/00;;00/00;;00/00;;5;N
SP;IGARACU DO TIETE;BIG;P;A;N;N;S;2;2;0;258;65;0;0;SAOI;;X;X;X;X;X; ;11/02;FERIADO MUNICIPAL;09/07;REVOLUCAO CONSTITUCIONALISTA;26/07;FERIADO MUNICIPAL;19/10;ANIVERSARIO DA CIDADE;00/00;;00/00;;00/00;;00/00;;00/00;;00/00;;5;N
SP;IGARAPAVA;LFN;P;A;N;N;S;3;0;0;458;46,8;0;10;SAOI;;X;X;X;X;X; ;22/05;ANIVERSARIO DA CIDADE;09/07;FERIADO MUNICIPAL;15/08;FERIADO MUNICIPAL;00/00;;00/00;;00/00;;00/00;;00/00;;00/00;;00/00;;5;N
SP;IGARATA;SPA;I;A;N;N;S;7;7;0;114;52;0;0;SAOI;; ;X; ; ; ; ;09/07;FERIADO MUNICIPAL;05/12;FERIADO MUNICIPAL;00/00;;00/00;;00/00;;00/00;;00/00;;00/00;;00/00;;00/00;;5;N
SP;IGUAPE;RSO;P;A;N;N;S;5;5;0;197;59,8;0;0;SAOI;; ; ; ;X; ; ;06/01;FERIADO MUNICIPAL;09/07;FERIADO MUNICIPAL;05/08;FERIADO MUNICIPAL;06/08;FERIADO MUNICIPAL;03/12;ANIVERSARIO DE IGUAPE;00/00;;00/00;;00/00;;00/00;;00/00;;5;N
SP;ILHA COMPRIDA;RSO;P;A;N;N;S;5;5;0;203;59,8;0;0;SAOI;;X;X;X;X;X; ;09/07;FERIADO MUNICIPAL;27/10;FERIADO MUNICIPAL;08/12;PADROEIRO DO MUNICIPIO;00/00;;00/00;;00/00;;00/00;;00/00;;00/00;;00/00;;5;N
SP;ILHA SOLTEIRA;NSL;I;A;N;N;S;5;5;0;669;104;0;0;SAOI;;X;X;X;X;X; ;09/07;REVOLUCAO CONSTITUCIONALISTA;04/10;FERIADO MUNICIPAL;15/10;ANIVERSARIO DA CIDADE;20/11;FERIADO MUNICIPAL;00/00;;00/00;;00/00;;00/00;;00/00;;00/00;;5;N
SP;ILHABELA;SPA;I;A;N;N;S;5;5;0;226;52;0;0;SAOI;; ;X; ; ; ; ;00/00;;00/00;;00/00;;00/00;;00/00;;00/00;;00/00;;00/00;;00/00;;00/00;;5;N
SP;INDAIATUBA;PSP;P;A;N;S;S;3;3;0;116;0;0;0;SPOR;;X;X;X;X;X; ;02/02;FERIADO MUNICIPAL;09/07;REVOLUCAO CONSTITUCIONALISTA;00/00;;00/00;;00/00;;00/00;;00/00;;00/00;;00/00;;00/00;;5;N
SP;INDIANA;RSO;P;A;N;N;S;3;3;0;525;33,8;0;0;SAOI;;X;X;X;X;X; ;17/03;FERIADO MUNICIPAL;09/07;REVOLUCAO CONSTITUCIONALISTA;07/10;FERIADO MUNICIPAL;00/00;;00/00;;00/00;;00/00;;00/00;;00/00;;00/00;;5;N
SP;INDIAPORA;NSL;R;A;N;N;S;5;5;0;608;104;0;0;SAOI;;X;X;X;X;X; ;12/05;EMANCIPACAO;24/06;FERIADO MUNICIPAL ;09/07;REVOLUCAO CONSTITUCIONALISTA;20/11;FERIADO MUNICIPAL;00/00;;00/00;;00/00;;00/00;;00/00;;00/00;;5;N
SP;INUBIA PAULISTA;RSO;P;A;N;N;S;4;4;0;552;0;0;0;SAOI;;X;X;X;X;X; ;09/07;REVOLUCAO CONSTITUCIONALISTA;22/08;EMANCIPACAO;08/12;FERIADO MUNICIPAL;00/00;;00/00;;00/00;;00/00;;00/00;;00/00;;00/00;;5;N
SP;IPAUSSU;RSO;I;A;N;N;S;5;5;0;333;0;0;0;SAOI;;X;X;X;X;X; ;09/07;REVOLUCAO;06/08;FERIADO MUNICIPAL;20/09;ANIVERSARIO DA CIDADE;20/11;FERIADO MUNICIPAL;00/00;;00/00;;00/00;;00/00;;00/00;;00/00;;5;N
SP;IPERO;SOD;P;A;N;N;S;2;2;0;98;0;0;0;SODP;;X;X;X;X;X; ;21/03;A;13/06;FERIADO MUNICIPAL;09/07;FERIADO MUNICIPAL;20/11;FERIADO MUNICIPAL;00/00;;00/00;;00/00;;00/00;;00/00;;00/00;;5;N
SP;IPEUNA;LFN;I;A;N;N;S;3;3;0;203;31,2;0;0;SAOI;;X;X;X;X;X; ;21/03;ANIVERSARIO DA CIDADE;09/07;REVOLUCAO CONSTITUCIONALISTA;20/11;DIA DA CONSCIENCIA NEGRA;08/12;FERIADO MUNICIPAL;00/00;;00/00;;00/00;;00/00;;00/00;;00/00;;5;N
SP;IPIGUA;NSL;P;A;N;N;S;4;4;0;469;0;0;0;SAOI;;X;X;X;X;X; ;00/00;;00/00;;00/00;;00/00;;00/00;;00/00;;00/00;;00/00;;00/00;;00/00;;5;N
SP;IPORANGA;RSO;I;A;N;N;S;2;2;0;360;608,4;0;0;SAOI;;X;X;X;X;X; ;12/01;ANIVERSARIO DA CIDADE;09/07;FERIADO MUNICIPAL ;26/07;FERIADO MUNICIPAL;20/11;FERIADO MUNICIPAL;31/12;FERIADO MUNICIPAL ;00/00;;00/00;;00/00;;00/00;;00/00;;5;N
SP;IPUA;LFN;P;A;N;N;S;2;2;0;425;0;0;10;SAOI;;X;X;X;X;X; ;26/03;EMANCIPACAO;09/07;FERIADO MUNICIPAL ;26/07;FERIADO MUNICIPAL;00/00;;00/00;;00/00;;00/00;;00/00;;00/00;;00/00;;5;N
SP;IRACEMAPOLIS;PSP;P;A;N;S;S;4;4;0;167;0;0;0;SAOI;;X;X;X;X;X; ;03/05;ANIVERSARIO DA CIDADE;09/07;FERIADO MUNICIPAL ;20/11;FERIADO MUNICIPAL;00/00;;00/00;;00/00;;00/00;;00/00;;00/00;;00/00;;5;N
SP;IRAPUA;NSL;P;A;N;N;S;4;4;0;444;0;0;0;SAOI;;X;X;X;X;X; ;09/07;FERIADO MUNICIPAL ;16/07;FERIADO MUNICIPAL ;01/11;FERIADO MUNICIPAL;30/11;EMANCIPACAO;00/00;;00/00;;00/00;;00/00;;00/00;;00/00;;5;N
SP;IRAPURU;RSO;P;A;N;N;S;4;4;0;604;33,8;0;0;SAOI;;X;X;X;X;X; ;03/01;FERIADO MUNICIPAL;06/05;EMANCIPACAO;09/07;REVOLUCAO CONSTITUCIONALISTA;20/11;FERIADO MUNICIPAL;00/00;;00/00;;00/00;;00/00;;00/00;;00/00;;5;N
SP;ITABERA;RSO;I;A;N;N;S;2;2;0;295;46,8;0;0;SAOI;; ; ;X; ; ; ;25/04;ANIVERSARIO DA CIDADE;09/07;REVOLUCAO;08/12;FERIADO MUNICIPAL;00/00;;00/00;;00/00;;00/00;;00/00;;00/00;;00/00;;5;N
SP;ITAI;RSO;R;A;N;N;S;3;3;0;279;0;0;0;SAOI;;X;X;X;X;X; ;13/06;ANIVERSARIO DA CIDADE;09/07;REVOLUCAO CONSTITUCIONALISTA;31/08;PADROEIRA;00/00;;00/00;;00/00;;00/00;;00/00;;00/00;;00/00;;5;N
SP;ITAJOBI;NSL;R;A;N;N;S;4;4;0;412;65;0;0;SAOI;;X;X;X;X;X; ;19/03;FERIADO MUNICIPAL;04/04;ANIVERSARIO DA CIDADE;09/07;FERIADO MUNICIPAL ;00/00;;00/00;;00/00;;00/00;;00/00;;00/00;;00/00;;5;N
SP;ITAJU;BIG;P;A;N;N;S;3;3;0;329;65;0;0;SAOI;;X;X;X;X;X; ;20/01;EMANCIPACAO;09/07;REVOLUCAO CONSTITUCIONALISTA;15/08;FERIADO MUNICIPAL ;00/00;;00/00;;00/00;;00/00;;00/00;;00/00;;00/00;;5;N
SP;ITANHAEM;SVP;I;A;N;N;S;4;4;0;144;0;0;0;SAOI;;X;X;X;X;X; ;22/04;ANIVERSARIO DA CIDADE;09/06;FERIADO MUNICIPAL;09/07;FERIADO MUNICIPAL;20/11;CONCIENCIA NEGRA;08/12;PADROEIRO DO MUNICIPIO;00/00;;00/00;;00/00;;00/00;;00/00;;5;N
SP;ITAOCA;RSO;I;A;N;N;S;5;5;0;318;75,4;0;0;SAOI;;X;X;X;X;X; ;00/00;;00/00;;00/00;;00/00;;00/00;;00/00;;00/00;;00/00;;00/00;;00/00;;5;N
SP;ITAPECERICA DA SERRA;SPO;I;A;N;S;S;2;2;0;64;90;0;0;SPOI;;X;X;X;X;X; ;08/05;ANIVERSARIO;09/07;REVOLUCAO CONSTITUCIONALISTA;20/11;CONSCIENCIA NEGRA;00/00;;00/00;;00/00;;00/00;;00/00;;00/00;;00/00;;5;N
SP;ITAPETININGA;RSO;P;A;N;N;S;2;2;0;143;0;0;0;SAOI;;X;X;X;X;X; ;09/07;FERIADO MUNICIPAL ;05/11;ANIVERSARIO DA CIDADE;00/00;;00/00;;00/00;;00/00;;00/00;;00/00;;00/00;;00/00;;5;N
SP;ITAPEVA;RSO;P;A;N;N;S;2;2;0;261;0;0;0;SAOI;;X;X;X;X;X; ;09/07;REVOLUCAO CONSTITUCIONALISTA;26/07;PADROEIRA;20/09;ANIVERSARIO DA CIDADE;00/00;;00/00;;00/00;;00/00;;00/00;;00/00;;00/00;;5;N
SP;ITAPEVI;SPO;R;A;N;S;S;2;2;0;53;0;0;0;SPOR;;X;X;X;X;X; ;18/02;ANIVERSARIO DA CID*;09/07;REVOLUCAO CONSTITUCIONALISTA;28/10;FERIADO MUNICIPAL;20/11;CONSCIENCIA NEGRA;00/00;;00/00;;00/00;;00/00;;00/00;;00/00;;5;N
SP;ITAPIRA;RSO;I;A;N;N;S;5;5;0;160;0;0;0;SAOI;;X;X;X;X;X; ;13/05;FERIADO MUNICIPAL;09/07;FERIADO MUNICIPAL ;08/09;FERIADO MUNICIPAL;24/10;ANIVERSARIO DA CIDADE;00/00;;00/00;;00/00;;00/00;;00/00;;00/00;;5;N
SP;ITAPIRAPUA PAULISTA;RSO;I;A;N;N;S;5;5;0;353;75,4;0;0;SAOI;;X;X;X;X;X; ;00/00;;00/00;;00/00;;00/00;;00/00;;00/00;;00/00;;00/00;;00/00;;00/00;;5;N
SP;ITAPOLIS;NSL;I;A;N;N;S;4;4;0;371;0;0;0;SAOI;;X;X;X;X;X; ;09/07;REVOLUCAO CONSTITUCIONALISTA;15/08;PADROEIRA DO MUNICIPIO;20/10;ANIVERSARIO DA CIDADE;00/00;;00/00;;00/00;;00/00;;00/00;;00/00;;00/00;;5;N
SP;ITAPORANGA;RSO;I;A;N;N;S;5;5;0;337;33,8;0;0;SAOI;;X;X;X;X;X; ;06/03;ANIVERSARIO DA CIDADE;24/06;FERIADO MUNICIPAL;09/07;FERIADO MUNICIPAL ;21/08;FERIADO MUNICIPAL;00/00;;00/00;;00/00;;00/00;;00/00;;00/00;;5;N
SP;ITAPUI;BIG;P;A;N;S;S;2;2;0;303;65;0;0;SAOI;;X;X;X;X;X; ;13/06;FERIADO MUNICIPAL ;09/07;REVOLUCAO CONSTITUCIONALISTA;11/09;EMANCIPACAO;20/11;FERIADO MUNICIPAL;00/00;;00/00;;00/00;;00/00;;00/00;;00/00;;5;N
SP;ITAPURA;RSO;P;A;N;N;S;5;5;0;649;33,8;0;0;SAOI;;X;X;X;X;X; ;21/03;.;09/07;REVOLUCAO CONSTITUCIONALISTA;08/12;FERIADO MUNICIPAL;00/00;;00/00;;00/00;;00/00;;00/00;;00/00;;00/00;;5;N
SP;ITAQUAQUECETUBA;SPO;P;A;N;S;S;1;1;0;28;0;0;0;SPOP;;X;X;X;X;X; ;09/07;FERIADO MUNICIPAL;08/09;ANIVERSARIO DA CIDADE;20/11;FERIADO MUNICIPAL;00/00;;00/00;;00/00;;00/00;;00/00;;00/00;;00/00;;5;N
SP;ITARARE;RSO;I;A;N;N;S;4;4;0;316;0;0;0;SAOI;;X;X;X;X;X; ;29/06;FERIADO MUNICIPAL;09/07;REVOLUCAO CONSTITUCIONALISTA;28/08;ANIVERSARIO DA CIDADE;20/11;CONSCIENCIA NEGRA;08/12;FERIADO MUNICIPAL;00/00;;00/00;;00/00;;00/00;;00/00;;5;N
SP;ITARIRI;RSO;P;A;N;N;S;5;5;0;146;59,8;0;0;SAOI;;X;X;X;X;X; ;09/04;ANIVERSARIO DA CIDADE;05/05;FERIADO MUNICIPAL;09/07;FERIADO MUNICIPAL;08/09;FERIADO MUNICIPAL;20/11;FERIADO MUNICIPAL;00/00;;00/00;;00/00;;00/00;;00/00;;5;N
SP;ITATIBA;PSP;R;A;N;S;S;4;4;0;83;117;0;0;SPOR;;X;X;X;X;X; ;08/09;FERIADO MUNICIPAL;00/00;;00/00;;00/00;;00/00;;00/00;;00/00;;00/00;;00/00;;00/00;;5;N
SP;ITATINGA;BIG;R;A;N;N;S;3;3;0;240;0;0;0;SAOI;;X;X;X;X;X; ;24/06;ANIVERSARIO DA CIDADE;09/07;FERIADO MUNICIPAL;24/07;ANIVERSARIO DA CIDADE;00/00;;00/00;;00/00;;00/00;;00/00;;00/00;;00/00;;5;N
SP;ITIRAPINA;LFN;I;A;N;N;S;4;4;0;224;46,8;0;0;SAOI;;X;X;X;X;X; ;25/03;ANIVERSARIO DA CIDADE;13/06;FERIADO MUNICIPAL;09/07;REVOLUCAO CONSTITUCIONALISTA;20/11;DIA DA CONSCIENCIA NEGRA;00/00;;00/00;;00/00;;00/00;;00/00;;00/00;;5;N
SP;ITIRAPUA;LFN;P;A;N;N;S;3;3;0;390;117;0;10;SAOI;;X;X;X;X;X; ;27/03;FERIADO MUNICIPAL;09/07;FERIADO MUNICIPAL ;20/11;FERIADO MUNICIPAL ;00/00;;00/00;;00/00;;00/00;;00/00;;00/00;;00/00;;5;N
SP;ITOBI;RSO;P;A;N;S;S;3;5;0;232;59,8;0;0;SAOI;;X;X;X;X;X; ;09/07;REVOLUCAO CONSTITUCIONALISTA;27/08;EMANCIPACAO;15/09;FERIADO MUNICIPAL;01/11;FERIADO MUNICIPAL;00/00;;00/00;;00/00;;00/00;;00/00;;00/00;;5;N
SP;ITU;SOD;P;A;N;S;S;3;3;0;112;0;0;0;SODP;;X;X;X;X;X; ;02/02;ANIVERSARIO DA CIDADE;09/07;REVOLUCAO CONSTITUCIONALISTA;20/11;CONSCIENCIA NEGRA;00/00;;00/00;;00/00;;00/00;;00/00;;00/00;;00/00;;5;N
SP;ITUPEVA;PSP;P;A;N;S;S;2;2;0;85;0;0;0;SPOR;;X;X;X;X;X; ;20/01;EMANCIPACAO;09/07;FERIADO MUNICIPAL;20/11;FERIADO MUNICIPAL;00/00;;00/00;;00/00;;00/00;;00/00;;00/00;;00/00;;5;N
SP;ITUVERAVA;LFN;P;A;N;N;S;3;3;0;425;0;0;10;SAOI;;X;X;X;X;X; ;10/03;ANIVERSARIO DA CIDADE;09/07;FERIADO MUNICIPAL;16/07;FERIADO MUNICIPAL;00/00;;00/00;;00/00;;00/00;;00/00;;00/00;;00/00;;5;N
SP;JABORANDI;LFN;P;A;N;N;S;3;3;0;429;15,6;0;10;SAOI;;X;X;X;X;X; ;18/03;ANIVERSARIO DA CIDADE;09/07;FERIADO MUNICIPAL ;29/09;FERIADO MUNICIPAL;20/11;FERIADO MUNICIPAL ;00/00;;00/00;;00/00;;00/00;;00/00;;00/00;;5;N
SP;JABOTICABAL;LFN;P;A;N;S;S;3;3;0;353;0;0;10;SAOI;;X;X;X;X;X; ;09/07;FERIADO MUNICIPAL;16/07;ANIVERSARIO DA CIDADE;00/00;;00/00;;00/00;;00/00;;00/00;;00/00;;00/00;;00/00;;5;N
SP;JACAREI;SJK;P;A;N;S;S;2;2;0;105;0;0;0;SAOI;;X;X;X;X;X; ;03/04;ANIVERSARIO DA CIDADE;09/07;REVOLUCAO CONSTITUCIONALISTA;08/12;FERIADO MUNICIPAL;00/00;;00/00;;00/00;;00/00;;00/00;;00/00;;00/00;;5;N
SP;JACI;NSL;P;A;N;N;S;4;4;0;477;0;0;0;SAOI;;X;X;X;X;X; ;04/04;ANIVERSARIO DA CIDADE;09/07;FERIADO MUNICIPAL ;25/09;FERIADO MUNICIPAL;00/00;;00/00;;00/00;;00/00;;00/00;;00/00;;00/00;;5;N
SP;JACUPIRANGA;RSO;P;A;N;N;S;3;3;0;213;59,8;0;0;SAOI;;X;X;X;X;X; ;23/06;ANIVERSARIO DA CIDADE;29/06;FERIADO MUNICIPAL;09/07;FERIADO MUNICIPAL ;08/12;FERIADO MUNICIPAL;00/00;;00/00;;00/00;;00/00;;00/00;;00/00;;5;N
SP;JAGUARIUNA;PSP;R;A;N;S;S;4;4;0;132;0;0;0;SAOP;;X;X;X;X;X; ;09/07;REVOLUCAO CONSTITUCIONALISTA;12/09;ANIVERSARIO DA CIDADE;20/11;CONSCIENCIA NEGRA;00/00;;00/00;;00/00;;00/00;;00/00;;00/00;;00/00;;5;N
SP;JALES;NSL;R;A;N;N;S;5;5;0;595;104;0;0;SAOI;;X;X;X;X;X; ;15/04;ANIVERSARIO DA CIDADE;09/07;FERIADO MUNICIPAL;15/08;FERIADO MUNICIPAL;00/00;;00/00;;00/00;;00/00;;00/00;;00/00;;00/00;;5;N
SP;JAMBEIRO;SPA;I;A;N;N;S;3;3;0;144;0;0;0;SAOI;; ;X; ;X; ; ;30/03;ANIVERSARIO DA CIDADE;09/07;FERIADO MUNICIPAL;15/09;FERIADO MUNICIPAL;00/00;;00/00;;00/00;;00/00;;00/00;;00/00;;00/00;;5;N
SP;JANDIRA;SPO;P;A;N;N;S;1;1;0;5;0;0;0;SPOR;;X;X;X;X;X; ;09/07;REVOLUCAO CONSTITUCIONALISTA;20/11;CONSCIENCIA NEGRA;08/12;ANIVERSARIO DA CIDADE;00/00;;00/00;;00/00;;00/00;;00/00;;00/00;;00/00;;5;N
SP;JARDINOPOLIS;LFN;P;A;N;N;S;3;3;0;345;46,8;0;10;SAOI;;X;X;X;X;X; ;29/06;FERIADO MUNICIPAL;09/07;FERIADO MUNICIPAL;27/07;ANIVERSARIO DA CIDADE;06/08;FERIADO MUNICIPAL;00/00;;00/00;;00/00;;00/00;;00/00;;00/00;;5;N
SP;JARINU;SPO;R;A;N;S;S;4;4;0;74;65;0;0;SAOR;;X;X;X;X;X; ;17/04;ANIVERSARIO DA CIDADE;09/07;REVOLUCAO CONSTITUCIONALISTA;16/07;FERIADO MUNICIPAL;20/11;CONSCIENCIA NEGRA;00/00;;00/00;;00/00;;00/00;;00/00;;00/00;;5;N
SP;JAU;BIG;P;A;N;N;S;2;2;0;282;0;0;0;SAOI;;X;X;X;X;X; ;09/07;FERIADO MUNICIPAL;15/08;ANIVERSARIO DA CIDADE;20/11;CONSCIENCIA NEGRA;00/00;;00/00;;00/00;;00/00;;00/00;;00/00;;00/00;;5;N
SP;JERIQUARA;LFN;P;A;N;N;S;3;3;0;451;136,5;0;10;SAOI;;X;X;X;X;X; ;20/01;FERIADO MUNICIPAL;07/04;EMANCIPACAO;09/07;FERIADO MUNICIPAL ;20/11;FERIADO MUNICIPAL ;00/00;;00/00;;00/00;;00/00;;00/00;;00/00;;5;N
SP;JOANOPOLIS;LFN;P;A;N;N;S;3;3;0;138;46,8;0;10;SAOI;;X;X;X;X;X; ;24/06;ANIVERSARIO DA CIDADE;09/07;REVOLUCAO CONSTITUCIONALISTA;17/08;FERIADO MUNICIPAL;00/00;;00/00;;00/00;;00/00;;00/00;;00/00;;00/00;;5;N
SP;JOAO RAMALHO;RSO;P;A;N;N;S;4;4;0;466;59,8;0;0;SAOI;;X;X;X;X;X; ;19/03;EMANCIPACAO;24/06;FERIADO MUNICIPAL;09/07;FERIADO MUNICIPAL ;20/11;FERIADO MUNICIPAL ;00/00;;00/00;;00/00;;00/00;;00/00;;00/00;;5;N
SP;JOSE BONIFACIO;NSL;R;A;N;N;S;4;4;0;478;0;0;0;SAOI;;X;X;X;X;X; ;24/06;ANIVERSARIO DA CIDADE;09/07;FERIADO MUNICIPAL;15/09;FERIADO MUNICIPAL;00/00;;00/00;;00/00;;00/00;;00/00;;00/00;;00/00;;5;N
SP;JULIO MESQUITA;RSO;I;A;N;N;S;5;5;0;403;59,8;0;0;SAOI;;X;X;X;X;X; ;21/02;FERIADO MUNICIPAL;09/07;FERIADO MUNICIPAL ;20/11;FERIADO MUNICIPAL;00/00;;00/00;;00/00;;00/00;;00/00;;00/00;;00/00;;5;N
SP;JUMIRIM;BIG;R;A;N;N;S;3;3;0;123;0;0;0;SAOI;;X;X;X;X;X; ;21/05;ANIVERSARIO DA CIDADE;09/07;FERIADO MUNICIPAL ;06/08;FERIADO MUNICIPAL;00/00;;00/00;;00/00;;00/00;;00/00;;00/00;;00/00;;5;N
SP;JUNDIAI;PSP;P;A;N;S;S;3;3;0;69;0;0;0;SPOP;;X;X;X;X;X; ;09/07;REVOLUCAO CONSTITUCIONALISTA;15/08;FERIADO MUNICIPAL;20/11;CONSCIENCIA NEGRA;00/00;;00/00;;00/00;;00/00;;00/00;;00/00;;00/00;;5;N
SP;JUNQUEIROPOLIS;RSO;P;A;N;N;S;2;2;0;610;0;0;0;SAOI;;X;X;X;X;X; ;13/06;EMANCIPACAO;09/07;REVOLUCAO CONSTITUCIONALISTA;00/00;;00/00;;00/00;;00/00;;00/00;;00/00;;00/00;;00/00;;5;N
SP;JUQUIA;RSO;P;A;N;N;S;5;5;0;154;59,8;0;0;SAOI;;X;X;X;X;X; ;10/04;ANIVERSARIO DA CIDADE;13/06;FERIADO MUNICIPAL;09/07;FERIADO MUNICIPAL ;00/00;;00/00;;00/00;;00/00;;00/00;;00/00;;00/00;;5;N
SP;JUQUITIBA;RSO;P;A;N;N;S;2;2;0;69;63,7;0;0;SAOI;;X;X;X;X;X; ;28/03;ANIVERSARIO DA CIDADE;09/07;FERIADO MUNICIPAL;15/09;FERIADO MUNICIPAL;20/11;CONSCIENCIA NEGRA;00/00;;00/00;;00/00;;00/00;;00/00;;00/00;;5;N
SP;LAGOINHA;SPA;I;A;N;N;S;5;5;0;216;0;0;0;SAOI;; ;X; ;X; ; ;09/07;FERIADO MUNICIPAL;08/12;FERIADO MUNICIPAL;23/12;ANIVERSARIO DA CIDADE;00/00;;00/00;;00/00;;00/00;;00/00;;00/00;;00/00;;5;N
SP;LARANJAL PAULISTA;BIG;R;A;N;N;S;3;3;0;131;0;0;0;SAOI;;X;X;X;X;X; ;24/06;FERIADO MUNICIPAL;09/07;FERIADO MUNICIPAL ;10/10;ANIVERSARIO DA CIDADE;00/00;;00/00;;00/00;;00/00;;00/00;;00/00;;00/00;;5;N
SP;LAVINIA;RSO;P;A;N;N;S;4;4;0;558;33,8;0;0;SAOI;;X;X;X;X;X; ;09/07;FERIADO MUNICIPAL ;08/12;FERIADO MUNICIPAL;00/00;;00/00;;00/00;;00/00;;00/00;;00/00;;00/00;;00/00;;5;N
SP;LAVRINHAS;SPA;I;A;N;N;S;3;3;0;255;0;0;0;SAOI;; ; ; ;X; ; ;20/01;FERIADO MUNICIPAL;27/06;ANIVERSARIO DA CIDADE;09/07;FERIADO MUNICIPAL;00/00;;00/00;;00/00;;00/00;;00/00;;00/00;;00/00;;5;N
SP;LEME;BIG;R;A;N;N;S;3;3;0;201;0;0;0;SAOI;;X;X;X;X;X; ;17/06;FERIADO MUNICIPAL;09/07;FERIADO MUNICIPAL;29/08;ANIVERSARIO DA CIDADE;20/11;CONSCIENCIA NEGRA;00/00;;00/00;;00/00;;00/00;;00/00;;00/00;;5;N
SP;LENCOIS PAULISTA;BIG;P;A;N;N;S;2;2;0;257;0;0;0;SAOI;;X;X;X;X;X; ;28/04;ANIVERSARIO DA CIDADE;09/07;FERIADO MUNICIPAL ;15/09;FERIADO MUNICIPAL;00/00;;00/00;;00/00;;00/00;;00/00;;00/00;;00/00;;5;N
SP;LIMEIRA;PSP;R;A;N;S;S;3;3;0;159;0;0;0;SAOP;;X;X;X;X;X; ;09/07;FERIADO MUNICIPAL;15/09;ANIVERSARIO DA CIDADE;20/11;CONSCIENCIA NEGRA;00/00;;00/00;;00/00;;00/00;;00/00;;00/00;;00/00;;5;N
SP;LINDOIA;BIG;R;A;N;N;S;4;4;0;183;0;0;0;SAOI;;X;X;X;X;X; ;21/03;ANIVERSARIO DA CIDADE;09/07;FERIADO MUNICIPAL ;08/09;FERIADO MUNICIPAL;20/11;FERIADO MUNICIPAL ;00/00;;00/00;;00/00;;00/00;;00/00;;00/00;;5;N
SP;LINS;RSO;P;A;N;N;S;4;4;0;403;0;0;0;SAOI;;X;X;X;X;X; ;13/06;FERIADO MUNICIPAL;09/07;FERIADO MUNICIPAL;00/00;;00/00;;00/00;;00/00;;00/00;;00/00;;00/00;;00/00;;5;N
SP;LORENA;SJK;P;A;N;S;S;2;2;0;223;0;0;0;SAOI;;X; ;X; ;X; ;09/07;FERIADO MUNICIPAL;15/08;FERIADO MUNICIPAL;14/11;ANIVERSARIO DA CIDADE;00/00;;00/00;;00/00;;00/00;;00/00;;00/00;;00/00;;5;N
SP;LOURDES;RSO;P;A;N;N;S;5;5;0;525;59,8;0;0;SAOI;;X;X;X;X;X; ;00/00;;00/00;;00/00;;00/00;;00/00;;00/00;;00/00;;00/00;;00/00;;00/00;;5;N
SP;LOUVEIRA;PSP;P;A;N;S;S;2;2;0;83;0;0;0;SPOR;;X;X;X;X;X; ;20/01;FERIADO MUNICIPAL;21/03;ANIVERSARIO;09/07;FERIADO MUNICIPAL;20/11;FERIADO MUNICIPAL;00/00;;00/00;;00/00;;00/00;;00/00;;00/00;;5;N
SP;LUCELIA;RSO;P;A;N;N;S;4;4;0;559;0;0;0;SAOI;;X;X;X;X;X; ;24/06;EMANCIPACAO;09/07;REVOLUCAO CONSTITUCIONALISTA;08/12;FERIADO MUNICIPAL ;00/00;;00/00;;00/00;;00/00;;00/00;;00/00;;00/00;;5;N
SP;LUCIANOPOLIS;RSO;I;A;N;N;S;5;5;0;351;59,8;0;0;SAOI;;X;X;X;X;X; ;29/06;EMANCIPACAO;09/07;FERIADO MUNICIPAL ;00/00;;00/00;;00/00;;00/00;;00/00;;00/00;;00/00;;00/00;;5;N
SP;LUIS ANTONIO;LFN;P;A;N;N;S;2;2;0;289;0;0;10;SAOI;;X;X;X;X;X; ;09/07;REVOLUCAO CONSTITUCIONALISTA;20/11;FERIADO MUNICIPAL;13/12;ANIVERSARIO DA CIDADE;00/00;;00/00;;00/00;;00/00;;00/00;;00/00;;00/00;;5;N
SP;LUIZIANIA;RSO;P;A;N;N;S;5;5;0;481;59,8;0;0;SAOI;;X;X;X;X;X; ;00/00;;00/00;;00/00;;00/00;;00/00;;00/00;;00/00;;00/00;;00/00;;00/00;;5;N
SP;LUPERCIO;RSO;I;A;N;N;S;5;5;0;406;59,8;0;0;SAOI;;X;X;X;X;X; ;09/07;FERIADO MUNICIPAL ;31/07;FERIADO MUNICIPAL;20/11;FERIADO MUNICIPAL ;30/12;ANIVERSARIO DA CIDADE;00/00;;00/00;;00/00;;00/00;;00/00;;00/00;;5;N
SP;LUTECIA;RSO;P;A;N;N;S;3;3;0;441;59,8;0;0;SAOI;;X;X;X;X;X; ;09/07;FERIADO MUNICIPAL ;08/12;FERIADO MUNICIPAL ;00/00;;00/00;;00/00;;00/00;;00/00;;00/00;;00/00;;00/00;;5;N
SP;MACATUBA;BIG;P;A;N;N;S;2;2;0;272;0;0;0;SAOI;;X;X;X;X;X; ;13/06;ANIVERSARIO DA CIDADE;09/07;FERIADO MUNICIPAL ;00/00;;00/00;;00/00;;00/00;;00/00;;00/00;;00/00;;00/00;;5;N
SP;MACAUBAL;NSL;R;A;N;N;S;5;5;0;521;104;0;0;SAOI;;X;X;X;X;X; ;02/04;FERIADO MUNICIPAL;02/05;EMANCIPACAO;09/07;REVOLUCAO CONSTITUCIONALISTA;08/12;FERIADO MUNICIPAL ;00/00;;00/00;;00/00;;00/00;;00/00;;00/00;;5;N
SP;MACEDONIA;NSL;R;A;N;N;S;5;5;0;578;104;0;0;SAOI;;X;X;X;X;X; ;13/06;FERIADO MUNICIPAL ;09/07;REVOLUCAO CONSTITUCIONALISTA;27/10;ANIVERSARIO DA CIDADE;00/00;;00/00;;00/00;;00/00;;00/00;;00/00;;00/00;;5;N
SP;MAGDA;RSO;P;A;N;N;S;5;5;0;541;59,8;0;0;SAOI;;X;X;X;X;X; ;25/03;FERIADO MUNICIPAL;09/07;REVOLUCAO CONSTITUCIONALISTA;08/12;FERIADO MUNICIPAL;00/00;;00/00;;00/00;;00/00;;00/00;;00/00;;00/00;;5;N
SP;MAIRINQUE;BIG;R;A;N;N;S;3;3;0;45;0;0;0;SAOI;;X;X;X;X;X; ;19/03;DIA DO PADROEIRO;09/07;FERIADO MUNICIPAL ;27/10;ANIVERSARIO DA CIDADE;20/11;DIA DA CONSCIENCIA NEGRA;00/00;;00/00;;00/00;;00/00;;00/00;;00/00;;5;N
SP;MAIRIPORA;SPO;R;A;N;S;S;2;2;0;23;65;0;0;SAOR;;X;X;X;X;X; ;27/03;ANIVERSARIO DA CIDADE;09/07;FERIADO MUNICIPAL ;15/09;FERIADO MUNICIPAL;00/00;;00/00;;00/00;;00/00;;00/00;;00/00;;00/00;;5;N
SP;MANDURI;RSO;R;A;N;N;S;3;3;0;287;0;0;0;SAOI;;X;X;X;X;X; ;13/06;FERIADO MUNICIPAL;09/07;REVOLUCAO;20/11;FERIADO MUNICIPAL;30/11;ANIVERSARIO DA CIDADE;00/00;;00/00;;00/00;;00/00;;00/00;;00/00;;5;N
SP;MARABA PAULISTA;RSO;P;A;N;N;S;2;2;0;610;59,8;0;0;SAOI;;X;X;X;X;X; ;13/06;FERIADO MUNICIPAL ;09/07;REVOLUCAO CONSTITUCIONALISTA;11/09;EMANCIPACAO;00/00;;00/00;;00/00;;00/00;;00/00;;00/00;;00/00;;5;N
SP;MARACAI;RSO;P;A;N;N;S;4;4;0;433;59,8;0;0;SAOI;;X;X;X;X;X; ;04/05;FERIADO MUNICIPAL ;09/07;FERIADO MUNICIPAL ;15/08;FERIADO MUNICIPAL ;00/00;;00/00;;00/00;;00/00;;00/00;;00/00;;00/00;;5;N
SP;MARAPOAMA;NSL;R;A;N;S;S;4;4;0;422;65;0;0;SAOI;;X;X;X;X;X; ;08/06;FERIADO MUNICIPAL;09/07;FERIADO MUNICIPAL ;27/10;EMANCIPACAO;20/11;FERIADO MUNICIPAL;00/00;;00/00;;00/00;;00/00;;00/00;;00/00;;5;N
SP;MARIAPOLIS;RSO;P;A;N;N;S;4;4;0;583;59,8;0;0;SAOI;;X;X;X;X;X; ;29/06;FERIADO MUNICIPAL ;09/07;REVOLUCAO CONSTITUCIONALISTA;08/12;FERIADO MUNICIPAL;00/00;;00/00;;00/00;;00/00;;00/00;;00/00;;00/00;;5;N
SP;MARILIA;NSL;P;A;N;S;S;5;5;0;408;104;0;0;RSOP;;X;X;X;X;X; ;04/04;ANIVERSARIO DA CIDADE;09/07;FERIADO MUNICIPAL ;08/12;FERIADO MUNICIPAL;00/00;;00/00;;00/00;;00/00;;00/00;;00/00;;00/00;;5;N
SP;MARINOPOLIS;RSO;P;A;N;N;S;5;5;0;634;33,8;0;0;SAOI;;X;X;X;X;X; ;00/00;;00/00;;00/00;;00/00;;00/00;;00/00;;00/00;;00/00;;00/00;;00/00;;5;N
SP;MARTINOPOLIS;RSO;P;A;N;N;S;3;3;0;511;33,8;0;0;SAOI;;X;X;X;X;X; ;13/06;EMANCIPACAO;29/06;FERIADO MUNICIPAL;09/07;FERIADO MUNICIPAL ;02/12;FERIADO MUNICIPAL ;00/00;;00/00;;00/00;;00/00;;00/00;;00/00;;5;N
SP;MATAO;LFN;P;A;N;N;S;2;2;0;315;0;0;10;SAOI;;X;X;X;X;X; ;09/07;FERIADO MUNICIPAL;06/08;FERIADO MUNICIPAL;27/08;ANIVERSARIO DA CIDADE;00/00;;00/00;;00/00;;00/00;;00/00;;00/00;;00/00;;5;N
SP;MAUA;SPO;P;A;N;S;S;1;1;0;36;0;0;0;SPOP;;X;X;X;X;X; ;09/07;REVOLUCAO CONSTITUCIONALISTA;08/12;ANIVERSARIO;00/00;;00/00;;00/00;;00/00;;00/00;;00/00;;00/00;;00/00;;5;N
SP;MENDONCA;NSL;R;A;N;N;S;4;4;0;464;0;0;0;SAOI;;X;X;X;X;X; ;09/07;FERIADO MUNICIPAL ;17/08;FERIADO MUNICIPAL;01/11;FERIADO MUNICIPAL;08/12;ANIVERSARIO DA CIDADE;00/00;;00/00;;00/00;;00/00;;00/00;;00/00;;5;N
SP;MERIDIANO;RSO;P;A;N;N;S;2;2;0;555;59,8;0;0;SAOI;;X;X;X;X;X; ;19/03;ANIVERSARIO DA CIDADE;09/07;REVOLUCAO CONSTITUCIONALISTA;00/00;;00/00;;00/00;;00/00;;00/00;;00/00;;00/00;;00/00;;5;N
SP;MESOPOLIS;RSO;P;A;N;N;S;3;3;0;635;59,8;0;0;SAOI;;X;X;X;X;X; ;00/00;;00/00;;00/00;;00/00;;00/00;;00/00;;00/00;;00/00;;00/00;;00/00;;5;N
SP;MIGUELOPOLIS;LFN;P;A;N;S;S;3;3;0;455;0;0;10;SAOI;;X;X;X;X;X; ;14/01;EMANCIPACAO;08/03;FERIADO MUNICIPAL;09/07;REVOLUCAO CONSTITUCIONALISTA;29/09;FERIADO MUNICIPAL;20/11;FERIADO MUNICIPAL;00/00;;00/00;;00/00;;00/00;;00/00;;5;N
SP;MINEIROS DO TIETE;BIG;P;A;N;N;S;2;2;0;276;65;0;0;SAOI;;X;X;X;X;X; ;09/07;REVOLUCAO CONSTITUCIONALISTA;06/08;FERIADO MUNICIPAL ;29/08;ANIVERSARIO DA CIDADE;00/00;;00/00;;00/00;;00/00;;00/00;;00/00;;00/00;;5;N
SP;MIRA ESTRELA;RSO;P;A;N;N;S;3;3;0;598;59,8;0;0;SAOI;;X;X;X;X;X; ;21/03;ANIVERSARIO DA CIDADE;09/07;FERIADO MUNICIPAL;06/08;FERIADO MUNICIPAL;01/11;FERIADO MUNICIPAL;00/00;;00/00;;00/00;;00/00;;00/00;;00/00;;5;N
SP;MIRACATU;RSO;P;A;N;N;S;5;5;0;133;59,8;0;0;SAOI;;X;X;X;X;X; ;09/07;FERIADO MUNICIPAL ;15/09;FERIADO MUNICIPAL;30/11;CIDADE;00/00;;00/00;;00/00;;00/00;;00/00;;00/00;;00/00;;5;N
SP;MIRANDOPOLIS;RSO;P;A;N;N;S;3;3;0;566;33,8;0;0;SAOI;;X;X;X;X;X; ;24/06;EMANCIPACAO;09/07;FERIADO MUNICIPAL ;00/00;;00/00;;00/00;;00/00;;00/00;;00/00;;00/00;;00/00;;5;N
SP;MIRANTE DO PARANAPANEMA;RSO;P;A;N;N;S;5;5;0;582;59,8;0;0;SAOI;;X;X;X;X;X; ;09/07;REVOLUCAO CONSTITUCIONALISTA;29/11;ANIVERSARIO DA CIDADE;00/00;;00/00;;00/00;;00/00;;00/00;;00/00;;00/00;;00/00;;5;N
SP;MIRASSOL;NSL;P;A;N;N;S;3;3;0;465;0;0;0;SAOI;;X;X;X;X;X; ;29/06;FERIADO MUNICIPAL;09/07;FERIADO MUNICIPAL ;08/09;ANIVERSARIO DA CIDADE;00/00;;00/00;;00/00;;00/00;;00/00;;00/00;;00/00;;5;N
SP;MIRASSOLANDIA;NSL;R;A;N;N;S;4;4;0;478;65;0;0;SAOI;;X;X;X;X;X; ;13/06;ANIVERSARIO DA CIDADE;09/07;FERIADO MUNICIPAL 3;20/11;FERIADO MUNICIPAL;08/12;FERIADO MUNICIPAL ;13/12;FERIADO MUNICIPAL ;00/00;;00/00;;00/00;;00/00;;00/00;;5;N
SP;MOCOCA;LFN;I;A;N;N;S;2;2;0;258;0;0;0;SAOI;;X;X;X;X;X; ;06/01;FERIADO MUNICIPAL;20/01;FERIADO MUNICIPAL;05/04;EMANCIPACAO;09/07;FERIADO MUNICIPAL;20/11;CONSCIENCIA NEGRA;00/00;;00/00;;00/00;;00/00;;00/00;;5;N
SP;MOGI DAS CRUZES;SPO;R;A;N;S;S;2;2;0;47;0;0;0;SPOR;;X;X;X;X;X; ;09/07;REVOLUCAO CONSTITUCIONALISTA;26/07;FERIADO MUNICIPAL;01/09;.;00/00;;00/00;;00/00;;00/00;;00/00;;00/00;;00/00;;5;N
SP;MOGI GUACU;PSP;P;A;N;S;S;4;4;0;158;0;0;0;SAOI;;X;X;X;X;X; ;00/00;;00/00;;00/00;;00/00;;00/00;;00/00;;00/00;;00/00;;00/00;;00/00;;5;N
SP;MOGI MIRIM;PSP;P;A;N;S;S;4;4;0;149;0;0;0;SAOI;;X;X;X;X;X; ;19/03;FERIADO MUNICIPAL;09/07;FERIADO MUNICIPAL;22/10;FERIADO MUNICIPAL;00/00;;00/00;;00/00;;00/00;;00/00;;00/00;;00/00;;5;N
SP;MOMBUCA;BIG;R;A;N;N;S;2;2;0;122;0;0;0;SAOI;;X;X;X;X;X; ;21/03;ANIVERSARIO DA CIDADE;29/06;FERIADO MUNICIPAL;09/07;FERIADO MUNICIPAL ;01/11;PADROEIRO DO MUNICIPIO;20/11;FERIADO MUNICIPAL;00/00;;00/00;;00/00;;00/00;;00/00;;5;N
SP;MONCOES;RSO;P;A;N;N;S;5;5;0;25;59,8;0;0;SAOI;;X;X;X;X;X; ;21/03;EMANCIPACAO;09/07;REVOLUCAO CONSTITUCIONALISTA;15/08;FERIADO MUNICIPAL;27/11;FERIADO MUNICIPAL ;08/12;FERIADO MUNICIPAL;00/00;;00/00;;00/00;;00/00;;00/00;;5;N
SP;MONGAGUA;SVP;I;A;N;N;S;4;4;0;129;0;0;0;SAOI;;X;X;X;X;X; ;09/07;FERIADO MUNICIPAL;20/11;CONCIENCIA NEGRA;07/12;ANIVERSARIO DA CIDADE;00/00;;00/00;;00/00;;00/00;;00/00;;00/00;;00/00;;5;N
SP;MONTE ALEGRE DO SUL;BIG;R;A;N;N;S;4;4;0;138;78;0;0;SAOI;;X;X;X;X;X; ;09/07;PADROEIRO DO MUNICIPIO;06/08;ANIVERSARIO DA CIDADE;20/11;FERIADO MUNICIPAL ;24/12;FERIADO MUNICIPAL;00/00;;00/00;;00/00;;00/00;;00/00;;00/00;;5;N
SP;MONTE ALTO;LFN;P;A;N;N;S;3;3;0;367;46,8;0;10;SAOI;;X;X;X;X;X; ;15/05;ANIVERSARIO DA CIDADE;09/07;REVOLUCAO CONSTITUCIONALISTA;06/08;FERIADO MUNICIPAL ;00/00;;00/00;;00/00;;00/00;;00/00;;00/00;;00/00;;5;N
SP;MONTE APRAZIVEL;NSL;P;A;N;N;S;4;4;0;485;0;0;0;SAOI;;X;X;X;X;X; ;10/03;ANIVERSARIO DA CIDADE;09/07;FERIADO MUNICIPAL ;06/08;FERIADO MUNICIPAL;00/00;;00/00;;00/00;;00/00;;00/00;;00/00;;00/00;;5;N
SP;MONTE AZUL PAULISTA;LFN;P;A;N;N;S;3;3;0;412;0;0;10;SAOI;;X;X;X;X;X; ;29/06;ANIVERSARIO DA CIDADE;09/07;FERIADO MUNICIPAL ;06/08;FERIADO MUNICIPAL;00/00;;00/00;;00/00;;00/00;;00/00;;00/00;;00/00;;5;N
SP;MONTE CASTELO;RSO;P;A;N;N;S;3;3;0;648;59,8;0;0;SAOI;;X;X;X;X;X; ;13/06;FERIADO MUNICIPAL ;09/07;REVOLUCAO CONSTITUCIONALISTA;15/08;FERIADO MUNICIPAL ;22/11;EMANCIPACAO;00/00;;00/00;;00/00;;00/00;;00/00;;00/00;;5;N
SP;MONTE MOR;PSP;R;A;N;S;S;4;4;0;133;0;0;0;SAOP;;X;X;X;X;X; ;09/07;FERIADO MUNICIPAL;15/08;FERIADO MUNICIPAL;20/11;FERIADO MUNICIPAL;00/00;;00/00;;00/00;;00/00;;00/00;;00/00;;00/00;;5;N
SP;MONTEIRO LOBATO;SPA;I;A;N;N;S;3;3;0;151;0;0;0;SAOI;; ; ; ; ;X; ;20/01;FERIADO MUNICIPAL;26/04;ANIVERSARIO DA CIDADE;09/07;FERIADO MUNICIPAL;08/09;FERIADO MUNICIPAL;00/00;;00/00;;00/00;;00/00;;00/00;;00/00;;5;N
SP;MORRO AGUDO;LFN;P;A;N;N;S;3;3;0;394;0;0;10;SAOI;;X;X;X;X;X; ;06/01;ANIVERSARIO DA CIDADE;19/03;FERIADO MUNICIPAL;09/07;REVOLUCAO CONSTITUCIONALISTA;00/00;;00/00;;00/00;;00/00;;00/00;;00/00;;00/00;;5;N
SP;MORUNGABA;BIG;R;A;N;N;S;4;4;0;99;78;0;0;SAOI;;X;X;X;X;X; ;29/06;ANIVERSARIO DA CIDADE;09/07;FERIADO MUNICIPAL;20/11;FERIADO MUNICIPAL;08/12;FERIADO MUNICIPAL;00/00;;00/00;;00/00;;00/00;;00/00;;00/00;;5;N
SP;MOTUCA;LFN;P;A;N;N;S;3;3;0;320;15,6;0;10;SAOI;;X;X;X;X;X; ;00/00;;00/00;;00/00;;00/00;;00/00;;00/00;;00/00;;00/00;;00/00;;00/00;;5;N
SP;MURUTINGA DO SUL;RSO;P;A;N;N;S;2;2;0;587;33,8;0;0;SAOI;;X;X;X;X;X; ;19/03;FERIADO MUNICIPAL;09/07;FERIADO MUNICIPAL;20/11;FERIADO MUNICIPAL;00/00;;00/00;;00/00;;00/00;;00/00;;00/00;;00/00;;5;N
SP;NANTES;RSO;P;A;N;N;S;5;5;0;496;59,8;0;0;SAOI;;X;X;X;X;X; ;00/00;;00/00;;00/00;;00/00;;00/00;;00/00;;00/00;;00/00;;00/00;;00/00;;5;N
SP;NARANDIBA;RSO;P;A;N;N;S;5;5;0;557;59,8;0;0;SAOI;;X;X;X;X;X; ;21/03;ANIVERSARIO DA CIDADE;02/04;FERIADO MUNICIPAL;29/06;FERIADO MUNICIPAL;20/11;FERIADO MUNICIPAL;08/12;FERIADO MUNICIPAL;00/00;;00/00;;00/00;;00/00;;00/00;;5;N
SP;NATIVIDADE DA SERRA;SPA;I;A;N;N;S;5;5;0;210;0;0;0;SAOI;; ; ; ;X; ; ;09/07;FERIADO MUNICIPAL;13/08;ANIVERSARIO DA CIDADE;08/09;FERIADO MUNICIPAL;00/00;;00/00;;00/00;;00/00;;00/00;;00/00;;00/00;;5;N
SP;NAZARE PAULISTA;SPO;R;A;N;N;S;4;4;0;112;65;0;0;SAOP;;X;X;X;X;X; ;10/06;EMANCIPACAO;09/07;FERIADO MUNICIPAL;21/11;ANIVERSARIO DA CIDADE;00/00;;00/00;;00/00;;00/00;;00/00;;00/00;;00/00;;5;N
SP;NEVES PAULISTA;NSL;R;A;N;N;S;4;4;0;481;65;0;0;SAOI;;X;X;X;X;X; ;22/05;ANIVERSARIO DA CIDADE;09/07;FERIADO MUNICIPAL;30/11;FERIADO MUNICIPAL;00/00;;00/00;;00/00;;00/00;;00/00;;00/00;;00/00;;5;N
SP;NHANDEARA;NSL;R;A;N;N;S;5;5;0;520;104;0;0;SAOI;;X;X;X;X;X; ;06/01;FERIADO MUNICIPAL;24/06;ANIVERSARIO DA CIDADE;09/07;REVOLUCAO CONSTITUCIONALISTA;00/00;;00/00;;00/00;;00/00;;00/00;;00/00;;00/00;;5;N
SP;NIPOA;RSO;P;A;N;N;S;3;3;0;504;59,8;0;0;SAOI;;X;X;X;X;X; ;25/03;FERIADO MUNICIPAL;09/07;FERIADO MUNICIPAL;25/07;FERIADO MUNICIPAL;20/11;DIA DA CONSCIENCIA NEGRA;08/12;FERIADO MUNICIPAL;00/00;;00/00;;00/00;;00/00;;00/00;;5;N
SP;NOVA ALIANCA;NSL;R;A;N;N;S;4;4;0;462;0;0;0;SAOI;;X;X;X;X;X; ;06/01;FERIADO MUNICIPAL;09/07;FERIADO MUNICIPAL;30/11;FERIADO MUNICIPAL;08/12;FERIADO MUNICIPAL;00/00;;00/00;;00/00;;00/00;;00/00;;00/00;;5;N
SP;NOVA CAMPINA;RSO;I;A;N;N;S;5;5;0;285;75,4;0;0;SAOI;;X;X;X;X;X; ;00/00;;00/00;;00/00;;00/00;;00/00;;00/00;;00/00;;00/00;;00/00;;00/00;;5;N
SP;NOVA CANAA PAULISTA;RSO;I;A;N;N;S;5;5;0;657;59,8;0;0;SAOI;;X;X;X;X;X; ;00/00;;00/00;;00/00;;00/00;;00/00;;00/00;;00/00;;00/00;;00/00;;00/00;;5;N
SP;NOVA CASTILHO;RSO;P;A;N;N;S;5;5;0;558;59,8;0;0;SAOI;;X;X;X;X;X; ;00/00;;00/00;;00/00;;00/00;;00/00;;00/00;;00/00;;00/00;;00/00;;00/00;;5;N
SP;NOVA EUROPA;BIG;R;A;N;N;S;4;4;0;328;0;0;0;SAOI;;X;X;X;X;X; ;09/07;REVOLUCAO CONSTITUCIONALISTA;20/11;FERIADO MUNICIPAL;30/12;ANIVERSARIO DA CIDADE;00/00;;00/00;;00/00;;00/00;;00/00;;00/00;;00/00;;5;N
SP;NOVA GRANADA;NSL;R;A;N;N;S;4;4;0;496;0;0;0;SAOI;;X;X;X;X;X; ;22/03;EMANCIPACAO;09/07;FERIADO MUNICIPAL;05/10;FERIADO MUNICIPAL;20/11;FERIADO MUNICIPAL;00/00;;00/00;;00/00;;00/00;;00/00;;00/00;;5;N
SP;NOVA GUATAPORANGA;RSO;P;A;N;N;S;4;4;0;652;59,8;0;0;SAOI;;X;X;X;X;X; ;29/06;FERIADO MUNICIPAL;09/07;REVOLUCAO CONSTITUCIONALISTA;20/10;EMANCIPACAO;20/11;DIA DA CONSCIENCIA NEGRA;00/00;;00/00;;00/00;;00/00;;00/00;;00/00;;5;N
SP;NOVA INDEPENDENCIA;RSO;P;A;N;N;S;4;4;0;629;59,8;0;0;SAOI;;X;X;X;X;X; ;21/03;ANIVERSARIO DA CIDADE;09/07;FERIADO MUNICIPAL;06/08;FERIADO MUNICIPAL;00/00;;00/00;;00/00;;00/00;;00/00;;00/00;;00/00;;5;N
SP;NOVA LUZITANIA;RSO;I;A;N;N;S;5;5;0;539;59,8;0;0;SAOI;;X;X;X;X;X; ;29/06;FERIADO MUNICIPAL;09/07;REVOLUCAO CONSTITUCIONALISTA;06/08;FERIADO MUNICIPAL;08/12;FERIADO MUNICIPAL;00/00;;00/00;;00/00;;00/00;;00/00;;00/00;;5;N
SP;NOVA ODESSA;PSP;P;A;N;S;S;2;2;0;123;0;0;0;SAOI;;X;X;X;X;X; ;09/07;REVOLUCAO CONSTITUCIONALISTA;15/09;EMANCIPACAO;20/11;CONSCIENCIA NEGRA;00/00;;00/00;;00/00;;00/00;;00/00;;00/00;;00/00;;5;N
SP;NOVAIS;NSL;R;A;N;N;S;4;4;0;418;65;0;0;SAOI;;X;X;X;X;X; ;00/00;;00/00;;00/00;;00/00;;00/00;;00/00;;00/00;;00/00;;00/00;;00/00;;5;N
SP;NOVO HORIZONTE;NSL;I;A;N;N;S;4;4;0;415;65;0;0;SAOI;;X;X;X;X;X; ;19/03;FERIADO MUNICIPAL;09/07;FERIADO MUNICIPAL;30/10;FERIADO MUNICIPAL;28/10;FERIADO MUNICIPAL;00/00;;00/00;;00/00;;00/00;;00/00;;00/00;;5;N
SP;NUPORANGA;LFN;P;A;N;N;S;3;3;0;386;15,6;0;10;SAOI;;X;X;X;X;X; ;03/05;FERIADO MUNICIPAL;09/07;REVOLUCAO CONSTITUCIONALISTA;15/08;FERIADO MUNICIPAL;09/09;FERIADO MUNICIIPAL;00/00;;00/00;;00/00;;00/00;;00/00;;00/00;;5;N
SP;OCAUCU;NSL;P;A;N;N;S;4;4;0;399;104;0;0;SAOI;;X;X;X;X;X; ;13/06;ANIVERSARIO DA CIDADE;09/07;FERIADO MUNICIPAL;08/12;FERIADO MUNICIPAL;00/00;;00/00;;00/00;;00/00;;00/00;;00/00;;00/00;;5;N
SP;OLEO;RSO;R;A;N;N;S;5;5;0;295;59,8;0;0;SAOI;;X;X;X;X;X; ;07/04;ANIVERSARIO DA CIDADE;09/07;REVOLUCAO;06/08;FERIADO MUNICIPAL;00/00;;00/00;;00/00;;00/00;;00/00;;00/00;;00/00;;5;N
SP;OLIMPIA;NSL;P;A;N;N;S;4;4;0;449;0;0;0;SAOI;;X;X;X;X;X; ;02/03;ANIVERSARIO DA CIDADE;24/06;FERIADO MUNICIPAL;09/07;FERIADO MUNICIPAL;00/00;;00/00;;00/00;;00/00;;00/00;;00/00;;00/00;;5;N
SP;ONDA VERDE;NSL;R;A;N;N;S;4;4;0;475;0;0;0;SAOI;;X;X;X;X;X; ;22/03;ANIVERSARIO DA CIDADE;24/06;FERIADO MUNICIPAL;09/07;FERIADO MUNICIPAL;06/08;FERIADO MUNICIPAL;20/11;FERIADO MUNICIPAL;00/00;;00/00;;00/00;;00/00;;00/00;;5;N
SP;ORIENTE;NSL;P;A;N;N;S;4;4;0;430;104;0;0;SAOI;;X;X;X;X;X; ;09/07;FERIADO MUNICIPAL;20/11;FERIADO MUNICIPAL;30/11;ANIVERSARIO DA CIDADE;13/12;FERIADO MUNICIPAL;00/00;;00/00;;00/00;;00/00;;00/00;;00/00;;5;N
SP;ORINDIUVA;NSL;R;A;N;N;S;4;4;0;526;0;0;0;SAOI;;X;X;X;X;X; ;21/03;ANIVERSARIO DA CIDADE;09/07;FERIADO MUNICIPAL;00/00;;00/00;;00/00;;00/00;;00/00;;00/00;;00/00;;00/00;;5;N
SP;ORLANDIA;LFN;P;A;N;N;S;3;3;0;379;31,2;0;10;SAOI;;X;X;X;X;X; ;19/03;FERIADO MUNICIPAL;30/03;ANIVERSARIO DA CIDADE;09/07;REVOLUCAO CONSTITUCIONALISTA;00/00;;00/00;;00/00;;00/00;;00/00;;00/00;;00/00;;5;N
SP;OSASCO;SPO;P;A;N;S;S;1;1;0;36;0;0;0;SPOP;;X;X;X;X;X; ;13/06;1306;09/07;REVOLUCAO CONSTITUCIONALISTA;00/00;;00/00;;00/00;;00/00;;00/00;;00/00;;00/00;;00/00;;5;N
SP;OSCAR BRESSANE;RSO;P;A;N;N;S;4;4;0;454;59,8;0;0;SAOI;;X;X;X;X;X; ;24/04;EMANCIPACAO;09/07;FERIADO MUNICIPAL;16/07;FERIADO MUNICIPAL;00/00;;00/00;;00/00;;00/00;;00/00;;00/00;;00/00;;5;N
SP;OSVALDO CRUZ;RSO;P;A;N;N;S;2;2;0;544;0;0;0;SAOI;;X;X;X;X;X; ;19/03;FERIADO MUNICIPAL;06/06;EMANCIPACAO;09/07;REVOLUCAO CONSTITUCIONALISTA;00/00;;00/00;;00/00;;00/00;;00/00;;00/00;;00/00;;5;N
SP;OURINHOS;RSO;P;A;N;S;S;4;4;0;344;0;0;0;SAOI;;X;X;X;X;X; ;09/07;FERIADO MUNICIPAL;06/08;FERIADO MUNICIPAL;13/12;ANIVERSARIO DA CIDADE;00/00;;00/00;;00/00;;00/00;;00/00;;00/00;;00/00;;5;N
SP;OURO VERDE;RSO;P;A;N;N;S;4;4;0;637;59,8;0;0;SAOI;;X;X;X;X;X; ;29/06;FERIADO MUNICIPAL;09/07;REVOLUCAO CONSTITUCIONALISTA;08/12;FERIADO MUNICIPAL;00/00;;00/00;;00/00;;00/00;;00/00;;00/00;;00/00;;5;N
SP;OUROESTE;RSO;P;A;N;N;S;3;3;0;599;59,8;0;0;SAOI;;X;X;X;X;X; ;24/06;FERIADO MUNICIPAL;09/07;REVOLUCAO CONSTITUCIONALISTA;20/11;FERIADO MUNICIPAL;27/12;FERIADO MUNICIPAL;00/00;;00/00;;00/00;;00/00;;00/00;;00/00;;5;N
SP;PACAEMBU;RSO;P;A;N;N;S;4;4;0;590;0;0;0;SAOI;;X;X;X;X;X; ;06/01;FERIADO MUNICIPAL;02/04;ANIVERSARIO DA CIDADE;09/07;REVOLUCAO CONSTITUCIONALISTA;27/11;FERIADO MUNICIPAL;00/00;;00/00;;00/00;;00/00;;00/00;;00/00;;5;N
SP;PALESTINA;NSL;R;A;N;N;S;4;4;0;504;65;0;0;SAOI;;X;X;X;X;X; ;30/05;ANIVERSARIO DA CIDADE;24/06;FERIADO MUNICIPAL;09/07;FERIADO MUNICIPAL;20/11;FERIADO MUNICIPAL;00/00;;00/00;;00/00;;00/00;;00/00;;00/00;;5;N
SP;PALMARES PAULISTA;NSL;R;A;N;N;S;4;4;0;407;65;0;0;SAOI;;X;X;X;X;X; ;09/07;FERIADO MUNICIPAL;20/11;FERIADO MUNICIPAL;08/12;EMANCIPACAO;00/00;;00/00;;00/00;;00/00;;00/00;;00/00;;00/00;;5;N
SP;PALMEIRA D OESTE;NSL;R;A;N;N;S;5;5;0;627;104;0;0;SAOI;;X;X;X;X;X; ;09/07;FERIADO MUNICIPAL;20/11;FERIADO MUNICIPAL;13/12;FERIADO MUNICIPAL;00/00;;00/00;;00/00;;00/00;;00/00;;00/00;;00/00;;5;N
SP;PALMITAL;RSO;P;A;N;N;S;2;2;0;386;0;0;0;SAOI;;X;X;X;X;X; ;20/01;EMANCIPACAO;09/07;FERIADO MUNICIPAL;20/11;DIA DA CONSCIENCIA NEGRA;00/00;;00/00;;00/00;;00/00;;00/00;;00/00;;00/00;;5;N
SP;PANORAMA;RSO;P;A;N;N;S;4;4;0;667;33,8;0;0;SAOI;;X;X;X;X;X; ;19/03;ANIVERSARIO DA CIDADE;09/07;REVOLUCAO CONSTITUCIONALISTA;00/00;;00/00;;00/00;;00/00;;00/00;;00/00;;00/00;;00/00;;5;N
SP;PARAGUACU PAULISTA;RSO;P;A;N;S;S;4;4;0;438;0;0;0;SAOI;;X;X;X;X;X; ;12/03;ANIVERSARIO DA CIDADE;09/07;N SRA DA PAZ (PADROEIRA);00/00;;00/00;;00/00;;00/00;;00/00;;00/00;;00/00;;00/00;;5;N
SP;PARAIBUNA;SPA;I;A;N;N;S;3;3;0;148;0;0;0;SAOI;; ;X; ;X; ; ;13/06;ANIVERSARIO DA CIDADE;09/07;FERIADO MUNICIPAL;10/07;FERIADO MUNICIPAL;00/00;;00/00;;00/00;;00/00;;00/00;;00/00;;00/00;;5;N
SP;PARAISO;NSL;R;A;N;N;S;4;4;0;407;65;0;0;SAOI;;X;X;X;X;X; ;09/07;FERIADO MUNICIPAL;15/08;EMANCIPACAO;05/10;FERIADO MUNICIPAL ;20/11;CONSCIENCIA NEGRA;00/00;;00/00;;00/00;;00/00;;00/00;;00/00;;5;N
SP;PARANAPANEMA;RSO;I;A;N;N;S;5;5;0;233;33,8;0;0;SAOI;;X;X;X;X;X; ;20/04;ANIVERSARIO DA CIDADE;09/05;FERIADO MUNICIPAL;09/07;REVOLUCAO;15/08;FERIADO MUNICIPAL;00/00;;00/00;;00/00;;00/00;;00/00;;00/00;;5;N
SP;PARANAPUA;RSO;P;A;N;N;S;3;3;0;616;59,8;0;0;SAOI;;X;X;X;X;X; ;21/03;FERIADO MUNICIPAL;09/07;REVOLUCAO CONSTITUCIONALISTA;16/09;ANIVERSARIO DA CIDADE;28/10;FERIADO MUNICIPAL;20/11;FERIADO MUNICIPAL;00/00;;00/00;;00/00;;00/00;;00/00;;5;N
SP;PARAPUA;RSO;P;A;N;N;S;2;2;0;531;33,8;0;0;SAOI;;X;X;X;X;X; ;09/07;FERIADO MUNICIPAL;25/07;FERIADO MUNICIPAL;08/12;FERIADO MUNICIPAL;00/00;;00/00;;00/00;;00/00;;00/00;;00/00;;00/00;;5;N
SP;PARDINHO;NSL;R;A;N;N;S;4;4;0;178;0;0;0;SAOI;;X;X;X;X;X; ;09/07;FERIADO MUNICIPAL;18/02;FERIADO MUNICIPAL;31/05;FERIADO MUNICIPAL;00/00;;00/00;;00/00;;00/00;;00/00;;00/00;;00/00;;5;N
SP;PARIQUERA-ACU;RSO;P;A;N;N;S;3;3;0;211;59,8;0;0;SAOI;;X;X;X;X;X; ;29/06;FERIADO MUNICIPAL;09/07;FERIADO MUNICIPAL;11/10;ANIVERSARIO DA CIDADE;00/00;;00/00;;00/00;;00/00;;00/00;;00/00;;00/00;;5;N
SP;PARISI;RSO;I;A;N;N;S;5;5;0;544;59,8;0;0;SAOI;;X;X;X;X;X; ;09/07;REVOLUCAO CONSTITUCIONALISTA;00/00;;00/00;;00/00;;00/00;;00/00;;00/00;;00/00;;00/00;;00/00;;5;N
SP;PATROCINIO PAULISTA;LFN;P;A;N;N;S;3;3;0;390;97,5;0;10;SAOI;;X;X;X;X;X; ;10/03;EMANCIPACAO;09/07;FERIADO MUNICIPAL;28/07;FERIADO MUNICIPAL;20/11;FERIADO MUNICIPAL;00/00;;00/00;;00/00;;00/00;;00/00;;00/00;;5;N
SP;PAULICEIA;RSO;P;A;N;N;S;2;2;0;666;33,8;0;0;SAOI;; ;X; ;X; ; ;29/06;EMANCIPACAO;09/07;REVOLUCAO CONSTITUCIONALISTA;00/00;;00/00;;00/00;;00/00;;00/00;;00/00;;00/00;;00/00;;5;N
SP;PAULINIA;PSP;P;A;N;S;S;3;3;0;129;0;0;0;SPOR;;X;X;X;X;X; ;28/02;ANIVERSARIO DA CIDADE;09/07;REVOLUCAO CONSTITUCIONALISTA;00/00;;00/00;;00/00;;00/00;;00/00;;00/00;;00/00;;00/00;;5;N
SP;PAULISTANIA;BIG;R;A;N;N;S;3;3;0;314;0;0;0;SAOI;;X;X;X;X;X; ;00/00;;00/00;;00/00;;00/00;;00/00;;00/00;;00/00;;00/00;;00/00;;00/00;;5;N
SP;PAULO DE FARIA;NSL;I;A;N;N;S;5;5;0;539;104;0;0;SAOI;;X;X;X;X;X; ;09/07;FERIADO MUNICIPAL;06/08;FERIADO MUNICIPAL;20/11;CONSCIENCIA NEGRA;30/11;EMANCIPACAO;00/00;;00/00;;00/00;;00/00;;00/00;;00/00;;5;N
SP;PEDERNEIRAS;BIG;P;A;N;N;S;2;2;0;293;0;0;0;SAOI;;X;X;X;X;X; ;20/01;FERIADO MUNICIPAL;22/05;ANIVERSARIO DA CIDADE;09/07;FERIADO MUNICIPAL;00/00;;00/00;;00/00;;00/00;;00/00;;00/00;;00/00;;5;N
SP;PEDRA BELA;BIG;R;A;N;N;S;4;4;0;141;78;0;0;SAOI;;X;X;X;X;X; ;20/01;PADROEIRO DO MUNICIPIO;06/04;ANIVERSARIO DO MUNICIPIO.;09/07;REVOLUCAO CONSTITUCIONALISTA;09/08;FERIADO MUNICIPAL;20/11;FERIADO MUNICIPAL;00/00;;00/00;;00/00;;00/00;;00/00;;5;N
SP;PEDRANOPOLIS;NSL;I;A;N;N;S;5;5;0;557;104;0;0;SAOI;;X;X;X;X;X; ;19/03;FERIADO MUNICIPAL;09/07;REVOLUCAO CONSTITUCIONALISTA;06/08;ANIVERSARIO DA CIDADE;00/00;;00/00;;00/00;;00/00;;00/00;;00/00;;00/00;;5;N
SP;PEDREGULHO;LFN;P;A;N;N;S;3;3;0;450;156;0;10;SAOI;;X;X;X;X;X; ;18/03;FERIADO MUNICIPAL;09/07;FERIADO MUNICIPAL;15/08;EMANCIPACAO;20/11;DIA DA CONSCIENCIA NEGRA;00/00;;00/00;;00/00;;00/00;;00/00;;00/00;;5;N
SP;PEDREIRA;PSP;R;A;N;S;S;4;4;0;147;0;0;0;SAOP;;X;X;X;X;X; ;09/07;REVOLUCAO CONSTITUCIONALISTA;26/07;FERIADO MUNICIPAL;20/11;CONSCIENCIA NEGRA;00/00;;00/00;;00/00;;00/00;;00/00;;00/00;;00/00;;5;N
SP;PEDRINHAS PAULISTA;RSO;P;A;N;N;S;4;4;0;453;59,8;0;0;SAOI;;X;X;X;X;X; ;09/07;FERIADO MUNICIPAL;07/08;EMANCIPACAO;21/09;ANIVERSARIO DA CIDADE;08/12;FERIADO MUNICIPAL;00/00;;00/00;;00/00;;00/00;;00/00;;00/00;;5;N
SP;PEDRO DE TOLEDO;RSO;P;A;N;N;S;5;5;0;141;59,8;0;0;SAOI;;X;X;X;X;X; ;09/04;EMANCIPACAO;09/07;FERIADO MUNICIPAL;26/07;FERIADO MUNICIPAL;20/11;CONSCIENCIA NEGRA;00/00;;00/00;;00/00;;00/00;;00/00;;00/00;;5;N
SP;PENAPOLIS;RSO;P;A;N;N;S;4;4;0;450;0;0;0;SAOI;;X;X;X;X;X; ;09/07;FERIADO MUNICIPAL;04/10;FERIADO MUNICIPAL;25/10;ANIVERSARIO PENAPOLIS;00/00;;00/00;;00/00;;00/00;;00/00;;00/00;;00/00;;5;N
SP;PEREIRA BARRETO;NSL;I;A;N;N;S;5;5;0;623;104;0;0;SAOI;; ; ;X; ; ; ;09/07;FERIADO MUNICIPAL;11/08;ANIVERSARIO DA CIDADE;03/12;FERIADO MUNICIPAL;00/00;;00/00;;00/00;;00/00;;00/00;;00/00;;00/00;;5;N
SP;PEREIRAS;RSO;P;A;N;N;S;4;4;0;139;33,8;0;0;SAOI;;X;X;X;X;X; ;09/07;FERIADO MUNICIPAL;11/08;EMANCIPACAO;08/12;FERIADO MUNICIPAL;00/00;;00/00;;00/00;;00/00;;00/00;;00/00;;00/00;;5;N
SP;PERUIBE;SVP;I;A;N;N;S;4;4;0;171;65;0;0;SAOI;;X;X;X;X;X; ;18/02;ANIVERSARIO DA CIDADE;24/06;FERIADO MUNICIPAL;09/07;REVOLUCAO CONSTITUCIONALISTA;20/11;CONCIENCIA NEGRA;30/11;FERIADO MUNICIPAL;00/00;;00/00;;00/00;;00/00;;00/00;;5;N
SP;PIACATU;RSO;P;A;N;N;S;5;5;0;507;59,8;0;0;SAOI;;X;X;X;X;X; ;09/07;FERIADO MUNICIPAL;15/08;FERIADO MUNICIPAL;08/11;EMANCIPACAO;10/11;FERIADO MUNICIPAL;00/00;;00/00;;00/00;;00/00;;00/00;;00/00;;5;N
SP;PIEDADE;RSO;P;A;N;N;S;2;2;0;105;0;0;0;SAOI;;X;X;X;X;X; ;20/05;ANIVERSARIO DA CIDADE;09/07;FERIADO MUNICIPAL;15/08;FERIADO;00/00;;00/00;;00/00;;00/00;;00/00;;00/00;;00/00;;5;N
SP;PILAR DO SUL;RSO;P;A;N;N;S;2;2;0;122;59,8;0;0;SAOI;;X;X;X;X;X; ;09/07;FERIADO MUNICIPAL;05/11;ANIVERSARIO DA CIDADE;00/00;;00/00;;00/00;;00/00;;00/00;;00/00;;00/00;;00/00;;5;N
SP;PINDAMONHANGABA;SJK;P;A;N;S;S;2;2;0;170;0;0;0;SAOI;;X;X;X;X;X; ;09/07;FERIADO MUNICIPAL;08/09;FERIADO MUNICIPAL;00/00;;00/00;;00/00;;00/00;;00/00;;00/00;;00/00;;00/00;;5;N
SP;PINDORAMA;NSL;R;A;N;N;S;4;4;0;388;65;0;0;SAOI;;X;X;X;X;X; ;21/03;ANIVERSARIO DA CIDADE;13/06;FERIADO MUNICIPAL;29/06;FERIADO MUNICIPAL;09/07;FERIADO MUNICIPAL;00/00;;00/00;;00/00;;00/00;;00/00;;00/00;;5;N
SP;PINHALZINHO;BIG;R;A;N;N;S;4;4;0;136;78;0;0;SAOI;;X;X;X;X;X; ;03/05;EMANCIPACAO;09/07;REVOLUCAO CONSTITUCIONALISTA;24/09;FERIADO MUNICIPAL;00/00;;00/00;;00/00;;00/00;;00/00;;00/00;;00/00;;5;N
SP;PIQUEROBI;RSO;P;A;N;N;S;2;2;0;577;33,8;0;0;SAOI;;X;X;X;X;X; ;20/03;ANIVERSARIO DA CIDADE;09/07;REVOLUCAO CONSTITUCIONALISTA;29/09;FERIADO MUNICIPAL;00/00;;00/00;;00/00;;00/00;;00/00;;00/00;;00/00;;5;N
SP;PIQUETE;SPA;I;A;N;N;S;3;3;0;240;0;0;0;SAOI;;X; ;X; ;X; ;15/06;ANIVERSARIO DA CIDADE;09/07;FERIADO MUNICIPAL;29/09;FERIADO MUNICIPAL;00/00;;00/00;;00/00;;00/00;;00/00;;00/00;;00/00;;5;N
SP;PIRACAIA;SPO;I;A;N;N;S;4;4;0;113;0;0;0;SAOP;;X;X;X;X;X; ;20/01;FERIADO MUNICIPAL;13/06;FERIADO MUNICIPAL;16/06;ANIVERSARIO;09/07;FERIADO MUNICIPAL;00/00;;00/00;;00/00;;00/00;;00/00;;00/00;;5;N
SP;PIRACICABA;PSP;P;A;N;S;S;4;4;0;142;0;0;0;SAOI;;X;X;X;X;X; ;13/06;FERIADO MUNICIPAL;09/07;REVOLUCAO CONSTITUCIONALISTA;20/11;CONSCIENCIA NEGRA;08/12;FERIADO MUNICIPAL;00/00;;00/00;;00/00;;00/00;;00/00;;00/00;;5;N
SP;PIRAJU;RSO;R;A;N;N;S;3;3;0;305;0;0;0;SAOI;;X;X;X;X;X; ;20/01;ANIVERSARIO DA CIDADE;09/07;REVOLUCAO;00/00;;00/00;;00/00;;00/00;;00/00;;00/00;;00/00;;00/00;;5;N
SP;PIRAJUI;NSL;R;A;N;N;S;4;4;0;355;0;0;0;SAOI;;X;X;X;X;X; ;20/01;FERIADO MUNICIPAL;29/03;ANIVERSARIO DA CIDADE;13/06;FERIADO MUNICIPAL;09/07;FERIADO MUNICIPAL;00/00;;00/00;;00/00;;00/00;;00/00;;00/00;;5;N
SP;PIRANGI;NSL;P;A;N;N;S;3;3;0;391;0;0;0;SAOI;;X;X;X;X;X; ;07/03;EMANCIPACAO;13/06;FERIADO MUNICIPAL;09/07;FERIADO MUNICIPAL;00/00;;00/00;;00/00;;00/00;;00/00;;00/00;;00/00;;5;N
SP;PIRAPORA DO BOM JESUS;RSO;I;A;N;N;S;5;5;0;24;59,8;0;0;SAOI;;X;X;X;X;X; ;09/07;FERIADO MUNICIPAL;06/08;EMANCIPACAO;20/11;DIA DA CONCIENCIA NEGRA;00/00;;00/00;;00/00;;00/00;;00/00;;00/00;;00/00;;5;N
SP;PIRAPOZINHO;RSO;P;A;N;N;S;4;4;0;536;33,8;0;0;SAOI;;X;X;X;X;X; ;09/04;ANIVERSARIO DA CIDADE;24/06;FERIADO MUNICIPAL;09/07;REVOLUCAO CONSTITUCIONALISTA;00/00;;00/00;;00/00;;00/00;;00/00;;00/00;;00/00;;5;N
SP;PIRASSUNUNGA;LFN;I;A;N;N;S;2;4;0;223;0;0;0;SAOI;;X;X;X;X;X; ;09/07;FERIADO MUNICIPAL;06/08;ANIVERSARIO DA CIDADE;08/12;FERIADO MUNICIPAL;00/00;;00/00;;00/00;;00/00;;00/00;;00/00;;00/00;;5;N
SP;PIRATININGA;BIG;P;A;N;N;S;3;3;0;308;0;0;0;SAOI;;X;X;X;X;X; ;18/05;EMANCIPACAO;09/07;FERIADO MUNICIPAL;00/00;;00/00;;00/00;;00/00;;00/00;;00/00;;00/00;;00/00;;5;N
SP;PITANGUEIRAS;LFN;P;A;N;N;S;4;4;0;381;46,8;0;10;SAOI;;X;X;X;X;X; ;20/01;FERIADO MUNICIPAL;09/07;FERIADO MUNICIPAL;27/07;EMANCIPACAO;00/00;;00/00;;00/00;;00/00;;00/00;;00/00;;00/00;;5;N
SP;PLANALTO;RSO;P;A;N;N;S;2;2;0;496;59,8;0;0;SAOI;;X;X;X;X;X; ;03/04;ANIVERSARIO DA CIDADE;09/07;REVOLUCAO CONSTITUCIONALISTA;08/12;FERIADO MUNICIPAL;00/00;;00/00;;00/00;;00/00;;00/00;;00/00;;00/00;;5;N
SP;PLATINA;RSO;P;A;N;N;S;2;2;0;396;59,8;0;0;SAOI;;X;X;X;X;X; ;09/07;FERIADO MUNICIPAL;16/07;FERIADO MUNICIPAL;20/11;FERIADO MUNICIPAL;30/12;EMANCIPACAO;00/00;;00/00;;00/00;;00/00;;00/00;;00/00;;5;N
SP;POA;SPO;P;A;N;S;S;6;0;0;36;0;0;0;SPOP;;X;X;X;X;X; ;26/03;ANIVERSARIO CID;09/07;FERIADO MUNICIPAL;00/00;;00/00;;00/00;;00/00;;00/00;;00/00;;00/00;;00/00;;5;N
SP;POLONI;NSL;P;A;N;N;S;4;4;0;498;65;0;0;SAOI;;X;X;X;X;X; ;03/05;ANIVERSARIO DA CIDADE;13/06;FERIADO MUNICIPAL;09/07;REVOLUCAO CONSTITUCIONALISTA;08/12;FERIADO MUNICIPAL;00/00;;00/00;;00/00;;00/00;;00/00;;00/00;;5;N
SP;POMPEIA;NSL;P;A;N;N;S;5;5;0;441;104;0;0;SAOI;;X;X;X;X;X; ;09/07;FERIADO MUNICIPAL;17/09;ANIVERSARIO DA CIDADE;07/10;FERIADO MUNICIPAL;00/00;;00/00;;00/00;;00/00;;00/00;;00/00;;00/00;;5;N
SP;PONGAI;NSL;R;A;N;N;S;4;4;0;450;0;0;0;RSOP;;X;X;X;X;X; ;19/03;FERIADO MUNICIPAL;02/04;EMANCIPACAO;09/07;FERIADO MUNICIPAL;08/12;FERIADO MUNICIPAL;00/00;;00/00;;00/00;;00/00;;00/00;;00/00;;5;N
SP;PONTAL;LFN;P;A;N;N;S;3;3;0;366;0;0;10;SAOI;;X;X;X;X;X; ;09/07;REVOLUCAO CONSTITUCIONALISTA;10/08;FERIADO MUNICIPAL;18/10;EMANCIPACAO;00/00;;00/00;;00/00;;00/00;;00/00;;00/00;;00/00;;5;N
SP;PONTALINDA;RSO;P;A;N;N;S;5;5;0;582;59,8;0;0;SAOI;;X;X;X;X;X; ;00/00;;00/00;;00/00;;00/00;;00/00;;00/00;;00/00;;00/00;;00/00;;00/00;;5;N
SP;PONTES GESTAL;NSL;P;A;N;N;S;5;5;0;562;104;0;0;SAOI;;X;X;X;X;X; ;10/04;EMANCIPACAO;09/07;REVOLUCAO CONSTITUCIONALISTA;17/09;FERIADO MUNICIPAL;20/11;FERIADO MUNICIPAL;00/00;;00/00;;00/00;;00/00;;00/00;;00/00;;5;N
SP;POPULINA;NSL;R;A;N;N;S;5;5;0;624;104;0;0;SAOI;;X;X;X;X;X; ;24/06;ANIVERSARIO DA CIDADE;09/07;REVOLUCAO CONSTITUCIONALISTA;20/11;FERIADO MUNICIPAL;00/00;;00/00;;00/00;;00/00;;00/00;;00/00;;00/00;;5;N
SP;PORANGABA;RSO;P;A;N;N;S;5;5;0;144;59,8;0;0;SAOI;;X;X;X;X;X; ;04/06;EMANCIPACAO;13/06;FERIADO MUNICIPAL;09/07;FERIADO MUNICIPAL;21/07;FERIADO MUNICIPAL;20/11;FERIADO MUNICIPAL;00/00;;00/00;;00/00;;00/00;;00/00;;5;N
SP;PORTO FELIZ;BIG;R;A;N;N;S;3;3;0;90;0;0;0;SAOI;;X;X;X;X;X; ;09/07;FERIADO MUNICIPAL;15/08;DIA DE NOSSA SENHORA MAE ;13/10;ANIVERSARIO DA CIDADE;00/00;;00/00;;00/00;;00/00;;00/00;;00/00;;00/00;;5;N
SP;PORTO FERREIRA;LFN;P;A;N;N;S;2;2;0;237;0;0;10;SAOI;;X;X;X;X;X; ;20/01;FERIADO MUNICIPAL;09/07;REVOLUCAO CONSTITUCIONALISTA;29/07;FERIADO MUNICIPAL;00/00;;00/00;;00/00;;00/00;;00/00;;00/00;;00/00;;5;N
SP;POTIM;SJK;P;A;N;S;S;3;3;0;206;0;0;0;SAOI;;X;X;X;X;X; ;19/05;ANIVERSARIO DA CIDADE;09/07;FERIADO MUNICIPAL;06/08;FERIADO MUNICIPAL;00/00;;00/00;;00/00;;00/00;;00/00;;00/00;;00/00;;5;N
SP;POTIRENDABA;NSL;P;A;N;N;S;5;5;0;448;0;0;0;SAOI;;X;X;X;X;X; ;21/03;ANIVERSARIO DA CIDADE;09/07;FERIADO MUNICIPAL;06/08;FERIADO MUNICIPAL;00/00;;00/00;;00/00;;00/00;;00/00;;00/00;;00/00;;5;N
SP;PRACINHA;RSO;P;A;N;N;S;2;2;0;547;59,8;0;0;SAOI;;X;X;X;X;X; ;00/00;;00/00;;00/00;;00/00;;00/00;;00/00;;00/00;;00/00;;00/00;;00/00;;5;N
SP;PRADOPOLIS;LFN;P;A;N;N;S;2;2;0;331;0;0;10;SAOI;;X;X;X;X;X; ;13/06;ANIVERSARIO DA CIDADE;09/07;REVOLUCAO CONSTITUCIONALISTA;20/11;DIA DA CONSCIENCIA NEGRA;00/00;;00/00;;00/00;;00/00;;00/00;;00/00;;00/00;;5;N
SP;PRAIA GRANDE;SVP;R;A;N;S;S;3;3;0;95;0;0;0;SPOP;;X;X;X;X;X; ;29/06;PADROEIRO SAO PEDRO;09/07;REVOLUCAO CONSTITUCIONALISTA;00/00;;00/00;;00/00;;00/00;;00/00;;00/00;;00/00;;00/00;;5;N
SP;PRATANIA;BIG;P;A;N;N;S;2;2;0;240;0;0;0;SAOI;;X;X;X;X;X; ;22/03;EMANCIPACAO;09/07;FERIADO MUNICIPAL;06/08;FERIADO MUNICIPAL;20/11;FERIADO MUNICIPAL;00/00;;00/00;;00/00;;00/00;;00/00;;00/00;;5;N
SP;PRESIDENTE ALVES;NSL;R;A;N;N;S;4;4;0;358;0;0;0;SAOI;;X;X;X;X;X; ;21/06;FERIADO MUNICIPAL;09/07;FERIADO MUNICIPAL;22/11;FERIADO MUNICIPAL;02/12;EMANCIPACAO;00/00;;00/00;;00/00;;00/00;;00/00;;00/00;;5;N
SP;PRESIDENTE BERNARDES;RSO;P;A;N;N;S;2;2;0;550;59,8;0;0;SAOI;;X;X;X;X;X; ;09/07;FERIADO MUNICIPAL;08/12;FERIADO MUNICIPAL;00/00;;00/00;;00/00;;00/00;;00/00;;00/00;;00/00;;00/00;;5;N
SP;PRESIDENTE EPITACIO;RSO;P;A;N;N;S;2;2;0;615;33,8;0;0;SAOI;;X;X;X;X;X; ;27/03;EMANCIPACAO;29/06;FERIADO MUNICIPAL;09/07;FERIADO MUNICIPAL;15/08;FERIADO MUNICIPAL;00/00;;00/00;;00/00;;00/00;;00/00;;00/00;;5;N
SP;PRESIDENTE PRUDENTE;RSO;P;A;N;S;S;2;2;0;527;0;0;0;SAOI;;X;X;X;X;X; ;20/01;FERIADO MUNICIPAL;09/07;REVOLUCAO CONSTITUCIONALISTA;14/09;ANIVERSARIO DA CIDADE;00/00;;00/00;;00/00;;00/00;;00/00;;00/00;;00/00;;5;N
SP;PRESIDENTE VENCESLAU;RSO;P;A;N;N;S;2;2;0;582;33,8;0;0;SAOI;;X;X;X;X;X; ;13/05;FERIADO MUNICIPAL;09/07;REV CONSTITUCIONALISTA;02/09;ANIVERSARIO DA CIDADE;00/00;;00/00;;00/00;;00/00;;00/00;;00/00;;00/00;;5;N
SP;PROMISSAO;RSO;P;A;N;N;S;4;4;0;426;0;0;0;SAOI;;X;X;X;X;X; ;09/07;REVOLUCAO CONSTITUCIONALISTA;29/11;FERIADO MUNICIPAL;00/00;;00/00;;00/00;;00/00;;00/00;;00/00;;00/00;;00/00;;5;N
SP;QUADRA;RSO;P;A;N;N;S;5;5;0;137;59,8;0;0;SAOI;;X;X;X;X;X; ;00/00;;00/00;;00/00;;00/00;;00/00;;00/00;;00/00;;00/00;;00/00;;00/00;;5;N
SP;QUATA;RSO;P;A;N;N;S;4;4;0;461;0;0;0;SAOI;;X;X;X;X;X; ;13/06;EMANCIPACAO;09/07;FERIADO MUNICIPAL;00/00;;00/00;;00/00;;00/00;;00/00;;00/00;;00/00;;00/00;;5;N
SP;QUEIROZ;RSO;P;A;N;N;S;5;5;0;465;33,8;0;0;SAOI;;X;X;X;X;X; ;28/03;EMANCIPACAO;09/07;FERIADO MUNICIPAL;00/00;;00/00;;00/00;;00/00;;00/00;;00/00;;00/00;;00/00;;5;N
SP;QUELUZ;SPA;I;A;N;N;S;5;5;0;271;52;0;0;SAOI;; ; ; ; ;X; ;24/06;FERIADO MUNICIPAL;09/07;FERIADO MUNICIPAL;00/00;;00/00;;00/00;;00/00;;00/00;;00/00;;00/00;;00/00;;5;N
SP;QUINTANA;RSO;P;A;N;N;S;4;4;0;456;46,8;0;0;SAOI;;X;X;X;X;X; ;09/07;FERIADO MUNICIPAL;30/11;ANIVERSARIO DA CIDADE;00/00;;00/00;;00/00;;00/00;;00/00;;00/00;;00/00;;00/00;;5;N
SP;RAFARD;BIG;R;A;N;N;S;2;2;0;112;0;0;0;SAOI;;X;X;X;X;X; ;11/02;FERIADO MUNICIPAL;09/07;FERIADO MUNICIPAL;00/00;;00/00;;00/00;;00/00;;00/00;;00/00;;00/00;;00/00;;5;N
SP;RANCHARIA;RSO;P;A;N;S;S;4;4;0;500;33,8;0;0;SAOI;;X;X;X;X;X; ;13/06;ANIVERSARIO DA CIDADE;09/07;FERIADO MUNICIPAL;08/12;FERIADO MUNICIPAL;00/00;;00/00;;00/00;;00/00;;00/00;;00/00;;00/00;;5;N
SP;REDENCAO DA SERRA;SPA;I;A;N;N;S;5;5;0;188;0;0;0;SAOI;; ; ; ;X; ; ;03/05;EMANCIPACAO;09/07;FERIADO MUNICIPAL;25/08;ANIVERSARIO DA CIDADE;08/12;FERIADO MUNICIPAL;00/00;;00/00;;00/00;;00/00;;00/00;;00/00;;5;N
SP;REGENTE FEIJO;RSO;P;A;N;N;S;4;4;0;516;33,8;0;0;SAOI;;X;X;X;X;X; ;28/06;ANIVERSARIO DA CIDADE;09/07;REVOLUCAO CONSTITUCIONALISTA;08/12;FERIADO MUNICIPAL;00/00;;00/00;;00/00;;00/00;;00/00;;00/00;;00/00;;5;N
SP;REGINOPOLIS;RSO;P;A;N;N;S;4;4;0;368;59,8;0;0;SAOI;;X;X;X;X;X; ;03/04;EMANCIPACAO;09/07;FERIADO MUNICIPAL;15/08;FERIADO MUNICIPAL;00/00;;00/00;;00/00;;00/00;;00/00;;00/00;;00/00;;5;N
SP;REGISTRO;RSO;P;A;N;N;S;2;2;0;183;33,8;0;0;SAOI;;X;X;X;X;X; ;09/07;MUNICIPAL;30/11;ANIVERSARIO DA CIDADE;03/12;FERIADO MUNICIPAL;00/00;;00/00;;00/00;;00/00;;00/00;;00/00;;00/00;;5;N
SP;RESTINGA;LFN;P;A;N;N;S;3;3;0;401;0;0;10;SAOI;;X;X;X;X;X; ;28/02;FERIADO;09/07;FERIADO MUNICIPAL;20/11;DIA DA CONSCIENCIA NEGRA;08/12;FERIADO MUNICIPAL;00/00;;00/00;;00/00;;00/00;;00/00;;00/00;;5;N
SP;RIBEIRA;RSO;I;A;N;N;S;5;5;0;330;75,4;0;0;SAOI;;X;X;X;X;X; ;24/06;FERIADO MUNICIPAL;09/07;REVOLUCAO;06/08;FERIADO MUNICIPAL;20/10;ANIVERSARIO DA CIDADE;00/00;;00/00;;00/00;;00/00;;00/00;;00/00;;5;N
SP;RIBEIRAO BONITO;BIG;P;A;N;N;S;3;3;0;275;0;0;0;SAOI;;X;X;X;X;X; ;05/03;ANIVERSARIO DA CIDADE;09/07;REVOLUCAO CONSTITUCIONALISTA;06/08;EMANCIPACAO;00/00;;00/00;;00/00;;00/00;;00/00;;00/00;;00/00;;5;N
SP;RIBEIRAO BRANCO;RSO;I;A;N;N;S;5;5;0;267;46,8;0;0;SAOI;;X;X;X;X;X; ;09/07;REVOLUCAO;06/08;FERIADO MUNICIPAL;06/09;ANIVERSARIO DA CIDADE;20/11;CONSCIENCIA NEGRA;00/00;;00/00;;00/00;;00/00;;00/00;;00/00;;5;N
SP;RIBEIRAO CORRENTE;LFN;P;A;N;N;S;2;2;0;438;156;0;10;SAOI;;X;X;X;X;X; ;07/04;ANIVERSARIO DA CIDADE;09/07;FERIADO MUNICIPAL;14/09;FERIADO MUNICIPAL;00/00;;00/00;;00/00;;00/00;;00/00;;00/00;;00/00;;5;N
SP;RIBEIRAO DO SUL;RSO;P;A;N;N;S;3;3;0;365;59,8;0;0;SAOI;;X;X;X;X;X; ;21/03;ANIVERSARIO DA CIDADE;13/06;FERIADO MUNICIPAL;09/07;REVOLUCAO CONSTITUCIONALISTA;00/00;;00/00;;00/00;;00/00;;00/00;;00/00;;00/00;;5;N
SP;RIBEIRAO DOS INDIOS;RSO;P;A;N;N;S;2;2;0;576;59,8;0;0;SAOI;;X;X;X;X;X; ;00/00;;00/00;;00/00;;00/00;;00/00;;00/00;;00/00;;00/00;;00/00;;00/00;;5;N
SP;RIBEIRAO GRANDE;RSO;I;A;N;N;S;5;5;0;215;75,4;0;0;SAOI;;X;X;X;X;X; ;00/00;;00/00;;00/00;;00/00;;00/00;;00/00;;00/00;;00/00;;00/00;;00/00;;5;N
SP;RIBEIRAO PIRES;SPO;P;A;N;N;S;3;3;0;92;95;0;0;SAOI;;X;X;X;X;X; ;19/03;ANIVERSARIO DA CIDADE;09/07;REVOLUCAO CONSTITUCIONALISTA;20/11;CONSCIENCIA NEGRA;00/00;;00/00;;00/00;;00/00;;00/00;;00/00;;00/00;;5;N
SP;RIBEIRAO PRETO;LFN;P;A;N;S;S;3;3;0;329;0;0;10;SAOI;;X;X;X;X;X; ;20/01;FERIADO MUNICIPAL;19/06;ANIVERSARIO DA CIDADE;09/07;REVOLUCAO CONSTITUCIONALISTA;20/11;CONSCIENCIA NEGRA;00/00;;00/00;;00/00;;00/00;;00/00;;00/00;;5;N
SP;RIFAINA;NSL;R;A;N;N;S;4;4;0;477;65;0;0;SAOI;;X;X;X;X;X; ;13/06;FERIADO MUNICIPAL;09/07;FERIADO MUNICIPAL;20/11;FERIADO MUNICIPAL;24/12;ANIVERSARIO DA CIDADE;00/00;;00/00;;00/00;;00/00;;00/00;;00/00;;5;N
SP;RINCAO;LFN;P;A;N;N;S;3;3;0;305;15,6;0;10;SAOI;;X;X;X;X;X; ;09/07;FERIADO MUNICIPAL;20/08;ANIVERSARIO DE RINCAO;20/11;CONSCIENCIA NEGRA;00/00;;00/00;;00/00;;00/00;;00/00;;00/00;;00/00;;5;N
SP;RINOPOLIS;RSO;P;A;N;N;S;4;4;0;562;33,8;0;0;SAOI;;X;X;X;X;X; ;09/07;FERIADO MUNICIPAL;04/10;ANIVERSARIO DA CIDADE;00/00;;00/00;;00/00;;00/00;;00/00;;00/00;;00/00;;00/00;;5;N
SP;RIO CLARO;PSP;R;A;N;S;S;4;4;0;188;0;0;0;SAOP;;X;X;X;X;X; ;24/06;ANIVERSARIO DA CIDADE;09/07;REVOLUCAO CONSTITUCIONALISTA;20/11;CONSCIENCIA NEGRA;00/00;;00/00;;00/00;;00/00;;00/00;;00/00;;00/00;;4;N
SP;RIO DAS PEDRAS;BIG;R;A;N;N;S;2;2;0;130;0;0;0;SAOI;;X;X;X;X;X; ;09/07;FERIADO MUNICIPAL;10/07;ANIVERSARIO DE CIDADE;06/08;FERIADO MUNICIPAL;20/11;FERIADO MUNICIPAL;00/00;;00/00;;00/00;;00/00;;00/00;;00/00;;5;N
SP;RIO GRANDE DA SERRA;SVP;R;A;N;N;S;3;3;0;92;65;0;0;SAOP;;X;X;X;X;X; ;03/05;ANIVERSARIO DA CIDADE;09/07;FERIADO MUNICIPAL;20/11;CONSCIENCIA NEGRA;00/00;;00/00;;00/00;;00/00;;00/00;;00/00;;00/00;;5;N
SP;RIOLANDIA;NSL;R;A;N;N;S;5;5;0;589;104;0;0;SAOI;;X;X;X;X;X; ;13/06;FERIADO MUNICIPAL;09/07;REVOLUCAO CONSTITUCIONALISTA;20/11;DIA DA CONSCIENCIA NEGRA;00/00;;00/00;;00/00;;00/00;;00/00;;00/00;;00/00;;5;N
SP;RIVERSUL;RSO;I;A;N;N;S;5;5;0;353;88,4;0;0;SAOI;;X;X;X;X;X; ;09/07;REVOLUCAO;06/08;FERIADO MUNICIPAL;20/11;CONSCIENCIA NEGRA;30/12;ANIVERSARIO DE CIDADE;00/00;;00/00;;00/00;;00/00;;00/00;;00/00;;5;N
SP;ROSANA;RSO;P;A;N;N;S;5;5;0;707;59,8;0;0;SAOI;;X;X;X;X;X; ;02/02;FERIADO MUNICIPAL;09/07;REVOLUCAO CONSTITUCIONALISTA;05/11;ANIVERSARIO DE CIDADE;00/00;;00/00;;00/00;;00/00;;00/00;;00/00;;00/00;;5;N
SP;ROSEIRA;SJK;P;A;N;S;S;3;3;0;193;0;0;0;SAOI;;X;X;X;X;X; ;21/03;ANIVERSARIO DA CIDADE;09/07;FERIADO MUNICIPAL;26/07;FERIADO MUNICIPAL;20/11;DIA DA CONSCIENCIA NEGRA;00/00;;00/00;;00/00;;00/00;;00/00;;00/00;;5;N
SP;RUBIACEA;RSO;P;A;N;N;S;3;3;0;529;59,8;0;0;SAOI;;X;X;X;X;X; ;09/07;FERIADO MUNICIPAL;24/08;ANIVERSARIO DE CIDADE;04/10;FERIADO MUNICIPAL;20/11;FERIADO MUNICIPAL;08/12;FERIADO MUNICIPAL;00/00;;00/00;;00/00;;00/00;;00/00;;5;N
SP;RUBINEIA;RSO;P;A;N;N;S;3;3;0;644;59,8;0;0;SAOI;;X;X;X;X;X; ;09/07;FERIADO MUNICIPAL;03/10;ANIVERSARIO DE CIDADE;00/00;;00/00;;00/00;;00/00;;00/00;;00/00;;00/00;;00/00;;5;N
SP;SABINO;RSO;P;A;N;N;S;3;3;0;441;59,8;0;0;SAOI;;X;X;X;X;X; ;20/01;EMANCIPACAO;09/07;REVOLUCAO CONSTITUCIONALISTA;20/11;FERIADO MUNICIPAL;08/12;FERIADO MUNICIPAL;00/00;;00/00;;00/00;;00/00;;00/00;;00/00;;5;N
SP;SAGRES;RSO;P;A;N;N;S;5;5;0;555;59,8;0;0;SAOI;;X;X;X;X;X; ;18/02;FERIADO;09/07;REVOLUCAO CONSTITUCIONALISTA;05/10;FERIADO MUNICIPAL;00/00;;00/00;;00/00;;00/00;;00/00;;00/00;;00/00;;5;N
SP;SALES;NSL;R;A;N;N;S;4;4;0;452;0;0;0;SAOI;;X;X;X;X;X; ;04/04;FERIADO MUNICIPAL;09/07;FERIADO MUNICIPAL;05/10;FERIADO MUNICIPAL;30/11;ANIVERSARIO DE CIDADE;00/00;;00/00;;00/00;;00/00;;00/00;;00/00;;5;N
SP;SALES OLIVEIRA;LFN;R;A;N;N;S;2;2;0;376;0;0;0;SAOI;;X;X;X;X;X; ;22/05;ANIVERSARIO DE CIDADE;09/07;REVOLUCAO CONSTITUCIONALISTA;20/11;FERIADO MUNICIPAL;00/00;;00/00;;00/00;;00/00;;00/00;;00/00;;00/00;;5;N
SP;SALESOPOLIS;SVP;R;A;N;N;S;4;4;0;140;65;0;0;SAOP;;X;X;X;X;X; ;28/02;ANIVERSARIO DA CIDADE;19/03;FERIADO MUNICIPAL;09/07;FERIADO MUNICIPAL;00/00;;00/00;;00/00;;00/00;;00/00;;00/00;;00/00;;5;N
SP;SALMOURAO;RSO;P;A;N;N;S;5;5;0;559;59,8;0;0;SAOI;;X;X;X;X;X; ;18/02;ANIVERSARIO DE CIDADE;24/06;FERIADO MUNICIPAL;09/07;REVOLUCAO CONSTITUCIONALISTA;13/12;FERIADO MUNICIPAL;00/00;;00/00;;00/00;;00/00;;00/00;;00/00;;5;N
SP;SALTINHO;BIG;R;A;N;N;S;2;2;0;145;0;0;0;SAOI;;X;X;X;X;X; ;19/05;ANIVERSARIO DE CIDADE;09/07;FERIADO MUNICIPAL;00/00;;00/00;;00/00;;00/00;;00/00;;00/00;;00/00;;00/00;;5;N
SP;SALTO;SOD;P;A;N;S;S;3;3;0;115;0;0;0;SODP;;X;X;X;X;X; ;09/07;REVOLUCAO CONSTITUCIONALISTA;08/09;ANIVERSARIO DA CIDADE;00/00;;00/00;;00/00;;00/00;;00/00;;00/00;;00/00;;00/00;;5;N
SP;SALTO DE PIRAPORA;RSO;P;A;N;N;S;2;2;0;96;0;0;0;SAOI;;X;X;X;X;X; ;24/06;ANIVERSARIO DA CIDADE;09/07;FERIADO MUNICIPAL3;20/11;FERIADO MUNICIPAL;30/12;FERIADO MUNICIPAL;00/00;;00/00;;00/00;;00/00;;00/00;;00/00;;5;N
SP;SALTO GRANDE;RSO;P;A;N;N;S;4;4;0;354;33,8;0;0;SAOI;;X;X;X;X;X; ;09/07;REVOLUCAO CONSTITUCIONALISTA;15/09;FERIADO MUNICIPAL;20/11;FERIADO MUNICIPAL;27/12;ANIVERSARIO DA CIDADE;00/00;;00/00;;00/00;;00/00;;00/00;;00/00;;5;N
SP;SANDOVALINA;RSO;P;A;N;N;S;5;5;0;575;59,8;0;0;SAOI;;X;X;X;X;X; ;13/06;FERIADO MUNICIPAL;09/07;REVOLUCAO CONSTITUCIONALISTA;15/08;FERIADO MUNICIPAL;28/10;FERIADO MUNICIPAL;00/00;;00/00;;00/00;;00/00;;00/00;;00/00;;5;N
SP;SANTA ADELIA;NSL;R;A;N;N;S;4;4;0;381;65;0;0;SAOI;;X;X;X;X;X; ;22/03;ANIVERSARIO DE CIDADE;09/07;REVOLUCAO CONSTITUCIONALISTA;16/12;FERIADO MUNICIPAL;00/00;;00/00;;00/00;;00/00;;00/00;;00/00;;00/00;;5;N
SP;SANTA ALBERTINA;RSO;P;A;N;N;S;3;3;0;626;59,8;0;0;SAOI;;X;X;X;X;X; ;24/06;EMANCIPACAO;09/07;FERIADO MUNICIPAL;04/10;FERIADO MUNICIPAL;20/11;CONSCIENCIA NEGRA;00/00;;00/00;;00/00;;00/00;;00/00;;00/00;;5;N
SP;SANTA BARBARA D OESTE;PSP;P;A;N;S;S;2;2;0;150;0;0;0;SAOP;;X;X;X;X;X; ;09/07;FERIADO MUNICIPAL;04/12;EMANCIPACAO;00/00;;00/00;;00/00;;00/00;;00/00;;00/00;;00/00;;00/00;;5;N
SP;SANTA BRANCA;SPA;I;A;N;N;S;7;7;0;119;52;0;0;SAOI;; ;X; ; ; ; ;22/05;ANIVERSARIO DE CIDADE;09/07;FERIADO MUNICIPAL;26/09;FERIADO MUNICIPAL;00/00;;00/00;;00/00;;00/00;;00/00;;00/00;;00/00;;5;N
SP;SANTA CLARA D OESTE;NSL;R;A;N;N;S;5;5;0;648;104;0;0;SAOI;;X;X;X;X;X; ;21/03;FERIADO MUNICIPAL;20/05;FERIADO MUNICIPAL;09/07;FERIADO MUNICIPAL;11/08;FERIADO MUNICIPAL;00/00;;00/00;;00/00;;00/00;;00/00;;00/00;;5;N
SP;SANTA CRUZ DA CONCEICAO;NSL;I;A;N;N;S;3;3;0;214;46,8;0;0;SAOI;;X;X;X;X;X; ;03/05;ANIVERSARIO DE CIDADE;09/07;REVOLUCAO CONSTITUCIONALISTA;08/12;PADROEIRO DO MUNICIPIO;00/00;;00/00;;00/00;;00/00;;00/00;;00/00;;00/00;;5;N
SP;SANTA CRUZ DA ESPERANCA;LFN;P;A;N;N;S;2;2;0;311;15,6;0;10;SAOI;;X;X;X;X;X; ;00/00;;00/00;;00/00;;00/00;;00/00;;00/00;;00/00;;00/00;;00/00;;00/00;;5;N
SP;SANTA CRUZ DAS PALMEIRAS;LFN;P;A;N;N;S;3;3;0;242;0;0;10;SAOI;;X;X;X;X;X; ;03/05;ANIVERSARIO DE CIDADE;09/07;REVOLUCAO CONSTITUCIONALISTA;14/09;FERIADO MUNICIPAL;20/11;FERIADO MUNICIPAL;00/00;;00/00;;00/00;;00/00;;00/00;;00/00;;5;N
SP;SANTA CRUZ DO RIO PARDO;RSO;R;A;N;N;S;5;5;0;315;0;0;0;SAOI;;X;X;X;X;X; ;20/01;ANIVERSARIO DA CIDADE;13/05;FERIADO MUNICIPAL;09/07;FERIADO MUNICIPAL;00/00;;00/00;;00/00;;00/00;;00/00;;00/00;;00/00;;5;N
SP;SANTA ERNESTINA;RSO;P;A;N;N;S;4;4;0;335;33,8;0;0;SAOI;;X;X;X;X;X; ;09/07;REVOLUCAO CONSTITUCIONALISTA;26/07;FERIADO MUNICIPAL;00/00;;00/00;;00/00;;00/00;;00/00;;00/00;;00/00;;00/00;;5;N
SP;SANTA FE DO SUL;RSO;P;A;N;N;S;3;3;0;635;0;0;0;SAOI;;X;X;X;X;X; ;24/06;EMANCIPACAO;09/07;REVOLUCAO CONSTITUCIONALISTA;00/00;;00/00;;00/00;;00/00;;00/00;;00/00;;00/00;;00/00;;5;N
SP;SANTA GERTRUDES;PSP;I;A;N;S;S;6;6;0;178;0;0;0;RSOI;;X;X;X;X;X; ;09/07;FERIADO MUNICIPAL;26/07;FERIADO MUNICIPAL;16/08;ANIVERSARIO DA CIDADE;00/00;;00/00;;00/00;;00/00;;00/00;;00/00;;00/00;;5;N
SP;SANTA ISABEL;SJK;I;A;N;S;S;3;3;0;43;0;0;0;SPOP;; ; ;X; ; ; ;00/00;;00/00;;00/00;;00/00;;00/00;;00/00;;00/00;;00/00;;00/00;;00/00;;5;N
SP;SANTA LUCIA;LFN;P;A;N;N;S;3;3;0;303;15,6;0;10;SAOI;;X;X;X;X;X; ;09/07;REVOLUCAO CONSTITUCIONALISTA;20/11;FERIADO MUNICIPAL;19/12;ANIVERSARIO DA CIDADE;00/00;;00/00;;00/00;;00/00;;00/00;;00/00;;00/00;;5;N
SP;SANTA MARIA DA SERRA;BIG;R;A;N;N;S;2;2;0;215;0;0;0;SAOI;;X;X;X;X;X; ;09/07;REVOLUCAO CONSTITUCIONALISTA;15/08;FERIADO MUNICIPAL;27/10;ANIVERSARIO DA CIDADE;00/00;;00/00;;00/00;;00/00;;00/00;;00/00;;00/00;;5;N
SP;SANTA MERCEDES;RSO;P;A;N;N;S;3;3;0;656;33,8;0;0;SAOI;;X;X;X;X;X; ;09/07;REVOLUCAO CONSTITUCIONALISTA;24/09;ANIVERSARIO DA CIDADE;20/11;FERIADO MUNICIPAL;00/00;;00/00;;00/00;;00/00;;00/00;;00/00;;00/00;;5;N
SP;SANTA RITA D OESTE;RSO;P;A;N;N;S;3;3;0;639;59,8;0;0;SAOI;;X;X;X;X;X; ;22/05;FERIADO MUNICIPAL;09/07;FERIADO MUNICIPAL;00/00;;00/00;;00/00;;00/00;;00/00;;00/00;;00/00;;00/00;;5;N
SP;SANTA RITA DO PASSA QUATRO;LFN;P;A;N;N;S;3;3;0;267;0;0;10;SAOI;;X;X;X;X;X; ;22/05;EMANCIPACAO;09/07;REVOLUCAO CONSTITUCIONALISTA;00/00;;00/00;;00/00;;00/00;;00/00;;00/00;;00/00;;00/00;;5;N
SP;SANTA ROSA DE VITERBO;LFN;P;A;N;N;S;2;2;0;284;0;0;10;SAOI;;X;X;X;X;X; ;09/07;FERIADO MUNICIPAL;04/09;ANIVERSARIO DA CIDADE;20/11;CONSCIENCIA NEGRA;00/00;;00/00;;00/00;;00/00;;00/00;;00/00;;00/00;;5;N
SP;SANTA SALETE;NSL;R;A;N;N;S;5;5;0;612;104;0;0;SAOI;;X;X;X;X;X; ;00/00;;00/00;;00/00;;00/00;;00/00;;00/00;;00/00;;00/00;;00/00;;00/00;;5;N
SP;SANTANA DA PONTE PENSA;NSL;R;A;N;N;S;5;5;0;625;104;0;0;SAOI;;X;X;X;X;X; ;21/03;EMANCIPACAO;09/07;REVOLUCAO CONSTITUCIONALISTA;26/07;FERIADO MUNICIPAL;20/11;FERIADO MUNICIPAL;00/00;;00/00;;00/00;;00/00;;00/00;;00/00;;5;N
SP;SANTANA DE PARNAIBA;SPO;R;A;N;S;S;2;2;0;54;59,8;0;0;SPOR;;X;X;X;X;X; ;09/07;REVOLUCAO CONSTITUCIONALISTA;26/07;FERIADO MUNICIPAL;14/11;ANIVERSARIO DA CIDADE;00/00;;00/00;;00/00;;00/00;;00/00;;00/00;;00/00;;5;N
SP;SANTO ANASTACIO;RSO;P;A;N;N;S;2;2;0;559;0;0;0;SAOI;;X;X;X;X;X; ;22/01;PADROEIRO DO MUNICIPIO;09/07;REVOLUCAO CONSTITUCIONALISTA;19/11;ANIVERSARIO DA CIDADE;08/12;FERIADO MUNICIPAL;00/00;;00/00;;00/00;;00/00;;00/00;;00/00;;5;N
SP;SANTO ANDRE;SPO;P;A;N;S;S;1;1;0;35;0;0;0;SPOP;;X;X;X;X;X; ;08/04;ANIVERSARIO;09/07;REVOLUCAO CONSTITUCIONALISTA;20/11;.;00/00;;00/00;;00/00;;00/00;;00/00;;00/00;;00/00;;5;N
SP;SANTO ANTONIO DA ALEGRIA;LFN;P;A;N;N;S;2;2;0;343;46,8;0;10;SAOI;;X;X;X;X;X; ;06/01;FERIADO MUNICIPAL;13/06;EMANCIPACAO;09/07;REVOLUCAO CONSTITUCIONALISTA;00/00;;00/00;;00/00;;00/00;;00/00;;00/00;;00/00;;5;N
SP;SANTO ANTONIO DE POSSE;PSP;P;A;N;S;S;4;4;0;134;0;0;0;SAOI;;X;X;X;X;X; ;13/06;EMANCIPACAO;09/07;FERIADO MUNICIPAL;08/12;FERIADO MUNICIPAL;00/00;;00/00;;00/00;;00/00;;00/00;;00/00;;00/00;;5;N
SP;SANTO ANTONIO DO ARACANGUA;RSO;P;A;N;N;S;3;3;0;528;59,8;0;0;SAOI;;X;X;X;X;X; ;00/00;;00/00;;00/00;;00/00;;00/00;;00/00;;00/00;;00/00;;00/00;;00/00;;5;N
SP;SANTO ANTONIO DO JARDIM;RSO;P;A;N;N;S;5;5;0;197;59,8;0;0;SAOI;;X;X;X;X;X; ;26/03;EMANCIPACAO;13/06;FERIADO MUNICIPAL;09/07;REVOLUCAO CONSTITUCIONALISTA;20/11;FERIADO MUNICIPAL;00/00;;00/00;;00/00;;00/00;;00/00;;00/00;;5;N
SP;SANTO ANTONIO DO PINHAL;SPA;I;A;N;N;S;3;3;0;194;0;0;0;SAOI;; ;X; ;X; ; ;26/01;EMANCIPACAO;13/06;ANIVERSARIO DA CIDADE;09/07;FERIADO MUNICIPAL;00/00;;00/00;;00/00;;00/00;;00/00;;00/00;;00/00;;5;N
SP;SANTO EXPEDITO;RSO;P;A;N;N;S;5;5;0;571;59,8;0;0;SAOI;;X;X;X;X;X; ;19/04;ANIVERSARIO DA CIDADE;09/07;REVOLUCAO CONSTITUCIONALISTA;20/11;FERIADO MUNICIPAL;10/12;FERIADO MUNICIPAL;00/00;;00/00;;00/00;;00/00;;00/00;;00/00;;5;N
SP;SANTOPOLIS DO AGUAPEI;RSO;P;A;N;N;S;5;5;0;496;59,8;0;0;SAOI;;X;X;X;X;X; ;03/05;EMANCIPACAO;09/07;FERIADO MUNICIPAL;20/11;FERIADO MUNICIPAL;27/11;FERIADO MUNICIPAL;00/00;;00/00;;00/00;;00/00;;00/00;;00/00;;5;N
SP;SANTOS;SVP;R;A;N;N;S;3;3;0;111;0;0;0;SAOP;;X;X;X;X;X; ;26/01;ANIVERSARIO DA CIDADE;09/07;REVOLUCAO CONSTITUCIONALISTA;08/09;FERIADO MUNICIPAL;20/11;CONCIENCIA NEGRA;00/00;;00/00;;00/00;;00/00;;00/00;;00/00;;5;N
SP;SAO BENTO DO SAPUCAI;SPA;I;A;N;N;S;3;3;0;223;0;0;0;SAOI;; ;X; ;X; ; ;09/07;FERIADO MUNICIPAL;11/07;FERIADO MUNICIPAL;16/08;ANIVERSARIO DA CIDADE;00/00;;00/00;;00/00;;00/00;;00/00;;00/00;;00/00;;5;N
SP;SAO BERNARDO DO CAMPO;SPO;P;A;N;S;S;1;1;0;33;0;0;0;SPOP;;X;X;X;X;X; ;09/07;REV CONSTITUCIONALISTA;20/08;ANIVERSARIO;20/11;CONSCIENCIA NEGRA;00/00;;00/00;;00/00;;00/00;;00/00;;00/00;;00/00;;5;N
SP;SAO CAETANO DO SUL;SPO;P;A;N;S;S;1;1;0;25;0;0;0;SPOP;;X;X;X;X;X; ;09/07;REV CONSTITUCIONALISTA;28/07;ANIVERSARIO;20/11;CONSCIENCIA NEGRA;00/00;;00/00;;00/00;;00/00;;00/00;;00/00;;00/00;;5;N
SP;SAO CARLOS;LFN;P;A;N;N;S;2;2;0;248;0;0;10;SAOI;;X;X;X;X;X; ;09/07;FERIADO MUNICIPAL;15/08;FERIADO MUNICIPAL;04/11;ANIVERSARIO DA CIDADE;00/00;;00/00;;00/00;;00/00;;00/00;;00/00;;00/00;;5;N
SP;SAO FRANCISCO;RSO;I;A;N;N;S;5;5;0;19;59,8;0;0;SAOI;;X;X;X;X;X; ;03/05;ANIVERSARIO DA CIDADE;09/07;FERIADO MUNICIPAL;04/10;FERIADO MUNICIPAL;00/00;;00/00;;00/00;;00/00;;00/00;;00/00;;00/00;;5;N
SP;SAO JOAO DA BOA VISTA;LFN;P;A;N;S;S;3;5;0;213;0;0;0;SAOI;;X;X;X;X;X; ;24/06;ANIVERSARIO DA CIDADE;09/07;FERIADO MUNICIPAL;20/11;CONSCIENCIA NEGRA;00/00;;00/00;;00/00;;00/00;;00/00;;00/00;;00/00;;5;N
SP;SAO JOAO DAS DUAS PONTES;RSO;P;A;N;N;S;5;5;0;586;59,8;0;0;SAOI;;X;X;X;X;X; ;24/06;EMANCIPACAO;09/07;REVOLUCAO CONSTITUCIONALISTA;00/00;;00/00;;00/00;;00/00;;00/00;;00/00;;00/00;;00/00;;5;N
SP;SAO JOAO DE IRACEMA;RSO;P;A;N;N;S;5;5;0;574;59,8;0;0;SAOI;;X;X;X;X;X; ;00/00;;00/00;;00/00;;00/00;;00/00;;00/00;;00/00;;00/00;;00/00;;00/00;;5;N
SP;SAO JOAO DO PAU D ALHO;RSO;P;A;N;N;S;3;3;0;660;59,8;0;0;SAOI;;X;X;X;X;X; ;24/06;FERIADO MUNICIPAL;29/06;FERIADO MUNICIPAL;09/07;FERIADO MUNICIPAL;20/11;FERIADO MUNICIPAL;00/00;;00/00;;00/00;;00/00;;00/00;;00/00;;5;N
SP;SAO JOAQUIM DA BARRA;LFN;P;A;N;N;S;3;3;0;395;46,8;0;10;SAOI;;X;X;X;X;X; ;30/05;ANIVERSARIO DA CIDADE;09/07;REVOLUCAO CONSTITUCIONALISTA;26/07;FERIADO MUNICIPAL;00/00;;00/00;;00/00;;00/00;;00/00;;00/00;;00/00;;5;N
SP;SAO JOSE DA BELA VISTA;LFN;P;A;N;N;S;3;3;0;406;156;0;10;SAOI;;X;X;X;X;X; ;19/03;ANIVERSARIO DA CIDADE;03/04;EMANCIPACAO;09/07;FERIADO MUNICIPAL;20/11;DIA DA CONSCIENCIA NEGRA;00/00;;00/00;;00/00;;00/00;;00/00;;00/00;;5;N
SP;SAO JOSE DO BARREIRO;SPA;I;A;N;N;S;5;5;0;300;52;0;0;SAOI;; ; ; ; ;X; ;09/03;ANIVERSARIO DA CIDADE;19/03;FERIADO MUNICIPAL;09/07;FERIADO MUNICIPAL;00/00;;00/00;;00/00;;00/00;;00/00;;00/00;;00/00;;5;N
SP;SAO JOSE DO RIO PARDO;LFN;I;A;N;N;S;2;2;0;250;0;0;0;SAOI;;X;X;X;X;X; ;19/03;EMANCIPACAO;09/07;FERIADO MUNICIPAL;15/08;FERIADO MUNICIPAL;00/00;;00/00;;00/00;;00/00;;00/00;;00/00;;00/00;;5;N
SP;SAO JOSE DO RIO PRETO;NSL;P;A;N;S;S;3;3;0;449;0;0;0;SAOI;;X;X;X;X;X; ;19/03;ANIVERSARIO DA CIDADE;09/07;REVOLUCAO CONSTITUCIONALISTA;20/11;CONSCIENCIA NEGRA;08/12;FERIADO MUNICIPAL;00/00;;00/00;;00/00;;00/00;;00/00;;00/00;;5;N
SP;SAO JOSE DOS CAMPOS;SJK;P;A;N;S;S;2;2;0;112;0;0;0;SAOI;;X;X;X;X;X; ;19/03;DIA DE SAO JOSE, PADROEIRO DA ;09/07;REVOLUCAO CONSTITUCIONALISTA;27/07;ANIVERSARIO DA CIDADE;00/00;;00/00;;00/00;;00/00;;00/00;;00/00;;00/00;;5;N
SP;SAO LOURENCO DA SERRA;RSO;P;A;N;N;S;2;2;0;51;63,7;0;0;SAOI;;X;X;X;X;X; ;12/03;ANIVERSARIO DA CIDADE;09/07;FERIADO MUNICIPAL;10/08;FERIADO MUNICIPAL;20/11;DIA DA CONSCIENCIA NEGRA;00/00;;00/00;;00/00;;00/00;;00/00;;00/00;;5;N
SP;SAO LUIZ DO PARAITINGA;SPA;I;A;N;N;S;5;5;0;198;52;0;0;SAOI;; ; ; ;X; ; ;00/00;;00/00;;00/00;;00/00;;00/00;;00/00;;00/00;;00/00;;00/00;;00/00;;5;N
SP;SAO MANUEL;BIG;P;A;N;N;S;2;2;0;229;0;0;0;SAOI;;X;X;X;X;X; ;17/06;ANIVERSARIO DA CIDADE;09/07;REVOLUCAO CONSTITUCIONALISTA;15/08;FERIADO MUNICIPAL;00/00;;00/00;;00/00;;00/00;;00/00;;00/00;;00/00;;5;N
SP;SAO MIGUEL ARCANJO;RSO;P;A;N;N;S;5;5;0;154;33,8;0;0;SAOI;;X;X;X;X;X; ;01/04;ANIVERSARIO DA CIDADE;09/07;FERIADO MUNICIPAL;29/09;FERIADO MUNICIPAL;00/00;;00/00;;00/00;;00/00;;00/00;;00/00;;00/00;;5;N
SP;SAO PAULO;SPO;P;A;N;S;S;1;1;0;21;0;0;0;SPOP;;X;X;X;X;X; ;25/01;ANIVERSARIO;09/07;REV CONSTITUCIONALISTA;20/11;CONCIENCIA NEGRA;00/00;;00/00;;00/00;;00/00;;00/00;;00/00;;00/00;;5;N
SP;SAO PEDRO;BIG;R;A;N;N;S;3;3;0;38;0;0;0;SAOI;;X;X;X;X;X; ;22/02;ANIVERSARIO DA CIDADE;29/06;FERIADO MUNICIPAL;09/07;FERIADO MUNICIPAL;20/11;FERIADO MUNICIPAL;00/00;;00/00;;00/00;;00/00;;00/00;;00/00;;5;N
SP;SAO PEDRO DO TURVO;RSO;P;A;N;N;S;4;4;0;334;59,8;0;0;SAOI;;X;X;X;X;X; ;29/05;ANIVERSARIO DA CIDADE;29/06;FERIADO MUNICIPAL;09/07;REVOLUCAO CONSTITUCIONALISTA;08/12;FERIADO MUNICIPAL;00/00;;00/00;;00/00;;00/00;;00/00;;00/00;;5;N
SP;SAO ROQUE;BIG;R;A;N;N;S;3;3;0;41;0;0;0;SAOI;;X;X;X;X;X; ;09/07;REVOLUCAO CONSTITUCIONALISTA;16/08;ANIVERSARIO DA CIDADE;00/00;;00/00;;00/00;;00/00;;00/00;;00/00;;00/00;;00/00;;5;N
SP;SAO SEBASTIAO;SPA;I;A;N;N;S;4;4;0;221;52;0;0;SAOI;; ;X; ;X; ; ;20/01;FERIADO MUNICIPAL;16/03;ANIVERSARIO DA CIDADE;09/07;REVOLUCAO CONSTITUCIONALISTA;00/00;;00/00;;00/00;;00/00;;00/00;;00/00;;00/00;;5;N
SP;SAO SEBASTIAO DA GRAMA;LFN;P;A;N;N;S;3;3;0;244;46,8;0;10;SAOI;;X;X;X;X;X; ;20/01;FERIADO MUNICIPAL;09/07;REVOLUCAO CONSTITUCIONALISTA;04/11;ANIVERSARIO DA CIDADE;20/11;FERIADO MUNICIPAL;00/00;;00/00;;00/00;;00/00;;00/00;;00/00;;5;N
SP;SAO SIMAO;LFN;P;A;N;S;S;4;4;0;292;0;0;10;SAOI;;X;X;X;X;X; ;13/06;FERIADO MUNICIPAL;09/07;REVOLUCAO CONSTITUCIONALISTA;28/10;EMANCIPACAO;20/11;DIA DA CONSCIENCIA NEGRA;00/00;;00/00;;00/00;;00/00;;00/00;;00/00;;5;N
SP;SAO VICENTE;SVP;R;A;N;N;S;3;3;0;105;0;0;0;SAOP;;X;X;X;X;X; ;22/01;ANIVERSARIO DA CIDADE;09/07;FERIADO MUNICIPAL;20/11;CONCIENCIA NEGRA;00/00;;00/00;;00/00;;00/00;;00/00;;00/00;;00/00;;5;N
SP;SARAPUI;RSO;P;A;N;N;S;5;5;0;128;59,8;0;0;SAOI;;X;X;X;X;X; ;13/03;EMANCIPACAO;09/07;FERIADO MUNICIPAL;15/09;FERIADO MUNICIPAL;00/00;;00/00;;00/00;;00/00;;00/00;;00/00;;00/00;;5;N
SP;SARUTAIA;RSO;P;A;N;N;S;5;5;0;318;59,8;0;0;SAOI;;X;X;X;X;X; ;18/02;ANIVERSARIO DA CIDADE;09/07;REVOLUCAO;20/11;FERIADO MUNICIPAL;08/12;FERIADO MUNICIPAL;00/00;;00/00;;00/00;;00/00;;00/00;;00/00;;5;N
SP;SEBASTIANOPOLIS DO SUL;RSO;P;A;N;N;S;3;3;0;515;59,8;0;0;SAOI;;X;X;X;X;X; ;20/01;FERIADO MUNICIPAL;28/02;FERIADO;09/07;REVOLUCAO CONSTITUCIONALISTA;06/08;FERIADO MUNICIPAL;20/11;FERIADO MUNICIPAL;00/00;;00/00;;00/00;;00/00;;00/00;;5;N
SP;SERRA AZUL;LFN;P;A;N;N;S;3;3;0;313;46,8;0;10;SAOI;;X;X;X;X;X; ;09/07;REVOLUCAO CONSTITUCIONALISTA;14/11;ANIVERSARIO DA CIDADE;20/11;FERIADO MUNICIPAL;08/12;FERIADO MUNICIPAL;00/00;;00/00;;00/00;;00/00;;00/00;;00/00;;5;N
SP;SERRA NEGRA;RSO;P;A;N;N;S;2;2;0;143;0;0;0;SAOI;ATENDIMENTO 2X NA SEMANA ; ;X; ;X; ; ;00/00;;00/00;;00/00;;00/00;;00/00;;00/00;;00/00;;00/00;;00/00;;00/00;;5;N
SP;SERRANA;LFN;P;A;N;N;S;2;2;0;324;0;0;10;SAOI;;X;X;X;X;X; ;10/04;ANIVERSARIO DA CIDADE;09/07;REVOLUCAO CONSTITUCIONALISTA;15/09;FERIADO MUNICIPAL;00/00;;00/00;;00/00;;00/00;;00/00;;00/00;;00/00;;5;N
SP;SERTAOZINHO;LFN;P;A;N;N;S;2;2;0;350;0;0;10;SAOI;;X;X;X;X;X; ;09/07;REVOLUCAO CONSTITUCIONALISTA;05/12;ANIVERSARIO DA CIDADE;00/00;;00/00;;00/00;;00/00;;00/00;;00/00;;00/00;;00/00;;5;N
SP;SETE BARRAS;RSO;P;A;N;N;S;5;5;0;198;59,8;0;0;SAOI;;X;X;X;X;X; ;24/06;FERIADO MUNICIPAL;09/07;FERIADO MUNICIPAL;20/11;CONSCIENCIA NEGRA;18/12;ANIVERSARIO DA CIDADE;00/00;;00/00;;00/00;;00/00;;00/00;;00/00;;5;N
SP;SEVERINIA;LFN;P;A;N;N;S;2;2;0;434;46,8;0;10;SAOI;;X;X;X;X;X; ;19/02;EMANCIPACAO;19/03;FERIADO MUNICIPAL;09/07;FERIADO MUNICIPAL;01/11;FERIADO MUNICIPAL;00/00;;00/00;;00/00;;00/00;;00/00;;00/00;;5;N
SP;SILVEIRAS;SPA;I;A;N;N;S;5;5;0;253;52;0;0;SAOI;; ; ; ; ;X; ;00/00;;00/00;;00/00;;00/00;;00/00;;00/00;;00/00;;00/00;;00/00;;00/00;;5;N
SP;SOCORRO;RSO;P;A;N;N;S;3;3;0;156;0;0;0;SAOI;;X;X;X;X;X; ;09/07;FERIADO MUNICIPAL;15/08;FERIADO MUNICIPAL;20/11;FERIADO MUNICIPAL;00/00;;00/00;;00/00;;00/00;;00/00;;00/00;;00/00;;5;N
SP;SOROCABA;SOD;P;A;N;S;S;2;2;0;113;0;0;0;SODP;;X;X;X;X;X; ;09/07;REVOLUCAO CONSTITUCIONALISTA;15/08;ANIVERSARIO DA CIDADE;20/11;CONSCIENCIA NEGRA;00/00;;00/00;;00/00;;00/00;;00/00;;00/00;;00/00;;5;N
SP;SUD MENNUCCI;NSL;I;A;N;N;S;5;5;0;607;104;0;0;SAOI;;X;X;X;X;X; ;09/07;FERIADO MUNICIPAL;10/09;EMANCIPACAO;20/11;FERIADO MUNICIPAL;00/00;;00/00;;00/00;;00/00;;00/00;;00/00;;00/00;;5;N
SP;SUMARE;PSP;P;A;N;S;S;2;2;0;130;0;0;0;SAOP;;X;X;X;X;X; ;09/07;REVOLUCAO CONSTITUCIONALISTA;26/07;ANIVERSARIO DA CIDADE;20/11;CONSCIENCIA NEGRA;00/00;;00/00;;00/00;;00/00;;00/00;;00/00;;00/00;;5;N
SP;SUZANAPOLIS;RSO;I;A;N;N;S;5;5;0;625;59,8;0;0;SAOI;;X;X;X;X;X; ;00/00;;00/00;;00/00;;00/00;;00/00;;00/00;;00/00;;00/00;;00/00;;00/00;;5;N
SP;SUZANO;SPO;P;A;N;S;S;1;1;0;38;0;0;0;SPOP;;X;X;X;X;X; ;20/01;FERIADO MUNICIPAL;02/04;ANIVERSARIO DA CIDADE;09/07;REVOLUCAO CONSTITUCIONALISTA;20/11;CONSCIENCIA NEGRA;00/00;;00/00;;00/00;;00/00;;00/00;;00/00;;5;N
SP;TABAPUA;NSL;R;A;N;N;S;4;4;0;420;65;0;0;SAOI;;X;X;X;X;X; ;09/07;FERIADO MUNICIPAL;11/10;FERIADO MUNICIPAL;27/11;ANIVERSARIO DA CIDADE;00/00;;00/00;;00/00;;00/00;;00/00;;00/00;;00/00;;5;N
SP;TABATINGA;NSL;R;A;N;N;S;4;4;0;341;0;0;0;SAOI;;X;X;X;X;X; ;26/04;EMANCIPACAO;09/07;REVOLUCAO CONSTITUCIONALISTA;20/11;FERIADO MUNICIPAL;00/00;;00/00;;00/00;;00/00;;00/00;;00/00;;00/00;;5;N
SP;TABOAO DA SERRA;SPO;P;A;N;N;S;1;1;0;30;0;0;0;SPOP;;X;X;X;X;X; ;19/02;ANIVERSARIO DA CIDADE;09/07;REVOLUCAO CONSTITUCIONALISTA;00/00;;00/00;;00/00;;00/00;;00/00;;00/00;;00/00;;00/00;;5;N
SP;TACIBA;RSO;P;A;N;N;S;3;3;0;516;59,8;0;0;SAOI;;X;X;X;X;X; ;09/07;FERIADO MUNICIPAL;01/11;EMANCIPACAO;20/11;FERIADO MUNICIPAL;08/12;PADROEIRO DO MUNICIPIO;00/00;;00/00;;00/00;;00/00;;00/00;;00/00;;5;N
SP;TAGUAI;RSO;R;A;N;N;S;4;4;0;319;0;0;0;SAOI;;X;X;X;X;X; ;18/02;ANIVERSARIO DA CIDADE;22/05;FERIADO MUNICIPAL;09/07;REVOLUCAO;00/00;;00/00;;00/00;;00/00;;00/00;;00/00;;00/00;;5;N
SP;TAIACU;NSL;P;A;N;N;S;4;4;0;374;65;0;0;SAOI;;X;X;X;X;X; ;19/03;EMANCIPACAO;09/07;FERIADO MUNICIPAL;30/12;FERIADO MUNICIPAL;00/00;;00/00;;00/00;;00/00;;00/00;;00/00;;00/00;;5;N
SP;TAIUVA;RSO;P;A;N;N;S;5;5;0;374;59,8;0;0;SAOI;;X;X;X;X;X; ;13/06;EMANCIPACAO;09/07;FERIADO MUNICIPAL;20/11;FERIADO MUNICIPAL;00/00;;00/00;;00/00;;00/00;;00/00;;00/00;;00/00;;5;N
SP;TAMBAU;LFN;P;A;N;N;S;3;3;0;254;0;0;10;SAOI;;X;X;X;X;X; ;16/06;FERIADO MUNICIPAL;09/07;REVOLUCAO CONSTITUCIONALISTA;20/08;ANIVERSARIO DA CIDADE;00/00;;00/00;;00/00;;00/00;;00/00;;00/00;;00/00;;5;N
SP;TANABI;NSL;R;A;N;N;S;5;5;0;488;104;0;0;SAOI;;X;X;X;X;X; ;04/07;EMANCIPACAO;09/07;REVOLUCAO CONSTITUCIONALISTA;08/12;FERIADO MUNICIPAL;00/00;;00/00;;00/00;;00/00;;00/00;;00/00;;00/00;;5;N
SP;TAPIRAI;RSO;P;A;N;N;S;3;3;0;138;59,8;0;0;SAOI;;X;X;X;X;X; ;19/02;ANIVERSARIO DA CIDADE;09/07;FERIADO MUNICIPAL;20/11;DIA DA CONSCIENCIA NEGRA;25/11;FERIADO MUNICIPAL;00/00;;00/00;;00/00;;00/00;;00/00;;00/00;;5;N
SP;TAPIRATIBA;LFN;I;A;N;N;S;3;3;0;272;48,6;0;0;SAOI;;X;X;X;X;X; ;09/07;REVOLUCAO CONSTITUCIONALISTA;27/12;ANIVERSARIO DA CIDADE;00/00;;00/00;;00/00;;00/00;;00/00;;00/00;;00/00;;00/00;;5;N
SP;TAQUARAL;LFN;P;A;N;N;S;3;3;0;374;46,8;0;10;SAOI;;X;X;X;X;X; ;00/00;;00/00;;00/00;;00/00;;00/00;;00/00;;00/00;;00/00;;00/00;;00/00;;5;N
SP;TAQUARITINGA;LFN;P;A;N;N;S;3;3;0;345;0;0;10;SAOI;;X;X;X;X;X; ;20/01;FERIADO MUNICIPAL;09/07;REVOLUCAO CONSTITUCIONALISTA;16/08;ANIVERSARIO DA CIDADE;00/00;;00/00;;00/00;;00/00;;00/00;;00/00;;00/00;;5;N
SP;TAQUARITUBA;RSO;P;A;N;N;S;4;4;0;300;0;0;0;SAOI;;X;X;X;X;X; ;09/07;REVOLUCAO;16/08;ANIVERSARIO DA CIDADE;00/00;;00/00;;00/00;;00/00;;00/00;;00/00;;00/00;;00/00;;5;N
SP;TAQUARIVAI;RSO;I;A;N;N;S;5;5;0;240;0;0;0;SAOI;;X;X;X;X;X; ;00/00;;00/00;;00/00;;00/00;;00/00;;00/00;;00/00;;00/00;;00/00;;00/00;;5;N
SP;TARABAI;RSO;P;A;N;N;S;3;3;0;545;59,8;0;0;SAOI;;X;X;X;X;X; ;21/03;EMANCIPACAO;09/07;REVOLUCAO CONSTITUCIONALISTA;08/12;FERIADO MUNICIPAL;00/00;;00/00;;00/00;;00/00;;00/00;;00/00;;00/00;;5;N
SP;TARUMA;RSO;P;A;N;N;S;7;7;0;428;59,8;0;0;SAOI;; ; ; ;X; ; ;09/07;FERIADO MUNICIPAL;20/10;EMANCIPACAO;30/11;FERIADO MUNICIPAL;00/00;;00/00;;00/00;;00/00;;00/00;;00/00;;00/00;;5;N
SP;TATUI;SOD;P;A;N;N;S;2;2;0;115;0;0;0;SODP;;X;X;X;X;X; ;09/07;FERIADO MUNICIPAL;11/08;ANIVERSARIO DA CIDADE;08/12;FERIADO MUNICIPAL;00/00;;00/00;;00/00;;00/00;;00/00;;00/00;;00/00;;5;N
SP;TAUBATE;SJK;P;A;N;S;S;2;2;0;156;0;0;0;SAOI;;X;X;X;X;X; ;09/07;REVOLUCAO CONSTITUCIONALISTA;04/10;FERIADO MUNICIPAL;05/12;ANIVERSARIO DA CIDADE;00/00;;00/00;;00/00;;00/00;;00/00;;00/00;;00/00;;5;N
SP;TEJUPA;RSO;I;A;N;N;S;5;5;0;330;59,8;0;0;SAOI;;X;X;X;X;X; ;25/04;ANIVERSARIO DA CIDADE;26/05;FERIADO MUNICIPAL;29/06;SAO PEDRO;09/07;REVOLUCAO;08/09;MUNICIPAL;00/00;;00/00;;00/00;;00/00;;00/00;;5;N
SP;TEODORO SAMPAIO;RSO;P;A;N;N;S;5;5;0;625;59,8;0;0;SAOI;;X;X;X;X;X; ;21/03;ANIVERSARIO DA CIDADE;27/06;MUNICIPAL;09/07;MUNICIPAL;00/00;;00/00;;00/00;;00/00;;00/00;;00/00;;00/00;;5;N
SP;TERRA ROXA;LFN;P;A;N;N;S;3;3;0;416;31,2;0;10;SAOI;;X;X;X;X;X; ;09/07;FERIADO MUNICIPAL;00/00;;00/00;;00/00;;00/00;;00/00;;00/00;;00/00;;00/00;;00/00;;5;N
SP;TIETE;BIG;R;A;N;N;S;3;3;0;115;0;0;0;SAOI;;X;X;X;X;X; ;08/03;ANIVERSARIO DA CIDADE;09/07;FERIADO MUNICIPAL;15/08;FERIADO MUNICIPAL;00/00;;00/00;;00/00;;00/00;;00/00;;00/00;;00/00;;5;N
SP;TIMBURI;RSO;I;A;N;N;S;5;5;0;335;59,8;0;0;SAOI;;X;X;X;X;X; ;09/07;MUNICIPAL;24/10;EMANCIPACAO;20/11;MUNICIPAL;00/00;;00/00;;00/00;;00/00;;00/00;;00/00;;00/00;;5;N
SP;TORRE DE PEDRA;RSO;P;A;N;N;S;4;4;0;146;59,8;0;0;SAOI;;X;X;X;X;X; ;00/00;;00/00;;00/00;;00/00;;00/00;;00/00;;00/00;;00/00;;00/00;;00/00;;5;N
SP;TORRINHA;BIG;P;A;N;N;S;2;2;0;271;104;0;0;SAOI;;X;X;X;X;X; ;19/03;FERIADO MUNICIPAL;07/04;ANIVERSARIO DA CIDADE;09/07;MUNICIPAL;08/12;FERIADO MUNICIPAL;00/00;;00/00;;00/00;;00/00;;00/00;;00/00;;5;N
SP;TRABIJU;BIG;R;A;N;N;S;4;4;0;319;0;0;0;SAOI;;X;X;X;X;X; ;00/00;;00/00;;00/00;;00/00;;00/00;;00/00;;00/00;;00/00;;00/00;;00/00;;5;N
SP;TREMEMBE;SJK;P;A;N;S;S;3;3;0;178;0;0;0;SAOI;;X;X;X;X;X; ;09/07;FERIADO MUNICIPAL;06/08;DIA DO PADROEIRO;26/11;ANIVERSARIO DA CIDADE;00/00;;00/00;;00/00;;00/00;;00/00;;00/00;;00/00;;5;N
SP;TRES FRONTEIRAS;NSL;R;A;N;N;S;5;5;0;632;104;0;0;SAOI;;X;X;X;X;X; ;05/01;MUNICIPAL;18/02;FERIADO MUNICIPAL;09/07;MUNICIPAL;00/00;;00/00;;00/00;;00/00;;00/00;;00/00;;00/00;;5;N
SP;TUIUTI;BIG;R;A;N;N;S;4;4;0;116;78;0;0;SAOI;;X;X;X;X;X; ;00/00;;00/00;;00/00;;00/00;;00/00;;00/00;;00/00;;00/00;;00/00;;00/00;;5;N
SP;TUPA;RSO;P;A;N;N;S;4;4;0;485;0;0;0;SAOI;;X;X;X;X;X; ;29/06;FERIADO MUNICIPAL;09/07;FERIADO MUNICIPAL;00/00;;00/00;;00/00;;00/00;;00/00;;00/00;;00/00;;00/00;;5;N
SP;TUPI PAULISTA;RSO;P;A;N;N;S;4;4;0;644;59,8;0;0;SAOI;;X;X;X;X;X; ;09/07;MUNICIPAL;15/08;FERIADO MUNICIPAL;28/08;ANIVERSARIO DA CIDADE;00/00;;00/00;;00/00;;00/00;;00/00;;00/00;;00/00;;5;N
SP;TURIUBA;RSO;P;A;N;N;S;5;5;0;529;59,8;0;0;SAOI;;X;X;X;X;X; ;09/07;MUNICIPAL;19/07;EMANCIPACAO;27/09;FERIADO MUNICIPAL;08/12;MUNICIPAL;00/00;;00/00;;00/00;;00/00;;00/00;;00/00;;5;N
SP;TURMALINA;RSO;I;A;N;N;S;5;5;0;609;59,8;0;0;SAOI;;X;X;X;X;X; ;09/07;MUNICIPAL;06/08;EMANCIPACAO;15/08;FERIADO MUNICIPAL;00/00;;00/00;;00/00;;00/00;;00/00;;00/00;;00/00;;5;N
SP;UBARANA;NSL;R;A;N;N;S;4;4;0;464;0;0;0;SAOI;;X;X;X;X;X; ;00/00;;00/00;;00/00;;00/00;;00/00;;00/00;;00/00;;00/00;;00/00;;00/00;;5;N
SP;UBATUBA;SPA;I;A;N;N;S;3;3;0;248;52;0;0;SAOI;; ;X; ;X; ; ;29/06;FERIADO MUNICIPAL;09/07;FERIADO MUNICIPAL;14/09;FERIADO MUNICIPAL;28/10;ANIVERSARIO DA CIDADE;00/00;;00/00;;00/00;;00/00;;00/00;;00/00;;5;N
SP;UBIRAJARA;RSO;I;A;N;N;S;5;5;0;371;59,8;0;0;SAOI;;X;X;X;X;X; ;09/07;MUNICIPAL;00/00;;00/00;;00/00;;00/00;;00/00;;00/00;;00/00;;00/00;;00/00;;5;N
SP;UCHOA;NSL;R;A;N;N;S;4;4;0;428;0;0;0;SAOI;;X;X;X;X;X; ;28/03;EMANCIPACAO;08/07;FERIADO MUNICIPAL;09/07;FERIADO MUNICIPAL;00/00;;00/00;;00/00;;00/00;;00/00;;00/00;;00/00;;5;N
SP;UNIAO PAULISTA;NSL;R;A;N;N;S;4;4;0;519;0;0;0;SAOI;;X;X;X;X;X; ;21/03;EMANCIPACAO;24/06;FERIADO MUNICIPAL;09/07;MUNICIPAL;08/09;FERIADO MUNICIPAL;00/00;;00/00;;00/00;;00/00;;00/00;;00/00;;5;N
SP;URANIA;NSL;R;A;N;N;S;5;5;0;606;104;0;0;SAOI;;X;X;X;X;X; ;13/06;EMANCIPACAO;09/07;REVOLUCAO CONSTITUCIONALISTA;05/10;FERIADO MUNICIPAL;20/11;FERIADO MUNICIPAL;08/12;MUNICIPAL;00/00;;00/00;;00/00;;00/00;;00/00;;5;N
SP;URU;NSL;R;A;N;N;S;4;4;0;389;0;0;0;SAOI;;X;X;X;X;X; ;20/01;FERIADO MUNICIPAL;13/06;EMANCIPACAO;09/07;FERIADO MUNICIPAL;00/00;;00/00;;00/00;;00/00;;00/00;;00/00;;00/00;;5;N
SP;URUPES;NSL;R;A;N;N;S;4;4;0;431;65;0;0;SAOI;;X;X;X;X;X; ;09/07;FERIADO MUNICIPAL;10/08;FERIADO MUNICIPAL;24/09;ANIVERSARIO DA CIDADE;00/00;;00/00;;00/00;;00/00;;00/00;;00/00;;00/00;;5;N
SP;VALENTIM GENTIL;NSL;P;A;N;N;S;5;5;0;545;104;0;0;SAOI;;X;X;X;X;X; ;20/01;FERIADO MUNICIPAL;03/05;ANIVERSARIO DA CIDADE;09/07;MUNICIPAL;00/00;;00/00;;00/00;;00/00;;00/00;;00/00;;00/00;;5;N
SP;VALINHOS;PSP;P;A;N;S;S;2;2;0;103;0;0;0;SPOR;;X;X;X;X;X; ;20/01;FERIADO MUNICIPAL;09/07;REVOLUCAO CONSTITUCIONALISTA;20/11;CONSCIENCIA NEGRA;00/00;;00/00;;00/00;;00/00;;00/00;;00/00;;00/00;;5;N
SP;VALPARAISO;RSO;P;A;N;N;S;4;4;0;534;0;0;0;SAOI;;X;X;X;X;X; ;24/05;FERIADO MUNICIPAL;30/05;ANIVERSARIO DA CIDADE;09/07;FERIADO MUNICIPAL;15/08;FERIADO MUNICIPAL;00/00;;00/00;;00/00;;00/00;;00/00;;00/00;;5;N
SP;VARGEM;RSO;P;A;N;N;S;3;3;0;122;59,8;0;0;SAOI;;X;X;X;X;X; ;13/06;FERIADO MUNICIPAL;09/07;MUNICIPAL;20/11;MUNICIPAL;08/12;MUNICIPAL;30/12;ANIVERSARIO DA CIDADE;00/00;;00/00;;00/00;;00/00;;00/00;;5;N
SP;VARGEM GRANDE DO SUL;LFN;I;A;N;N;S;3;3;0;231;0;0;0;SAOI;;X;X;X;X;X; ;09/07;MUNICIPAL;26/07;FERIADO MUNICIPAL;26/09;ANIVERSARIO DA CIDADE;00/00;;00/00;;00/00;;00/00;;00/00;;00/00;;00/00;;5;N
SP;VARGEM GRANDE PAULISTA;SPO;P;A;N;S;S;3;3;0;70;0;0;0;SPOP;PRAZO ALTERADO SOLICITADA  THAIS DEFINIDO EM REUNIAO 25/03;X;X;X;X;X; ;09/07;FERIADO MUNICIPAL;27/11;ANIVERSARIO DA CIDADE;00/00;;00/00;;00/00;;00/00;;00/00;;00/00;;00/00;;00/00;;5;N
SP;VARZEA PAULISTA;PSP;R;A;N;S;S;3;3;0;71;0;0;0;SPOR;; ;X; ; ; ; ;00/00;;00/00;;00/00;;00/00;;00/00;;00/00;;00/00;;00/00;;00/00;;00/00;;5;N
SP;VERA CRUZ;NSL;P;A;N;N;S;5;5;0;393;104;0;0;SAOI;;X;X;X;X;X; ;25/01;ANIVERSARIO DA CIDADE;09/07;FERIADO MUNICIPAL;00/00;;00/00;;00/00;;00/00;;00/00;;00/00;;00/00;;00/00;;5;N
SP;VINHEDO;PSP;P;A;N;S;S;2;2;0;90;0;0;0;SPOR;;X;X;X;X;X; ;02/04;ANIVERSARIO DA CIDADE;09/07;REVOLUCAO CONSTITUCIONALISTA;26/07;FERIADO MUNICIPAL;00/00;;00/00;;00/00;;00/00;;00/00;;00/00;;00/00;;5;N
SP;VIRADOURO;LFN;P;A;N;N;S;3;3;0;408;0;0;10;SAOI;;X;X;X;X;X; ;23/03;EMANCIPACAO;04/04;FERIADO MUNICIPAL;29/06;FERIADO MUNICIPAL;09/07;FERIADO MUNICIPAL;00/00;;00/00;;00/00;;00/00;;00/00;;00/00;;5;N
SP;VISTA ALEGRE DO ALTO;NSL;R;A;N;N;S;4;4;0;380;65;0;0;SAOI;;X;X;X;X;X; ;18/02;FERIADO;25/03;FERIADO MUNICIPAL;22/05;FERIADO MUNICIPAL;09/07;FERIADO MUNICIPAL;00/00;;00/00;;00/00;;00/00;;00/00;;00/00;;5;N
SP;VITORIA BRASIL;RSO;I;A;N;N;S;5;5;0;599;59,8;0;0;SAOI;;X;X;X;X;X; ;00/00;;00/00;;00/00;;00/00;;00/00;;00/00;;00/00;;00/00;;00/00;;00/00;;5;N
SP;VOTORANTIM;SOD;P;A;N;N;S;2;2;0;76;0;0;0;SODP;;X;X;X;X;X; ;09/07;FERIADO MUNICIPAL;20/11;FERIADO MUNICIPAL;08/12;ANIVERSARIO DA CIDADE;00/00;;00/00;;00/00;;00/00;;00/00;;00/00;;00/00;;5;N
SP;VOTUPORANGA;NSL;P;A;N;N;S;5;5;0;530;104;0;0;SAOI;;X;X;X;X;X; ;09/07;FERIADO MUNICIPAL;08/08;ANIVERSARIO DA CIDADE;00/00;;00/00;;00/00;;00/00;;00/00;;00/00;;00/00;;00/00;;5;N
SP;ZACARIAS;RSO;I;A;N;N;S;5;5;0;510;59,8;0;0;SAOI;;X;X;X;X;X; ;00/00;;00/00;;00/00;;00/00;;00/00;;00/00;;00/00;;00/00;;00/00;;00/00;;5;N
